Date,Open,High,Low,Close,AdjClose,Volume
1999-01-22,0.04374999925494194,0.04882799834012985,0.038802001625299454,0.041016001254320145,0.037517085671424866,2714688000
1999-01-25,0.04427099972963333,0.04583299905061722,0.041016001254320145,0.04531300067901611,0.04144752398133278,510480000
1999-01-26,0.04583299905061722,0.046744998544454575,0.04114599898457527,0.04179700091481209,0.038231465965509415,343200000
1999-01-27,0.041926998645067215,0.04296899959445,0.0395830012857914,0.04166699945926666,0.038112565875053406,244368000
1999-01-28,0.04166699945926666,0.041926998645067215,0.0412760004401207,0.04153599962592125,0.03799273446202278,227520000
1999-01-29,0.04153599962592125,0.04166699945926666,0.0395830012857914,0.0395830012857914,0.036206334829330444,244032000
1999-02-01,0.0395830012857914,0.04062499850988388,0.0395830012857914,0.04036499932408333,0.036921627819538116,154704000
1999-02-02,0.0395830012857914,0.04062499850988388,0.03606799989938736,0.03723999857902527,0.034063201397657394,264096000
1999-02-03,0.036719001829624176,0.0385419987142086,0.03645800054073334,0.03802099823951721,0.03477758541703224,75120000
1999-02-04,0.0385419987142086,0.04114599898457527,0.03802099823951721,0.04010400176048279,0.036682892590761185,181920000
1999-02-05,0.040754999965429306,0.04166699945926666,0.03971400111913681,0.0412760004401207,0.03775491192936897,136848000
1999-02-08,0.04153599962592125,0.04166699945926666,0.03984399884939194,0.03984399884939194,0.036445047706365585,154080000
1999-02-09,0.04062499850988388,0.04088500142097473,0.03776000067591667,0.03828100115060806,0.035015400499105453,86976000
1999-02-10,0.03828100115060806,0.039322998374700546,0.03723999857902527,0.037891000509262085,0.034658681601285934,148224000
1999-02-11,0.03802099823951721,0.04270799830555916,0.03802099823951721,0.04114599898457527,0.03763598948717117,132240000
1999-02-12,0.04166699945926666,0.04374999925494194,0.04166699945926666,0.04349000006914139,0.03978004306554794,109728000
1999-02-16,0.04427099972963333,0.04609400033950806,0.039322998374700546,0.04374999925494194,0.04001786932349205,211008000
1999-02-17,0.04270799830555916,0.04322899878025055,0.04062499850988388,0.041405998170375824,0.03787381574511528,67728000
1999-02-18,0.04270799830555916,0.04322899878025055,0.04088500142097473,0.04205700010061264,0.03846928849816322,70704000
1999-02-19,0.04166699945926666,0.04427099972963333,0.04114599898457527,0.04349000006914139,0.03978004306554794,75360000
1999-02-22,0.04427099972963333,0.04479200020432472,0.041405998170375824,0.04374999925494194,0.04001786932349205,205248000
1999-02-23,0.04479200020432472,0.046744998544454575,0.042187999933958054,0.04583299905061722,0.0419231653213501,138096000
1999-02-24,0.05260400101542473,0.054687999188899994,0.04830700159072876,0.04947900027036667,0.04525815322995186,612768000
1999-02-25,0.051562998443841934,0.05312500149011612,0.04713499918580055,0.04791700094938278,0.04382941499352455,149136000
1999-02-26,0.04843800142407417,0.05000000074505806,0.04531300067901611,0.04570300132036209,0.04180425778031349,172608000
1999-03-01,0.046875,0.04791700094938278,0.04374999925494194,0.04596399888396263,0.04204300045967102,92160000
1999-03-02,0.04583299905061722,0.04609400033950806,0.04479200020432472,0.045572999864816666,0.041685353964567184,55248000
1999-03-03,0.04583299905061722,0.04583299905061722,0.042187999933958054,0.042447999119758606,0.038826923817396164,61392000
1999-03-04,0.044530998915433884,0.04479200020432472,0.04114599898457527,0.04153599962592125,0.03799273446202278,57360000
1999-03-05,0.041926998645067215,0.04400999844074249,0.041926998645067215,0.043880000710487366,0.04013677313923836,78768000
1999-03-08,0.04270799830555916,0.04583299905061722,0.041926998645067215,0.044530998915433884,0.040732242166996,75888000
1999-03-09,0.04440100118517876,0.04661500081419945,0.04440100118517876,0.04596399888396263,0.04204300045967102,143184000
1999-03-10,0.04661500081419945,0.04661500081419945,0.044530998915433884,0.0451820008456707,0.04132772237062454,235344000
1999-03-11,0.04440100118517876,0.0451820008456707,0.04322899878025055,0.04322899878025055,0.03954130411148071,54288000
1999-03-12,0.04349000006914139,0.04349000006914139,0.04166699945926666,0.042447999119758606,0.038826923817396164,90768000
1999-03-15,0.04349000006914139,0.04479200020432472,0.04322899878025055,0.04427099972963333,0.040494419634342194,108816000
1999-03-16,0.044530998915433884,0.045051999390125275,0.042447999119758606,0.04283899813890457,0.039184585213661194,79152000
1999-03-17,0.04322899878025055,0.04400999844074249,0.04205700010061264,0.04309900104999542,0.03942238539457321,51360000
1999-03-18,0.04322899878025055,0.04427099972963333,0.042187999933958054,0.04362000152468681,0.03989894688129425,46320000
1999-03-19,0.04349000006914139,0.045051999390125275,0.04349000006914139,0.04374999925494194,0.04001786932349205,105312000
1999-03-22,0.04466100037097931,0.04479200020432472,0.042447999119758606,0.042447999119758606,0.038826923817396164,36672000
1999-03-23,0.04270799830555916,0.04270799830555916,0.039062999188899994,0.03984399884939194,0.036445047706365585,163968000
1999-03-24,0.0395830012857914,0.03984399884939194,0.03802099823951721,0.0395830012857914,0.036206334829330444,60864000
1999-03-25,0.03945299983024597,0.04166699945926666,0.039322998374700546,0.04010400176048279,0.036682892590761185,40320000
1999-03-26,0.04062499850988388,0.04374999925494194,0.04062499850988388,0.04362000152468681,0.03989894688129425,88272000
1999-03-29,0.04492200165987015,0.04596399888396263,0.044140998274087906,0.04492200165987015,0.04108989238739014,65952000
1999-03-30,0.045051999390125275,0.04544299840927124,0.04088500142097473,0.04114599898457527,0.03763598948717117,69504000
1999-03-31,0.042447999119758606,0.044530998915433884,0.040495000779628754,0.04400999844074249,0.04025568813085556,153600000
1999-04-01,0.04400999844074249,0.04427099972963333,0.041926998645067215,0.04270799830555916,0.03906475380063057,30432000
1999-04-05,0.042187999933958054,0.04322899878025055,0.04114599898457527,0.041405998170375824,0.03787381574511528,98640000
1999-04-06,0.04179700091481209,0.041926998645067215,0.0395830012857914,0.04036499932408333,0.036921627819538116,69696000
1999-04-07,0.04062499850988388,0.04400999844074249,0.04036499932408333,0.04374999925494194,0.04001786932349205,89280000
1999-04-08,0.04400999844074249,0.04583299905061722,0.04349000006914139,0.044530998915433884,0.040732242166996,130128000
1999-04-09,0.04479200020432472,0.04479200020432472,0.04349000006914139,0.04374999925494194,0.04001786932349205,48624000
1999-04-12,0.04322899878025055,0.04322899878025055,0.04114599898457527,0.041926998645067215,0.03835037350654602,33312000
1999-04-13,0.04270799830555916,0.04270799830555916,0.0395830012857914,0.040233999490737915,0.03680179640650749,36144000
1999-04-14,0.04010400176048279,0.041016001254320145,0.039062999188899994,0.039062999188899994,0.03573067858815193,48288000
1999-04-15,0.04010400176048279,0.04010400176048279,0.039062999188899994,0.04010400176048279,0.036682892590761185,35856000
1999-04-16,0.03984399884939194,0.04205700010061264,0.03984399884939194,0.041405998170375824,0.03787381574511528,38928000
1999-04-19,0.041926998645067215,0.041926998645067215,0.039062999188899994,0.0395830012857914,0.036206334829330444,31296000
1999-04-20,0.0395830012857914,0.04114599898457527,0.03841099888086319,0.038802001625299454,0.03549196198582649,67680000
1999-04-21,0.038802001625299454,0.0395830012857914,0.0385419987142086,0.03945299983024597,0.03608743101358414,37488000
1999-04-22,0.0395830012857914,0.0395830012857914,0.037370000034570694,0.03776000067591667,0.03453884273767471,227184000
1999-04-23,0.037629999220371246,0.03776000067591667,0.035677000880241394,0.035937998443841934,0.032872274518013,126048000
1999-04-26,0.035937998443841934,0.03645800054073334,0.03333299979567528,0.03411500155925751,0.03120478428900242,123504000
1999-04-27,0.03489600121974945,0.03802099823951721,0.03437500074505806,0.03776000067591667,0.03453884273767471,226944000
1999-04-28,0.03802099823951721,0.03802099823951721,0.03632799908518791,0.03750000149011612,0.034301020205020905,120096000
1999-04-29,0.037629999220371246,0.03776000067591667,0.036719001829624176,0.03750000149011612,0.034301020205020905,48144000
1999-04-30,0.037891000509262085,0.0395830012857914,0.037629999220371246,0.03802099823951721,0.03477758541703224,99312000
1999-05-03,0.03841099888086319,0.03841099888086319,0.03723999857902527,0.03828100115060806,0.035015400499105453,33840000
1999-05-04,0.03828100115060806,0.03828100115060806,0.03541700169444084,0.036198001354932785,0.03311009332537651,96048000
1999-05-05,0.03645800054073334,0.03697900101542473,0.03437500074505806,0.03697900101542473,0.03382447361946106,144576000
1999-05-06,0.036719001829624176,0.03750000149011612,0.03515600040555,0.03626300022006035,0.03316956013441086,35616000
1999-05-07,0.03515600040555,0.036719001829624176,0.03515600040555,0.03645800054073334,0.03334791958332062,25008000
1999-05-10,0.036198001354932785,0.03723999857902527,0.036198001354932785,0.03645800054073334,0.03334791958332062,19680000
1999-05-11,0.03802099823951721,0.0395830012857914,0.03723999857902527,0.03841099888086319,0.03513430804014206,171744000
1999-05-12,0.038802001625299454,0.03971400111913681,0.03828100115060806,0.0395830012857914,0.036206334829330444,168480000
1999-05-13,0.0395830012857914,0.04062499850988388,0.03945299983024597,0.0395830012857914,0.036206334829330444,69936000
1999-05-14,0.0395830012857914,0.0395830012857914,0.03697900101542473,0.03750000149011612,0.034301020205020905,28464000
1999-05-17,0.03697900101542473,0.039322998374700546,0.0368489995598793,0.039322998374700546,0.03596850857138634,35760000
1999-05-18,0.03971400111913681,0.04166699945926666,0.0385419987142086,0.04114599898457527,0.03763598948717117,151536000
1999-05-19,0.04296899959445,0.044530998915433884,0.03867200016975403,0.039322998374700546,0.03596850857138634,451728000
1999-05-20,0.0395830012857914,0.0395830012857914,0.034765999764204025,0.036198001354932785,0.03311009332537651,178176000
1999-05-21,0.035677000880241394,0.035677000880241394,0.03437500074505806,0.03541700169444084,0.032395705580711365,303504000
1999-05-24,0.035677000880241394,0.03645800054073334,0.034765999764204025,0.03528600186109543,0.03227589279413223,162624000
1999-05-25,0.03541700169444084,0.035937998443841934,0.03515600040555,0.03554699942469597,0.03251463174819946,130080000
1999-05-26,0.03541700169444084,0.03723999857902527,0.03541700169444084,0.03541700169444084,0.032395705580711365,104736000
1999-05-27,0.035677000880241394,0.035677000880241394,0.03515600040555,0.03515600040555,0.03215699642896652,82320000
1999-05-28,0.035677000880241394,0.035677000880241394,0.03515600040555,0.03554699942469597,0.03251463174819946,88656000
1999-06-01,0.03541700169444084,0.035677000880241394,0.03489600121974945,0.035677000880241394,0.032633546739816666,98544000
1999-06-02,0.035677000880241394,0.035677000880241394,0.03437500074505806,0.03437500074505806,0.03144259378314018,130128000
1999-06-03,0.03528600186109543,0.03554699942469597,0.03489600121974945,0.03528600186109543,0.03227589279413223,41568000
1999-06-04,0.03554699942469597,0.035677000880241394,0.03528600186109543,0.03554699942469597,0.03251463174819946,78912000
1999-06-07,0.03574199974536896,0.03645800054073334,0.035677000880241394,0.035937998443841934,0.032872274518013,125136000
1999-06-08,0.03606799989938736,0.03750000149011612,0.035937998443841934,0.0368489995598793,0.03370555862784386,153312000
1999-06-09,0.03697900101542473,0.03828100115060806,0.03697900101542473,0.03750000149011612,0.034301020205020905,95184000
1999-06-10,0.03750000149011612,0.03776000067591667,0.03723999857902527,0.037629999220371246,0.034419942647218704,36096000
1999-06-11,0.037629999220371246,0.03776000067591667,0.03554699942469597,0.0368489995598793,0.03370555862784386,61008000
1999-06-14,0.036913998425006866,0.03697900101542473,0.03515600040555,0.03541700169444084,0.032395705580711365,51648000
1999-06-15,0.03541700169444084,0.035677000880241394,0.03489600121974945,0.03541700169444084,0.032395705580711365,49296000
1999-06-16,0.035937998443841934,0.03750000149011612,0.03541700169444084,0.03645800054073334,0.03334791958332062,64416000
1999-06-17,0.036198001354932785,0.036719001829624176,0.03541700169444084,0.03541700169444084,0.032395705580711365,74928000
1999-06-18,0.035677000880241394,0.035677000880241394,0.03411500155925751,0.03411500155925751,0.03120478428900242,158736000
1999-06-21,0.03515600040555,0.035937998443841934,0.03421200066804886,0.035937998443841934,0.032872274518013,83472000
1999-06-22,0.035937998443841934,0.035937998443841934,0.03450499847531319,0.03528600186109543,0.03227589279413223,193056000
1999-06-23,0.03489600121974945,0.035937998443841934,0.03450499847531319,0.035937998443841934,0.032872274518013,210912000
1999-06-24,0.036198001354932785,0.036198001354932785,0.03489600121974945,0.03515600040555,0.03215699642896652,115200000
1999-06-25,0.03489600121974945,0.03606799989938736,0.03489600121974945,0.035677000880241394,0.032633546739816666,73536000
1999-06-28,0.0368489995598793,0.0368489995598793,0.03541700169444084,0.036198001354932785,0.03311009332537651,109152000
1999-06-29,0.036719001829624176,0.037108998745679855,0.036198001354932785,0.03658900037407875,0.033467747271060944,92688000
1999-06-30,0.03776000067591667,0.03984399884939194,0.03697900101542473,0.03984399884939194,0.036445047706365585,269232000
1999-07-01,0.03984399884939194,0.03984399884939194,0.035677000880241394,0.03776000067591667,0.03453884273767471,88992000
1999-07-02,0.03828100115060806,0.040495000779628754,0.03750000149011612,0.040495000779628754,0.037040531635284424,224880000
1999-07-06,0.04088500142097473,0.04088500142097473,0.04010400176048279,0.04062499850988388,0.03715944662690163,198096000
1999-07-07,0.04088500142097473,0.04088500142097473,0.03984399884939194,0.03984399884939194,0.036445047706365585,63120000
1999-07-08,0.04010400176048279,0.041405998170375824,0.038802001625299454,0.040754999965429306,0.03727836534380913,186048000
1999-07-09,0.04062499850988388,0.044530998915433884,0.04062499850988388,0.04420600086450577,0.040434956550598145,211728000
1999-07-12,0.046875,0.048177000135183334,0.045051999390125275,0.04622400179505348,0.04228081926703453,401040000
1999-07-13,0.046744998544454575,0.047005001455545425,0.04427099972963333,0.04635399952530861,0.04239971563220024,138864000
1999-07-14,0.04635399952530861,0.04739600047469139,0.04427099972963333,0.044530998915433884,0.040732242166996,137952000
1999-07-15,0.04492200165987015,0.04635399952530861,0.04479200020432472,0.04479200020432472,0.040970973670482635,137040000
1999-07-16,0.045572999864816666,0.04609400033950806,0.04479200020432472,0.04570300132036209,0.04180425778031349,103872000
1999-07-19,0.04583299905061722,0.04596399888396263,0.04427099972963333,0.044530998915433884,0.040732242166996,43632000
1999-07-20,0.044530998915433884,0.044530998915433884,0.042187999933958054,0.04374999925494194,0.04001786932349205,178752000
1999-07-21,0.04322899878025055,0.04322899878025055,0.04114599898457527,0.042447999119758606,0.038826923817396164,112080000
1999-07-22,0.042187999933958054,0.042187999933958054,0.04010400176048279,0.040495000779628754,0.037040531635284424,213264000
1999-07-23,0.04036499932408333,0.04166699945926666,0.04036499932408333,0.040495000779628754,0.037040531635284424,80256000
1999-07-26,0.04153599962592125,0.04153599962592125,0.04062499850988388,0.04062499850988388,0.03715944662690163,60528000
1999-07-27,0.04062499850988388,0.04088500142097473,0.04010400176048279,0.040754999965429306,0.03727836534380913,98592000
1999-07-28,0.04062499850988388,0.041926998645067215,0.040495000779628754,0.041405998170375824,0.03787381574511528,244224000
1999-07-29,0.04062499850988388,0.041926998645067215,0.04036499932408333,0.04179700091481209,0.038231465965509415,388800000
1999-07-30,0.04179700091481209,0.04296899959445,0.04166699945926666,0.041926998645067215,0.03835037350654602,452304000
1999-08-02,0.041926998645067215,0.042447999119758606,0.04166699945926666,0.04231800138950348,0.038708027452230453,313344000
1999-08-03,0.04231800138950348,0.04231800138950348,0.04088500142097473,0.0412760004401207,0.03775491192936897,255216000
1999-08-04,0.04153599962592125,0.04166699945926666,0.04114599898457527,0.0412760004401207,0.03775491192936897,89952000
1999-08-05,0.0412760004401207,0.041926998645067215,0.04062499850988388,0.041926998645067215,0.03835037350654602,240576000
1999-08-06,0.04179700091481209,0.04205700010061264,0.04166699945926666,0.041926998645067215,0.03835037350654602,183984000
1999-08-09,0.04205700010061264,0.042447999119758606,0.04166699945926666,0.041926998645067215,0.03835037350654602,31056000
1999-08-10,0.042187999933958054,0.044530998915433884,0.041926998645067215,0.04270799830555916,0.03906475380063057,212064000
1999-08-11,0.04349000006914139,0.04609400033950806,0.04296899959445,0.045572999864816666,0.041685353964567184,197712000
1999-08-12,0.04583299905061722,0.04895799979567528,0.045572999864816666,0.04778600111603737,0.043709564954042435,239616000
1999-08-13,0.04739600047469139,0.04830700159072876,0.046875,0.047265999019145966,0.04323391988873482,84672000
1999-08-16,0.04765599966049194,0.04765599966049194,0.043880000710487366,0.04544299840927124,0.041566431522369385,223440000
1999-08-17,0.045572999864816666,0.04635399952530861,0.04440100118517876,0.045572999864816666,0.041685353964567184,193536000
1999-08-18,0.045051999390125275,0.04713499918580055,0.044140998274087906,0.04661500081419945,0.042638469487428665,279888000
1999-08-19,0.049869999289512634,0.05911500006914139,0.048177000135183334,0.05651000142097473,0.05168936774134636,1966992000
1999-08-20,0.056641001254320145,0.057030998170375824,0.05390600115060806,0.05598999932408333,0.051213715225458145,353088000
1999-08-23,0.0552080012857914,0.0552080012857914,0.05078100040555,0.05260400101542473,0.04811656475067139,507984000
1999-08-24,0.051823001354932785,0.05286499857902527,0.049219001084566116,0.052344001829624176,0.04787874221801758,398064000
1999-08-25,0.0524739995598793,0.052995000034570694,0.05000000074505806,0.05208300054073334,0.04764001816511154,350352000
1999-08-26,0.05208300054073334,0.05286499857902527,0.05052100121974945,0.051302000880241394,0.04692564159631729,275376000
1999-08-27,0.052344001829624176,0.05624999850988388,0.05208300054073334,0.0541669987142086,0.04954623058438301,552384000
1999-08-30,0.05507799983024597,0.056120000779628754,0.05169299989938736,0.053971000015735626,0.04936696216464043,158640000
1999-08-31,0.0541669987142086,0.05885399878025055,0.05312500149011612,0.05859399959445,0.053595587611198425,786864000
1999-09-01,0.05859399959445,0.05859399959445,0.054947998374700546,0.055858999490737915,0.05109389126300812,565344000
1999-09-02,0.05403599888086319,0.05546899884939194,0.05286499857902527,0.0552080012857914,0.050498414784669876,341088000
1999-09-03,0.05624999850988388,0.057030998170375824,0.0552080012857914,0.05559900030493736,0.05085606873035431,258864000
1999-09-07,0.05651000142097473,0.05651000142097473,0.05507799983024597,0.05533900111913681,0.05061826482415199,124416000
1999-09-08,0.05546899884939194,0.055858999490737915,0.0552080012857914,0.0552080012857914,0.050498414784669876,170064000
1999-09-09,0.05572900176048279,0.056120000779628754,0.05338500067591667,0.054427001625299454,0.04978404939174652,209472000
1999-09-10,0.05533900111913681,0.05598999932408333,0.054947998374700546,0.0552080012857914,0.050498414784669876,167424000
1999-09-13,0.05546899884939194,0.05546899884939194,0.05286499857902527,0.05338500067591667,0.048830945044755936,174432000
1999-09-14,0.05338500067591667,0.05338500067591667,0.051562998443841934,0.051823001354932785,0.047402191907167435,250368000
1999-09-15,0.05117199942469597,0.05286499857902527,0.05078100040555,0.05221400037407875,0.04775984212756157,212736000
1999-09-16,0.051562998443841934,0.05208300054073334,0.05025999993085861,0.05091100186109543,0.04656798765063286,158112000
1999-09-17,0.050586000084877014,0.05104200169444084,0.04895799979567528,0.05078100040555,0.04644908756017685,171648000
1999-09-20,0.049869999289512634,0.05052100121974945,0.04895799979567528,0.04895799979567528,0.04478159174323082,229104000
1999-09-21,0.04791700094938278,0.048177000135183334,0.04362000152468681,0.04427099972963333,0.040494419634342194,737328000
1999-09-22,0.04427099972963333,0.045572999864816666,0.04166699945926666,0.04531300067901611,0.04144752398133278,375984000
1999-09-23,0.04544299840927124,0.045572999864816666,0.04114599898457527,0.04153599962592125,0.03799273446202278,379584000
1999-09-24,0.04166699945926666,0.04270799830555916,0.03489600121974945,0.03776000067591667,0.03453884273767471,684912000
1999-09-27,0.040233999490737915,0.04088500142097473,0.03776000067591667,0.04010400176048279,0.036682892590761185,432000000
1999-09-28,0.04016900062561035,0.04427099972963333,0.04010400176048279,0.04374999925494194,0.04001786932349205,413184000
1999-09-29,0.04466100037097931,0.04635399952530861,0.0395830012857914,0.040233999490737915,0.03680179640650749,594048000
1999-09-30,0.04166699945926666,0.04296899959445,0.0395830012857914,0.04010400176048279,0.036682892590761185,342528000
1999-10-01,0.03945299983024597,0.04088500142097473,0.03776000067591667,0.03984399884939194,0.036445047706365585,347760000
1999-10-04,0.04114599898457527,0.0412760004401207,0.04010400176048279,0.04062499850988388,0.03715944662690163,177600000
1999-10-05,0.04062499850988388,0.04479200020432472,0.04062499850988388,0.044530998915433884,0.040732242166996,478080000
1999-10-06,0.04466100037097931,0.05208300054073334,0.04427099972963333,0.049869999289512634,0.045615795999765396,1508736000
1999-10-07,0.05195299908518791,0.05195299908518791,0.04635399952530861,0.04661500081419945,0.042638469487428665,487296000
1999-10-08,0.04661500081419945,0.050390999764204025,0.04479200020432472,0.04895799979567528,0.04478159174323082,398928000
1999-10-11,0.04934899881482124,0.04947900027036667,0.04635399952530861,0.04765599966049194,0.04359067231416702,544464000
1999-10-12,0.04791700094938278,0.04843800142407417,0.046875,0.047005001455545425,0.04299519956111908,322992000
1999-10-13,0.046484000980854034,0.046484000980854034,0.04479200020432472,0.04570300132036209,0.04180425778031349,280368000
1999-10-14,0.04583299905061722,0.04583299905061722,0.04427099972963333,0.04479200020432472,0.040970973670482635,192336000
1999-10-15,0.04257800057530403,0.04479200020432472,0.042447999119758606,0.044530998915433884,0.040732242166996,210720000
1999-10-18,0.04466100037097931,0.04466100037097931,0.041926998645067215,0.042187999933958054,0.03858910873532295,215184000
1999-10-19,0.04349000006914139,0.04349000006914139,0.03971400111913681,0.040495000779628754,0.037040531635284424,308928000
1999-10-20,0.04114599898457527,0.042447999119758606,0.040495000779628754,0.041926998645067215,0.03835037350654602,348720000
1999-10-21,0.04179700091481209,0.043880000710487366,0.04062499850988388,0.043880000710487366,0.04013677313923836,382128000
1999-10-22,0.04374999925494194,0.04622400179505348,0.04374999925494194,0.04492200165987015,0.04108989238739014,286752000
1999-10-25,0.04466100037097931,0.04531300067901611,0.04270799830555916,0.04270799830555916,0.03906475380063057,213840000
1999-10-26,0.044530998915433884,0.04843800142407417,0.04427099972963333,0.046875,0.04287628084421158,481248000
1999-10-27,0.04713499918580055,0.04739600047469139,0.04400999844074249,0.04479200020432472,0.040970973670482635,214128000
1999-10-28,0.045051999390125275,0.04583299905061722,0.042447999119758606,0.04270799830555916,0.03906475380063057,222768000
1999-10-29,0.04322899878025055,0.046875,0.04296899959445,0.04609400033950806,0.042161911725997925,330528000
1999-11-01,0.04531300067901611,0.05078100040555,0.04531300067901611,0.04895799979567528,0.04478159174323082,782544000
1999-11-02,0.049869999289512634,0.052344001829624176,0.04947900027036667,0.05208300054073334,0.04764001816511154,837504000
1999-11-03,0.0541669987142086,0.05859399959445,0.05377599969506264,0.05716099962592125,0.05228482931852341,2011680000
1999-11-04,0.057812999933958054,0.062369998544454575,0.057812999933958054,0.0608070008456707,0.055619798600673676,1260336000
1999-11-05,0.0625,0.06302099674940109,0.05598999932408333,0.05885399878025055,0.05383340269327164,616368000
1999-11-08,0.057030998170375824,0.06224000081419945,0.0552080012857914,0.06054700165987015,0.05538197606801987,470016000
1999-11-09,0.06041700020432472,0.060676999390125275,0.05729199945926666,0.05963499844074249,0.05454777553677559,272352000
1999-11-10,0.05983100086450577,0.05989599972963333,0.05794300138950348,0.05911500006914139,0.05407213419675827,144048000
1999-11-11,0.05911500006914139,0.0664059966802597,0.057812999933958054,0.06328099966049194,0.05788276344537735,562704000
1999-11-12,0.06601600348949432,0.06666699796915054,0.06224000081419945,0.06666699796915054,0.060979899019002914,501504000
1999-11-15,0.06712199747562408,0.06914100050926208,0.06432300060987473,0.06536500155925751,0.05978896841406822,362208000
1999-11-16,0.0669270008802414,0.07291699945926666,0.06666699796915054,0.07161500304937363,0.06550582498311996,723792000
1999-11-17,0.07291699945926666,0.078125,0.07187499850988388,0.07434900104999542,0.06800657510757446,786384000
1999-11-18,0.07591100037097931,0.07656300067901611,0.07395800203084946,0.07460899651050568,0.06824442744255066,235968000
1999-11-19,0.08359400182962418,0.09244800359010696,0.08333300054073334,0.0893229991197586,0.08170320093631744,2165184000
1999-11-22,0.09160199761390686,0.09166699647903442,0.08385399729013443,0.08919300138950348,0.08158429712057114,540192000
1999-11-23,0.08007799834012985,0.0837239995598793,0.07916700094938278,0.08281300216913223,0.07574854046106339,553248000
1999-11-24,0.08242200314998627,0.08333300054073334,0.07408899813890457,0.08020800352096558,0.07336578518152237,406848000
1999-11-26,0.07942699640989304,0.08020800352096558,0.07708299905061722,0.07968799769878387,0.07289009541273117,71760000
1999-11-29,0.07942699640989304,0.08046899735927582,0.07500000298023224,0.07682300359010696,0.07026953250169754,298608000
1999-11-30,0.07708299905061722,0.07838500291109085,0.07213500142097473,0.07213500142097473,0.06598144769668579,314688000
1999-12-01,0.07213500142097473,0.07682300359010696,0.07213500142097473,0.07578100264072418,0.06931644678115845,223536000
1999-12-02,0.07604199647903442,0.08242200314998627,0.07604199647903442,0.08138000220060349,0.07443779706954956,309888000
1999-12-03,0.08216100186109543,0.08359400182962418,0.07838500291109085,0.07942699640989304,0.07265140861272812,342768000
1999-12-06,0.07968799769878387,0.0820309966802597,0.07968799769878387,0.08164100348949432,0.07467653602361679,178608000
1999-12-07,0.08229199796915054,0.08242200314998627,0.07578100264072418,0.07890599966049194,0.07217486202716827,186384000
1999-12-08,0.07864599674940109,0.08320300281047821,0.07838500291109085,0.08242200314998627,0.07539092004299164,201696000
1999-12-09,0.08229199796915054,0.08437500149011612,0.07708299905061722,0.07994800060987473,0.07312797755002975,214944000
1999-12-10,0.08138000220060349,0.08177100121974945,0.07760400325059891,0.07903599739074707,0.07229376584291458,98304000
1999-12-13,0.078125,0.0808589980006218,0.07708299905061722,0.07877600193023682,0.07205590605735779,183840000
1999-12-14,0.07890599966049194,0.0808589980006218,0.07669299840927124,0.07747399806976318,0.07086500525474548,273888000
1999-12-15,0.07695300132036209,0.07734400033950806,0.07317700237035751,0.07500000298023224,0.06860204041004181,205968000
1999-12-16,0.0753910019993782,0.07656300067901611,0.0742190033197403,0.07447899878025055,0.06812550127506256,132576000
1999-12-17,0.07656300067901611,0.07955700159072876,0.07617200165987015,0.07838500291109085,0.07169825583696365,262080000
1999-12-20,0.07851599901914597,0.08642599731683731,0.07578100264072418,0.08489599823951721,0.07765384763479233,402432000
1999-12-21,0.08489599823951721,0.08867199718952179,0.08177100121974945,0.08854199945926666,0.08098883926868439,388368000
1999-12-22,0.08880200237035751,0.09166699647903442,0.0854170024394989,0.09062500298023224,0.08289415389299393,251184000
1999-12-23,0.09075500071048737,0.09687499701976776,0.09036500006914139,0.09661500155925751,0.08837319910526276,280224000
1999-12-27,0.09869799762964249,0.09882800281047821,0.09192699939012527,0.09296900033950806,0.0850382000207901,202416000
1999-12-28,0.09296900033950806,0.09635400027036667,0.09244800359010696,0.09270799905061722,0.08479943126440048,179184000
1999-12-29,0.09251300245523453,0.09687499701976776,0.09244800359010696,0.09583300352096558,0.08765789866447449,132144000
1999-12-30,0.09583300352096558,0.09726600348949432,0.09427099674940109,0.09661500155925751,0.08837319910526276,139776000
1999-12-31,0.09641899913549423,0.09791699796915054,0.09609399735927582,0.09778600186109543,0.08944426476955414,127344000
2000-01-03,0.09843800216913223,0.09921900182962418,0.09192699939012527,0.09752599895000458,0.08920645713806152,300912000
2000-01-04,0.09583300352096558,0.09609399735927582,0.09010399878025055,0.09492199867963791,0.08682459592819214,300480000
2000-01-05,0.09218800067901611,0.09375,0.09049499779939651,0.09179700165987015,0.08396616578102112,188352000
2000-01-06,0.09179700165987015,0.09179700165987015,0.08229199796915054,0.08580700308084488,0.07848715037107468,120480000
2000-01-07,0.0854170024394989,0.0881510004401207,0.08411499857902527,0.08724000304937363,0.0797978937625885,71184000
2000-01-10,0.08749999850988388,0.09375,0.0859379991889,0.09010399878025055,0.08241758495569229,239856000
2000-01-11,0.08958300203084946,0.09062500298023224,0.0864579975605011,0.0864579975605011,0.07908260822296143,148128000
2000-01-12,0.0864579975605011,0.08658900111913681,0.08307299762964249,0.0842449963092804,0.07705841213464737,123552000
2000-01-13,0.08411499857902527,0.08854199945926666,0.08307299762964249,0.08776000142097473,0.08027354627847672,132192000
2000-01-14,0.08906300365924835,0.09518200159072876,0.08880200237035751,0.09153600037097931,0.08372743427753448,604560000
2000-01-18,0.09270799905061722,0.09583300352096558,0.08854199945926666,0.0954430028796196,0.08730112761259079,261648000
2000-01-19,0.09583300352096558,0.09583300352096558,0.09375,0.09453099966049194,0.08646692335605621,164688000
2000-01-20,0.09531299769878387,0.10052099823951721,0.09348999708890915,0.09427099674940109,0.0862291231751442,179568000
2000-01-21,0.09401000291109085,0.09440100193023682,0.09088499844074249,0.09322900325059891,0.08527602255344391,544272000
2000-01-24,0.09622400254011154,0.09622400254011154,0.08854199945926666,0.08906300365924835,0.08146538585424423,256944000
2000-01-25,0.08945299685001373,0.09036500006914139,0.0854170024394989,0.08828099817037582,0.08075010031461716,237120000
2000-01-26,0.08828099817037582,0.09062500298023224,0.08307299762964249,0.08463499695062637,0.07741514593362808,232464000
2000-01-27,0.08528599888086319,0.08528599888086319,0.07708299905061722,0.08020800352096558,0.07336578518152237,458208000
2000-01-28,0.07916700094938278,0.07968799769878387,0.07474000006914139,0.07786499708890915,0.07122265547513962,194448000
2000-01-31,0.07825499773025513,0.07994800060987473,0.07291699945926666,0.07721400260925293,0.07062720507383347,182400000
2000-02-01,0.07734400033950806,0.07968799769878387,0.07447899878025055,0.07903599739074707,0.07229376584291458,92976000
2000-02-02,0.07942699640989304,0.08281300216913223,0.07903599739074707,0.08124999701976776,0.07431889325380325,149040000
2000-02-03,0.08385399729013443,0.08554700016975403,0.0820309966802597,0.0825520008802414,0.07550982385873795,108240000
2000-02-04,0.08515600115060806,0.08515600115060806,0.08281300216913223,0.08450499922037125,0.07729620486497879,123696000
2000-02-07,0.08489599823951721,0.08489599823951721,0.07916700094938278,0.07929699867963791,0.07253250479698181,217488000
2000-02-08,0.08124999701976776,0.0859379991889,0.07916700094938278,0.08307299762964249,0.07598638534545898,468816000
2000-02-09,0.08619800209999084,0.0876300036907196,0.08502600342035294,0.08515600115060806,0.07789167016744614,589056000
2000-02-10,0.09036500006914139,0.10416699945926666,0.09036500006914139,0.10260400176048279,0.09385128319263458,970080000
2000-02-11,0.1076819971203804,0.10781300067901611,0.09661500155925751,0.10416699945926666,0.09528093785047531,423792000
2000-02-14,0.10442700237035751,0.12083300203084946,0.10338500142097473,0.12083300203084946,0.11052524298429489,650112000
2000-02-15,0.1210940033197403,0.12122400104999542,0.11119800060987473,0.11614599823951721,0.10623803734779358,450480000
2000-02-16,0.11744800209999084,0.1255210041999817,0.11614599823951721,0.12148399651050568,0.11112070828676224,1019568000
2000-02-17,0.12135399878025055,0.12656299769878387,0.11953099817037582,0.12578099966049194,0.11505114287137985,535776000
2000-02-18,0.12395799905061722,0.14218799769878387,0.12304700165987015,0.14036500453948975,0.12839098274707794,960864000
2000-02-22,0.13593800365924835,0.1377599984407425,0.13124999403953552,0.13645799458026886,0.12481727451086044,542496000
2000-02-23,0.13489599525928497,0.13867199420928955,0.13320299983024597,0.1372399926185608,0.1255326271057129,511392000
2000-02-24,0.13802100718021393,0.138932004570961,0.13020800054073334,0.13593800365924835,0.12434167414903641,244320000
2000-02-25,0.13606800138950348,0.13606800138950348,0.12187500298023224,0.12747399508953094,0.11659970134496689,278736000
2000-02-28,0.12682299315929413,0.12812499701976776,0.12447900325059891,0.12656299769878387,0.11576645076274872,517872000
2000-02-29,0.12578099966049194,0.13489599525928497,0.12578099966049194,0.1333329975605011,0.12195888161659241,306048000
2000-03-01,0.1333329975605011,0.1333329975605011,0.12734399735927582,0.1294270008802414,0.11838611215353012,383568000
2000-03-02,0.13046899437904358,0.13046899437904358,0.12031300365924835,0.12070299685001373,0.1104063168168068,191040000
2000-03-03,0.12083300203084946,0.12395799905061722,0.11979199945926666,0.12265600264072418,0.11219273507595062,273696000
2000-03-06,0.12343800067901611,0.1328130066394806,0.12083300203084946,0.12187500298023224,0.11147834360599518,432096000
2000-03-07,0.15625,0.18177099525928497,0.1494790017604828,0.173567995429039,0.15876160562038422,1952208000
2000-03-08,0.17347000539302826,0.17656299471855164,0.16093799471855164,0.17499999701976776,0.1600714772939682,668736000
2000-03-09,0.17708300054073334,0.22499999403953552,0.17656299471855164,0.20895199477672577,0.19112716615200043,952944000
2000-03-10,0.21979199349880219,0.30208298563957214,0.2182289958000183,0.24583299458026886,0.22486194968223572,2161200000
2000-03-13,0.22291700541973114,0.3125,0.22083300352096558,0.3109380006790161,0.28441309928894043,2415168000
2000-03-14,0.3092449903488159,0.3092449903488159,0.22499999403953552,0.22942699491977692,0.20985549688339233,1567776000
2000-03-15,0.24586600065231323,0.2522140145301819,0.21250000596046448,0.22005200386047363,0.20128028094768524,995616000
2000-03-16,0.2270829975605011,0.2348960041999817,0.19296899437904358,0.1961909979581833,0.1794547438621521,750384000
2000-03-17,0.19166700541973114,0.22291700541973114,0.19163399934768677,0.20807300508022308,0.19032315909862518,557616000
2000-03-20,0.21627600491046906,0.2231770008802414,0.20130200684070587,0.20794300734996796,0.19020424783229828,365280000
2000-03-21,0.20833300054073334,0.21015599370002747,0.18125000596046448,0.19765600562095642,0.18079471588134766,536640000
2000-03-22,0.1992190033197403,0.20520800352096558,0.1958329975605011,0.19908900558948517,0.18210552632808685,230592000
2000-03-23,0.19726599752902985,0.21354199945926666,0.19687500596046448,0.2026039958000183,0.185320645570755,309408000
2000-03-24,0.20130200684070587,0.2104170024394989,0.1875,0.19414100050926208,0.1775796115398407,231600000
2000-03-27,0.19374999403953552,0.20000000298023224,0.1796880066394806,0.1813800036907196,0.16590723395347595,388944000
2000-03-28,0.1751299947500229,0.17708300054073334,0.1645829975605011,0.16783900558948517,0.15352129936218262,393312000
2000-03-29,0.1684899926185608,0.1723960041999817,0.15000000596046448,0.1567710041999817,0.1433974802494049,469440000
2000-03-30,0.15208299458026886,0.1703130006790161,0.14687499403953552,0.15585899353027344,0.14256326854228973,361920000
2000-03-31,0.16650399565696716,0.1830729991197586,0.1635420024394989,0.17600899934768677,0.16099439561367035,962976000
2000-04-03,0.1744139939546585,0.17499999701976776,0.15768200159072876,0.16223999857902527,0.14839999377727509,329952000
2000-04-04,0.17083300650119781,0.17369799315929413,0.11874999850988388,0.15625,0.14292092621326447,513792000
2000-04-05,0.15781299769878387,0.203125,0.14973999559879303,0.19101600348949432,0.17472118139266968,639600000
2000-04-06,0.1998700052499771,0.21002599596977234,0.1903650015592575,0.1998700052499771,0.18281982839107513,404592000
2000-04-07,0.2098959982395172,0.21875,0.20104199647903442,0.2136719971895218,0.1954444944858551,318576000
2000-04-10,0.21731799840927124,0.2299479991197586,0.1907549947500229,0.1947920024394989,0.17817507684230804,395280000
2000-04-11,0.1812169998884201,0.19791699945926666,0.16666699945926666,0.18320299685001373,0.1675746589899063,457584000
2000-04-12,0.18346400558948517,0.1875,0.1635420024394989,0.16419300436973572,0.15018633008003235,313440000
2000-04-13,0.16549499332904816,0.1713539958000183,0.15442700684070587,0.15716099739074707,0.1437542587518692,313296000
2000-04-14,0.14713500440120697,0.1584639996290207,0.13645799458026886,0.143326997756958,0.1311003416776657,421920000
2000-04-17,0.13124999403953552,0.15625,0.13124999403953552,0.1506509929895401,0.13779953122138977,294096000
2000-04-18,0.16582000255584717,0.1869789958000183,0.16093799471855164,0.17734399437904358,0.16221557557582855,477504000
2000-04-19,0.18294300138950348,0.18541699647903442,0.16666699945926666,0.16888000071048737,0.15447354316711426,278352000
2000-04-20,0.17343799769878387,0.17669300734996796,0.16562500596046448,0.1679690033197403,0.1536402404308319,153936000
2000-04-24,0.15833300352096558,0.16536499559879303,0.15130199491977692,0.1596350073814392,0.1460171341896057,205968000
2000-04-25,0.1667969971895218,0.18229199945926666,0.16640600562095642,0.17708300054073334,0.16197678446769714,249696000
2000-04-26,0.18945300579071045,0.19374999403953552,0.17499999701976776,0.1752600073814392,0.1603093296289444,254112000
2000-04-27,0.1635420024394989,0.1914059966802597,0.16263000667095184,0.18958300352096558,0.17341049015522003,280992000
2000-04-28,0.1925780028104782,0.20000000298023224,0.18567700684070587,0.18567700684070587,0.16983762383460999,179040000
2000-05-01,0.19270800054073334,0.19687500596046448,0.18710899353027344,0.19166700541973114,0.17531675100326538,119424000
2000-05-02,0.19166700541973114,0.20286500453948975,0.17890599370002747,0.1842450052499771,0.16852782666683197,234000000
2000-05-03,0.1830729991197586,0.18906299769878387,0.16666699945926666,0.18125000596046448,0.16578830778598785,329184000
2000-05-04,0.18085899949073792,0.19114600121974945,0.17929700016975403,0.18346400558948517,0.16781340539455414,241200000
2000-05-05,0.18268199265003204,0.1963540017604828,0.1802079975605011,0.1919270008802414,0.1755545288324356,170592000
2000-05-08,0.1869789958000183,0.19374999403953552,0.1846349984407425,0.18489600718021393,0.16912327706813812,185136000
2000-05-09,0.1880210041999817,0.18958300352096558,0.17708300054073334,0.18229199945926666,0.16674141585826874,176832000
2000-05-10,0.18046900629997253,0.18059900403022766,0.16276000440120697,0.16432300209999084,0.15030527114868164,274080000
2000-05-11,0.16666699945926666,0.17434899508953094,0.16445299983024597,0.1713539958000183,0.15673649311065674,245904000
2000-05-12,0.17604200541973114,0.18541699647903442,0.16614599525928497,0.16614599525928497,0.15197277069091797,187824000
2000-05-15,0.16536499559879303,0.18046900629997253,0.15729199349880219,0.17760400474071503,0.16245333850383759,282096000
2000-05-16,0.18541699647903442,0.201432004570961,0.18333299458026886,0.1958329975605011,0.1791272759437561,366432000
2000-05-17,0.20624999701976776,0.2388020008802414,0.20611999928951263,0.23020799458026886,0.210569828748703,1290624000
2000-05-18,0.2315099984407425,0.23528599739074707,0.2131509929895401,0.21458299458026886,0.19627778232097626,509904000
2000-05-19,0.20833300054073334,0.21979199349880219,0.20677100121974945,0.21276000142097473,0.1946103423833847,521184000
2000-05-22,0.2104170024394989,0.2265630066394806,0.19179700314998627,0.2265630066394806,0.20723582804203033,517152000
2000-05-23,0.22083300352096558,0.24570299685001373,0.2171880006790161,0.22473999857902527,0.2055683732032776,778560000
2000-05-24,0.22447900474071503,0.22812500596046448,0.19218799471855164,0.22187499701976776,0.2029476761817932,739632000
2000-05-25,0.22513000667095184,0.23854200541973114,0.2160159945487976,0.21875,0.20008935034275055,569184000
2000-05-26,0.21985700726509094,0.2259110063314438,0.20624999701976776,0.21985700726509094,0.2011018842458725,183456000
2000-05-30,0.22578099370002747,0.23463499546051025,0.22473999857902527,0.22890600562095642,0.2093788981437683,303648000
2000-05-31,0.22812500596046448,0.2416670024394989,0.22812500596046448,0.2377600073814392,0.21747766435146332,469536000
2000-06-01,0.24479199945926666,0.24700500071048737,0.2382809966802597,0.2444009929895401,0.22355212271213531,418992000
2000-06-02,0.2494789958000183,0.27708300948143005,0.2494789958000183,0.2740890085697174,0.25070756673812866,592176000
2000-06-05,0.27369800209999084,0.29374998807907104,0.2627600133419037,0.27998000383377075,0.2560959756374359,491904000
2000-06-06,0.28099000453948975,0.2914060056209564,0.2645829916000366,0.26601600646972656,0.2433231920003891,375888000
2000-06-07,0.2640630006790161,0.2662760019302368,0.25025999546051025,0.25416699051856995,0.23248502612113953,332352000
2000-06-08,0.2606770098209381,0.26093798875808716,0.24583299458026886,0.2561199963092804,0.23427137732505798,460704000
2000-06-09,0.26093798875808716,0.2750000059604645,0.25703099370002747,0.2634109854698181,0.24094046652317047,467280000
2000-06-12,0.2645829916000366,0.2667970061302185,0.2505210041999817,0.25637999176979065,0.23450927436351776,380016000
2000-06-13,0.24921900033950806,0.2645829916000366,0.24791699647903442,0.2644529938697815,0.24189350008964539,447840000
2000-06-14,0.26940101385116577,0.27083298563957214,0.2607100009918213,0.26419299840927124,0.24165579676628113,275088000
2000-06-15,0.2634109854698181,0.2710939943790436,0.24921900033950806,0.2710939943790436,0.24796800315380096,338592000
2000-06-16,0.27011701464653015,0.3125,0.2700519859790802,0.3119789958000183,0.2853652834892273,987840000
2000-06-19,0.31119799613952637,0.35677099227905273,0.3033849895000458,0.3315100073814392,0.30323025584220886,1052160000
2000-06-20,0.3372400104999542,0.34114599227905273,0.32291701436042786,0.3270829916000366,0.2991807162761688,610272000
2000-06-21,0.3220050036907196,0.3666670024394989,0.3220050036907196,0.36028599739074707,0.32955148816108704,614880000
2000-06-22,0.3587239980697632,0.3661459982395172,0.3372400104999542,0.34062498807907104,0.31156760454177856,614352000
2000-06-23,0.3315100073814392,0.33567699790000916,0.30833300948143005,0.308463990688324,0.28215011954307556,607392000
2000-06-26,0.3145830035209656,0.3476560115814209,0.3096350133419037,0.34570300579071045,0.3162125051021576,618288000
2000-06-27,0.3427079916000366,0.34843799471855164,0.2877599895000458,0.296875,0.27154985070228577,604608000
2000-06-28,0.3031249940395355,0.3145830035209656,0.27708300948143005,0.28541699051856995,0.26106932759284973,586608000
2000-06-29,0.28046900033950806,0.28046900033950806,0.23958300054073334,0.24427099525928497,0.2234332114458084,1184880000
2000-06-30,0.25572898983955383,0.26927098631858826,0.2432290017604828,0.26484400033950806,0.24225126206874847,1209192000
2000-07-03,0.2666670083999634,0.2750000059604645,0.2520830035209656,0.25468799471855164,0.23296156525611877,232680000
2000-07-05,0.25364598631858826,0.25416699051856995,0.21979199349880219,0.22734400629997253,0.20795021951198578,777936000
2000-07-06,0.2276040017604828,0.2494789958000183,0.2221350073814392,0.2411459982395172,0.22057481110095978,603936000
2000-07-07,0.25,0.25416699051856995,0.23749999701976776,0.24244800209999084,0.22176575660705566,346560000
2000-07-10,0.2382809966802597,0.26093798875808716,0.23593799769878387,0.2549479901790619,0.23319940268993378,351264000
2000-07-11,0.25156301259994507,0.2885420024394989,0.24869799613952637,0.27552101016044617,0.25201746821403503,755304000
2000-07-12,0.28697898983955383,0.29765599966049194,0.2778649926185608,0.2833330035209656,0.25916293263435364,388152000
2000-07-13,0.28932300209999084,0.3114579916000366,0.28880199790000916,0.30989599227905273,0.28346002101898193,458736000
2000-07-14,0.31614598631858826,0.32213500142097473,0.30000001192092896,0.3075520098209381,0.28131598234176636,280200000
2000-07-17,0.31224000453948975,0.3125,0.3031249940395355,0.3041670024394989,0.2782197594642639,105552000
2000-07-18,0.2874999940395355,0.3125,0.2874999940395355,0.29817700386047363,0.2727406919002533,183672000
2000-07-19,0.2874999940395355,0.2895829975605011,0.27317699790000916,0.2791669964790344,0.2553523778915405,189504000
2000-07-20,0.278905987739563,0.29374998807907104,0.27812498807907104,0.2867189943790436,0.2622601389884949,142992000
2000-07-21,0.2874999940395355,0.2958329916000366,0.2833330035209656,0.2903650104999542,0.26559510827064514,251928000
2000-07-24,0.2906250059604645,0.29270800948143005,0.25416699051856995,0.265625,0.24296559393405914,281112000
2000-07-25,0.26979199051856995,0.2718749940395355,0.25520798563957214,0.25572898983955383,0.23391379415988922,335304000
2000-07-26,0.25572898983955383,0.25572898983955383,0.22968800365924835,0.23671899735927582,0.21652542054653168,380064000
2000-07-27,0.22916699945926666,0.23229199647903442,0.21666699647903442,0.21979199349880219,0.20104239881038666,331560000
2000-07-28,0.22083300352096558,0.24140599370002747,0.20833300054073334,0.22499999403953552,0.20580613613128662,512664000
2000-07-31,0.23749999701976776,0.2505210041999817,0.22499999403953552,0.25,0.22867348790168762,371232000
2000-08-01,0.25,0.2520830035209656,0.2432290017604828,0.24505199491977692,0.22414757311344147,350616000
2000-08-02,0.2416670024394989,0.254036009311676,0.2377600073814392,0.25,0.22867348790168762,345432000
2000-08-03,0.22499999403953552,0.2666670083999634,0.22499999403953552,0.26093798875808716,0.23867836594581604,368664000
2000-08-04,0.26718801259994507,0.27083298563957214,0.26145800948143005,0.265625,0.24296559393405914,194784000
2000-08-07,0.2674480080604553,0.28880199790000916,0.26640599966049194,0.28645798563957214,0.2620214819908142,246936000
2000-08-08,0.2802079916000366,0.2958329916000366,0.2791669964790344,0.2802079916000366,0.2563045918941498,128112000
2000-08-09,0.28385400772094727,0.2856769859790802,0.267969012260437,0.2718749940395355,0.24868237972259521,136248000
2000-08-10,0.265625,0.28125,0.26041701436042786,0.2750000059604645,0.25154075026512146,156432000
2000-08-11,0.27552101016044617,0.27760401368141174,0.25572898983955383,0.2684899866580963,0.24558618664741516,131928000
2000-08-14,0.2718749940395355,0.2744790017604828,0.26249998807907104,0.2710939943790436,0.24796800315380096,108576000
2000-08-15,0.2723959982395172,0.30208298563957214,0.27161499857902527,0.2966800034046173,0.271371454000473,443328000
2000-08-16,0.31275999546051025,0.31275999546051025,0.2950519919395447,0.3041670024394989,0.2782197594642639,266232000
2000-08-17,0.30000001192092896,0.3114579916000366,0.2989580035209656,0.30989599227905273,0.28346002101898193,129816000
2000-08-18,0.3085939884185791,0.32447901368141174,0.3080730140209198,0.3208329975605011,0.2934640944004059,204720000
2000-08-21,0.3325519859790802,0.3382810056209564,0.32499998807907104,0.325780987739563,0.2979898750782013,464472000
2000-08-22,0.30885401368141174,0.31562501192092896,0.29218798875808716,0.2950519919395447,0.2698822617530823,658872000
2000-08-23,0.2903650104999542,0.31275999546051025,0.28437501192092896,0.31224000453948975,0.2856040894985199,352800000
2000-08-24,0.3104169964790344,0.3236980140209198,0.3046880066394806,0.32057300209999084,0.2932261824607849,332616000
2000-08-25,0.31718799471855164,0.32395800948143005,0.3109380006790161,0.3125,0.28584185242652893,153048000
2000-08-28,0.31406301259994507,0.3291670083999634,0.3104169964790344,0.32499998807907104,0.297275573015213,189264000
2000-08-29,0.3263019919395447,0.3270829916000366,0.3208329975605011,0.3242189884185791,0.2965611219406128,149376000
2000-08-30,0.32057300209999084,0.3315100073814392,0.31718799471855164,0.3270829916000366,0.2991807162761688,178080000
2000-08-31,0.3320310115814209,0.34375,0.32552099227905273,0.33072900772094727,0.30251583456993103,388896000
2000-09-01,0.3375000059604645,0.34062498807907104,0.3276039958000183,0.33125001192092896,0.3029923737049103,204144000
2000-09-05,0.33906298875808716,0.3393230140209198,0.32942700386047363,0.33177098631858826,0.30346888303756714,246144000
2000-09-06,0.3330729901790619,0.3330729901790619,0.3062500059604645,0.30885401368141174,0.2825069725513458,230136000
2000-09-07,0.3135420083999634,0.3260419964790344,0.30052098631858826,0.32552099227905273,0.29775211215019226,239760000
2000-09-08,0.3218750059604645,0.3291670083999634,0.3052079975605011,0.3062500059604645,0.2801250219345093,222648000
2000-09-11,0.3023439943790436,0.3041670024394989,0.2822920083999634,0.29374998807907104,0.2686913013458252,285888000
2000-09-12,0.2940100133419037,0.30937498807907104,0.2874999940395355,0.2919270098209381,0.2670239508152008,125976000
2000-09-13,0.29114601016044617,0.29661500453948975,0.28489598631858826,0.291797012090683,0.26690495014190674,239976000
2000-09-14,0.29322901368141174,0.3062500059604645,0.28541699051856995,0.2890630066394806,0.2644041180610657,216336000
2000-09-15,0.2874999940395355,0.29947900772094727,0.28541699051856995,0.2953779995441437,0.2701805830001831,242592000
2000-09-18,0.29609400033950806,0.2979170083999634,0.2750000059604645,0.27812498807907104,0.2543991804122925,163488000
2000-09-19,0.26536500453948975,0.2874999940395355,0.26249998807907104,0.2867189943790436,0.2622601389884949,301104000
2000-09-20,0.278905987739563,0.28437501192092896,0.2729170024394989,0.2773439884185791,0.25368478894233704,227568000
2000-09-21,0.2794269919395447,0.29557299613952637,0.2791669964790344,0.2892580032348633,0.2645825743675232,346824000
2000-09-22,0.2606770098209381,0.2979170083999634,0.26041701436042786,0.29427099227905273,0.2691679298877716,387264000
2000-09-25,0.3033849895000458,0.3197920024394989,0.30104199051856995,0.3153649866580963,0.2884625494480133,467568000
2000-09-26,0.3187499940395355,0.3265630006790161,0.3041670024394989,0.32291701436042786,0.29537034034729004,337344000
2000-09-27,0.3203130066394806,0.35572901368141174,0.3203130066394806,0.34062498807907104,0.31156760454177856,676128000
2000-09-28,0.3375000059604645,0.3531250059604645,0.3291670083999634,0.3510420024394989,0.3210960924625397,333816000
2000-09-29,0.34114599227905273,0.35416701436042786,0.3354170024394989,0.34114599227905273,0.3120441436767578,373872000
2000-10-02,0.3458330035209656,0.359375,0.32447901368141174,0.3330729901790619,0.304659903049469,340584000
2000-10-03,0.3348959982395172,0.3375000059604645,0.3125,0.31510400772094727,0.28822362422943115,300264000
2000-10-04,0.30677101016044617,0.31666699051856995,0.30260398983955383,0.3114579916000366,0.28488874435424805,419568000
2000-10-05,0.31380200386047363,0.31380200386047363,0.29765599966049194,0.3041670024394989,0.2782197594642639,525048000
2000-10-06,0.30494800209999084,0.3070310056209564,0.28099000453948975,0.2851560115814209,0.26083043217658997,1027176000
2000-10-09,0.2778649926185608,0.2958329916000366,0.2583329975605011,0.2914060056209564,0.266547292470932,665256000
2000-10-10,0.2791669964790344,0.29322901368141174,0.2666670083999634,0.26927098631858826,0.2463006228208542,415944000
2000-10-11,0.2528649866580963,0.28645798563957214,0.2427079975605011,0.27161499857902527,0.2484445571899414,535776000
2000-10-12,0.27760401368141174,0.29374998807907104,0.2583329975605011,0.26093798875808716,0.23867836594581604,401616000
2000-10-13,0.2627600133419037,0.2791669964790344,0.25996100902557373,0.27135398983955383,0.24820588529109955,578976000
2000-10-16,0.27135398983955383,0.27135398983955383,0.2588540017604828,0.2651039958000183,0.24248909950256348,339216000
2000-10-17,0.2640630006790161,0.2651039958000183,0.24296900629997253,0.24583299458026886,0.22486194968223572,463248000
2000-10-18,0.2299479991197586,0.25598999857902527,0.21900999546051025,0.24192699790000916,0.22128917276859283,416952000
2000-10-19,0.25755199790000916,0.26875001192092896,0.25364598631858826,0.26536500453948975,0.24272775650024414,294888000
2000-10-20,0.2591150104999542,0.296875,0.2572920024394989,0.2901040017604828,0.26535648107528687,387360000
2000-10-23,0.2924480140209198,0.29427099227905273,0.2744790017604828,0.283594012260437,0.25940173864364624,182112000
2000-10-24,0.2822920083999634,0.28697898983955383,0.2734380066394806,0.2744790017604828,0.25106436014175415,193968000
2000-10-25,0.26692700386047363,0.27083298563957214,0.24869799613952637,0.2505210041999817,0.22915007174015045,385512000
2000-10-26,0.2520830035209656,0.27083298563957214,0.234375,0.2611980140209198,0.2389163225889206,265776000
2000-10-27,0.26145800948143005,0.26790401339530945,0.24583299458026886,0.25520798563957214,0.2334372103214264,210960000
2000-10-30,0.2510420083999634,0.25670599937438965,0.23697899281978607,0.2372400015592575,0.2170019894838333,192120000
2000-10-31,0.2466149926185608,0.26302099227905273,0.23906299471855164,0.25891900062561035,0.2368316948413849,299256000
2000-11-01,0.25260400772094727,0.26249998807907104,0.24375000596046448,0.2588540017604828,0.23677222430706024,304536000
2000-11-02,0.267969012260437,0.28541699051856995,0.2635419964790344,0.27864599227905273,0.2548757791519165,192888000
2000-11-03,0.2750000059604645,0.30208298563957214,0.2729170024394989,0.296875,0.27154985070228577,268632000
2000-11-06,0.30390599370002747,0.33333298563957214,0.30208298563957214,0.3197920024394989,0.292511910200119,635040000
2000-11-07,0.3145830035209656,0.3145830035209656,0.2874999940395355,0.29817700386047363,0.2727406919002533,258240000
2000-11-08,0.30156299471855164,0.30156299471855164,0.28489598631858826,0.28932300209999084,0.26464203000068665,187080000
2000-11-09,0.2718749940395355,0.28541699051856995,0.24635399878025055,0.2591150104999542,0.2370109260082245,564528000
2000-11-10,0.267969012260437,0.28125,0.23854200541973114,0.24505199491977692,0.22414757311344147,805248000
2000-11-13,0.2328130006790161,0.2729170024394989,0.22499999403953552,0.2460940033197403,0.22510074079036713,530040000
2000-11-14,0.26249998807907104,0.29322901368141174,0.26041701436042786,0.29114601016044617,0.2663094997406006,470736000
2000-11-15,0.28593799471855164,0.2950519919395447,0.27421900629997253,0.28730499744415283,0.2627960741519928,423864000
2000-11-16,0.2791669964790344,0.28645798563957214,0.2666670083999634,0.26927098631858826,0.2463006228208542,235536000
2000-11-17,0.27135398983955383,0.2851560115814209,0.25520798563957214,0.2640630006790161,0.24153684079647064,178776000
2000-11-20,0.2542969882488251,0.2544269859790802,0.24088500440120697,0.24375000596046448,0.22295668721199036,298752000
2000-11-21,0.25416699051856995,0.2562499940395355,0.2265630066394806,0.23906299471855164,0.21866942942142487,382512000
2000-11-22,0.22916699945926666,0.23645800352096558,0.21666699647903442,0.2265630066394806,0.20723582804203033,409752000
2000-11-24,0.22916699945926666,0.2484380006790161,0.22916699945926666,0.23958300054073334,0.21914513409137726,165072000
2000-11-27,0.2567709982395172,0.2583329975605011,0.22193999588489532,0.2315099984407425,0.21176081895828247,363864000
2000-11-28,0.23502600193023682,0.23749999701976776,0.20911499857902527,0.21425800025463104,0.1959805190563202,382344000
2000-11-29,0.21744799613952637,0.21770800650119781,0.18489600718021393,0.20104199647903442,0.1838919222354889,636408000
2000-11-30,0.18385399878025055,0.18385399878025055,0.15156300365924835,0.16875000298023224,0.15435460209846497,981624000
2000-12-01,0.1791670024394989,0.203125,0.17812499403953552,0.18541699647903442,0.16959980130195618,784080000
2000-12-04,0.18658900260925293,0.19270800054073334,0.17395800352096558,0.18828099966049194,0.17221948504447937,474264000
2000-12-05,0.2015630006790161,0.20885400474071503,0.18281300365924835,0.20052100718021393,0.18341535329818726,997224000
2000-12-06,0.19661499559879303,0.20208300650119781,0.17083300650119781,0.171875,0.15721309185028076,950928000
2000-12-07,0.1635420024394989,0.17786499857902527,0.1546880006790161,0.16875000298023224,0.15435460209846497,785184000
2000-12-08,0.18619799613952637,0.20833300054073334,0.1688150018453598,0.20729200541973114,0.18960876762866974,853392000
2000-12-11,0.20052100718021393,0.2114579975605011,0.1953130066394806,0.20729200541973114,0.18960876762866974,757632000
2000-12-12,0.20208300650119781,0.20572899281978607,0.1947920024394989,0.2015630006790161,0.18436844646930695,409512000
2000-12-13,0.20078100264072418,0.20416699349880219,0.18229199945926666,0.1859380006790161,0.1700764000415802,675072000
2000-12-14,0.1846349984407425,0.18619799613952637,0.16875000298023224,0.17317700386047363,0.1584039032459259,569016000
2000-12-15,0.16223999857902527,0.1723960041999817,0.15520800650119781,0.15599000453948975,0.14268313348293304,1094424000
2000-12-18,0.16249999403953552,0.16666699945926666,0.15885399281978607,0.16113300621509552,0.14738738536834717,658872000
2000-12-19,0.1635420024394989,0.17812499403953552,0.14583300054073334,0.1489579975605011,0.13625100255012512,946200000
2000-12-20,0.14140599966049194,0.16197900474071503,0.1255210041999817,0.1328130066394806,0.12148328870534897,1105392000
2000-12-21,0.13098999857902527,0.1489579975605011,0.11458300054073334,0.11614599823951721,0.10623803734779358,845256000
2000-12-22,0.1255210041999817,0.15937499701976776,0.1255210041999817,0.14609399437904358,0.13363131880760193,949080000
2000-12-26,0.1479170024394989,0.1494790017604828,0.13072900474071503,0.1401039958000183,0.1281522959470749,343824000
2000-12-27,0.13854199647903442,0.15520800650119781,0.1328130066394806,0.1494790017604828,0.13672760128974915,339456000
2000-12-28,0.1434900015592575,0.15416699647903442,0.1411460041999817,0.15026000142097473,0.13744187355041504,419232000
2000-12-29,0.15000000596046448,0.15494799613952637,0.1333329975605011,0.13652299344539642,0.12487675249576569,495168000
2001-01-02,0.13750000298023224,0.13932299613952637,0.12421900033950806,0.12473999708890915,0.11409890651702881,290808000
2001-01-03,0.12083300203084946,0.16432300209999084,0.1177079975605011,0.1630209982395172,0.14911437034606934,910368000
2001-01-04,0.1601559966802597,0.1859380006790161,0.1557289958000183,0.18177099525928497,0.16626481711864471,815448000
2001-01-05,0.1802079975605011,0.18098999559879303,0.15104199945926666,0.154557004570961,0.14137239754199982,432768000
2001-01-08,0.15026000142097473,0.17604200541973114,0.15026000142097473,0.16927100718021393,0.15483121573925018,573768000
2001-01-09,0.17161500453948975,0.17604200541973114,0.16328099370002747,0.17265599966049194,0.15792740881443024,302904000
2001-01-10,0.16380199790000916,0.18541699647903442,0.15989600121974945,0.1846349984407425,0.1688845306634903,392928000
2001-01-11,0.1802079975605011,0.20781299471855164,0.17708300054073334,0.20000000298023224,0.1829388588666916,447648000
2001-01-12,0.20338499546051025,0.21562500298023224,0.19374999403953552,0.1958329975605011,0.1791272759437561,669000000
2001-01-16,0.19687500596046448,0.19687500596046448,0.17734399437904358,0.18046900629997253,0.1650739163160324,414984000
2001-01-17,0.1942709982395172,0.20000000298023224,0.18619799613952637,0.1869789958000183,0.17102858424186707,592584000
2001-01-18,0.1869789958000183,0.22812500596046448,0.18281300365924835,0.22285200655460358,0.2038414180278778,948168000
2001-01-19,0.22916699945926666,0.23749999701976776,0.21354199945926666,0.21692700684070587,0.19842177629470825,1018704000
2001-01-22,0.2104170024394989,0.21875,0.20234400033950806,0.20833300054073334,0.1905609667301178,377712000
2001-01-23,0.20572899281978607,0.23333300650119781,0.20468799769878387,0.2291020005941391,0.2095581591129303,433632000
2001-01-24,0.22890600562095642,0.23125000298023224,0.2148440033197403,0.22812500596046448,0.20866458117961884,451728000
2001-01-25,0.22031299769878387,0.22083300352096558,0.20052100718021393,0.20520800352096558,0.18770256638526917,440016000
2001-01-26,0.19374999403953552,0.21419300138950348,0.19231800734996796,0.21171900629997253,0.19365805387496948,259248000
2001-01-29,0.20520800352096558,0.21302099525928497,0.19791699945926666,0.21276000142097473,0.1946103423833847,354168000
2001-01-30,0.21614600718021393,0.2220049947500229,0.2119790017604828,0.21744799613952637,0.19889841973781586,243720000
2001-01-31,0.21770800650119781,0.2260420024394989,0.2104170024394989,0.21510399878025055,0.19675439596176147,358344000
2001-02-01,0.21510399878025055,0.21770800650119781,0.20572899281978607,0.2162110060453415,0.19776688516139984,371856000
2001-02-02,0.21640600264072418,0.22135399281978607,0.19374999403953552,0.1953130066394806,0.1786516308784485,320520000
2001-02-05,0.19505199790000916,0.1963540017604828,0.1835940033197403,0.19505199790000916,0.17841291427612305,367584000
2001-02-06,0.1914059966802597,0.20000000298023224,0.19095100462436676,0.19609400629997253,0.17936605215072632,250440000
2001-02-07,0.1947920024394989,0.1963540017604828,0.17656299471855164,0.1869789958000183,0.17102858424186707,720384000
2001-02-08,0.1880210041999817,0.1986979991197586,0.18515600264072418,0.1859380006790161,0.1700764000415802,384288000
2001-02-09,0.18437500298023224,0.18567700684070587,0.17786499857902527,0.1846349984407425,0.1688845306634903,259608000
2001-02-12,0.18255199491977692,0.1846349984407425,0.17083300650119781,0.1796880066394806,0.16435956954956055,354336000
2001-02-13,0.1830729991197586,0.19374999403953552,0.18098999559879303,0.18515600264072418,0.16936103999614716,467736000
2001-02-14,0.18281300365924835,0.20416699349880219,0.17499999701976776,0.1986979991197586,0.1817478984594345,690888000
2001-02-15,0.2260420024394989,0.23906299471855164,0.22447900474071503,0.23515599966049194,0.21509578824043274,1108512000
2001-02-16,0.2231770008802414,0.25416699051856995,0.22291700541973114,0.24791699647903442,0.22676821053028107,1081176000
2001-02-20,0.2416670024394989,0.24687500298023224,0.22291700541973114,0.2231770008802414,0.20413869619369507,701304000
2001-02-21,0.2148440033197403,0.2427079975605011,0.21250000596046448,0.23333300650119781,0.2134283035993576,646512000
2001-02-22,0.23203100264072418,0.25,0.22499999403953552,0.2432290017604828,0.2224801480770111,815304000
2001-02-23,0.24192699790000916,0.24583299458026886,0.21875,0.22643199563026428,0.2071159929037094,1034664000
2001-02-26,0.21979199349880219,0.2260420024394989,0.21171900629997253,0.22135399281978607,0.20247118175029755,751824000
2001-02-27,0.2158849984407425,0.22447900474071503,0.20677100121974945,0.20807300508022308,0.19032315909862518,533832000
2001-02-28,0.2065100073814392,0.21875,0.18229199945926666,0.18619799613952637,0.1703142523765564,784056000
2001-03-01,0.18385399878025055,0.20416699349880219,0.16666699945926666,0.2009110003709793,0.18377210199832916,915288000
2001-03-02,0.18645800650119781,0.1997399926185608,0.1791670024394989,0.18157599866390228,0.16608645021915436,1413504000
2001-03-05,0.17447899281978607,0.1880210041999817,0.17343799769878387,0.18333299458026886,0.16769354045391083,742296000
2001-03-06,0.19270800054073334,0.2075520008802414,0.18945300579071045,0.20104199647903442,0.1838919222354889,834408000
2001-03-07,0.20546899735927582,0.21770800650119781,0.20182299613952637,0.2171880006790161,0.19866053760051727,938280000
2001-03-08,0.2109380066394806,0.22682300209999084,0.2109380066394806,0.22447900474071503,0.20532961189746857,829344000
2001-03-09,0.21276000142097473,0.21380199491977692,0.18906299769878387,0.20859399437904358,0.19079972803592682,1216776000
2001-03-12,0.2015630006790161,0.2109380066394806,0.19218799471855164,0.20104199647903442,0.1838919222354889,762144000
2001-03-13,0.2036460041999817,0.22812500596046448,0.2026039958000183,0.22499999403953552,0.20580613613128662,1082352000
2001-03-14,0.2148440033197403,0.23854200541973114,0.2148440033197403,0.2377600073814392,0.21747766435146332,1351128000
2001-03-15,0.252344012260437,0.26556000113487244,0.2432290017604828,0.2494789958000183,0.22819693386554718,1875984000
2001-03-16,0.2455729991197586,0.25520798563957214,0.2382809966802597,0.2484380006790161,0.2272448092699051,1225200000
2001-03-19,0.2471349984407425,0.2645829916000366,0.23365899920463562,0.2627600133419037,0.24034494161605835,943896000
2001-03-20,0.25963500142097473,0.27604201436042786,0.23541699349880219,0.2382809966802597,0.21795427799224854,1990560000
2001-03-21,0.2388020008802414,0.26302099227905273,0.23749999701976776,0.25598999857902527,0.23415245115756989,1877352000
2001-03-22,0.2583329975605011,0.28281301259994507,0.2562499940395355,0.2817710041999817,0.2577342987060547,1697760000
2001-03-23,0.28697898983955383,0.29218798875808716,0.2651039958000183,0.2791669964790344,0.2553523778915405,1509672000
2001-03-26,0.2791669964790344,0.2958329916000366,0.2791669964790344,0.29427099227905273,0.2691679298877716,1542960000
2001-03-27,0.2885420024394989,0.2986980080604553,0.27135398983955383,0.283594012260437,0.25940173864364624,1702152000
2001-03-28,0.2757810056209564,0.29114601016044617,0.2750000059604645,0.2837890088558197,0.259580135345459,1433280000
2001-03-29,0.28131499886512756,0.2979170083999634,0.27552101016044617,0.2880209982395172,0.26345112919807434,1632960000
2001-03-30,0.28593799471855164,0.2914060056209564,0.26875001192092896,0.2705079913139343,0.24743203818798065,1423176000
2001-04-02,0.26979199051856995,0.2763020098209381,0.25572898983955383,0.2591150104999542,0.2370109260082245,1265160000
2001-04-03,0.25520798563957214,0.2747400104999542,0.2549479901790619,0.2677080035209656,0.2448708415031433,1991616000
2001-04-04,0.25755199790000916,0.25807300209999084,0.22421899437904358,0.24010400474071503,0.2196217030286789,3362472000
2001-04-05,0.25598999857902527,0.26640599966049194,0.24895800650119781,0.2622399926185608,0.23986931145191193,1724760000
2001-04-06,0.2588540017604828,0.2750000059604645,0.2544269859790802,0.2611980140209198,0.2389163225889206,1547664000
2001-04-09,0.26625001430511475,0.272707998752594,0.24437500536441803,0.2485000044107437,0.22730153799057007,1097160000
2001-04-10,0.2544580101966858,0.2800000011920929,0.25212499499320984,0.27195799350738525,0.24875839054584503,1186416000
2001-04-11,0.28870800137519836,0.2991670072078705,0.28041699528694153,0.28837499022483826,0.26377490162849426,1426872000
2001-04-12,0.2830420136451721,0.3052079975605011,0.2776249945163727,0.29270800948143005,0.2677382528781891,1440264000
2001-04-16,0.2874999940395355,0.2935419976711273,0.280333012342453,0.2855829894542694,0.2612209618091583,764112000
2001-04-17,0.281374990940094,0.3018749952316284,0.28125,0.29958298802375793,0.2740268111228943,1112448000
2001-04-18,0.31220799684524536,0.35166698694229126,0.31220799684524536,0.32191699743270874,0.2944555878639221,2301864000
2001-04-19,0.32374998927116394,0.3551250100135803,0.3222920000553131,0.3495829999446869,0.3197614550590515,1632264000
2001-04-20,0.3453750014305115,0.37495800852775574,0.3362500071525574,0.3623329997062683,0.33142390847206116,1773840000
2001-04-23,0.3544580042362213,0.3547919988632202,0.33958300948143005,0.343207985162735,0.3139302432537079,1239000000
2001-04-24,0.3422499895095825,0.36787500977516174,0.3135420083999634,0.31891700625419617,0.2917114496231079,1828320000
2001-04-25,0.31975001096725464,0.34495800733566284,0.3185420036315918,0.3335829973220825,0.3051263689994812,1423728000
2001-04-26,0.34083300828933716,0.34083300828933716,0.3041670024394989,0.30729201436042786,0.28107813000679016,1486008000
2001-04-27,0.31916698813438416,0.3305419981479645,0.3129580020904541,0.3291670083999634,0.30108699202537537,915672000
2001-04-30,0.33812499046325684,0.366457998752594,0.3309580087661743,0.3470830023288727,0.3174747824668884,1583280000
2001-05-01,0.3483330011367798,0.38041698932647705,0.3427079916000366,0.37950000166893005,0.34712639451026917,1867368000
2001-05-02,0.3893750011920929,0.3893750011920929,0.36583301424980164,0.3707920014858246,0.33916136622428894,1547784000
2001-05-03,0.3595829904079437,0.37083300948143005,0.3573330044746399,0.3691670000553131,0.3376750349998474,960504000
2001-05-04,0.3583329916000366,0.3801249861717224,0.35666701197624207,0.37424999475479126,0.34232425689697266,953520000
2001-05-07,0.3728330135345459,0.39375001192092896,0.36845800280570984,0.39104199409484863,0.35768380761146545,975600000
2001-05-08,0.39683300256729126,0.3970000147819519,0.35941699147224426,0.36274999380111694,0.3318052887916565,1620144000
2001-05-09,0.35120800137519836,0.358832985162735,0.34333300590515137,0.34575000405311584,0.31625545024871826,1319040000
2001-05-10,0.3557499945163727,0.3599579930305481,0.33000001311302185,0.33412501215934753,0.3056221902370453,998904000
2001-05-11,0.33329200744628906,0.3354170024394989,0.31891700625419617,0.32558301091194153,0.29780885577201843,921216000
2001-05-14,0.3265419900417328,0.3322499990463257,0.3147920072078705,0.3283750116825104,0.30036264657974243,702432000
2001-05-15,0.33125001192092896,0.35416701436042786,0.32749998569488525,0.34016698598861694,0.3111487030982971,1242600000
2001-05-16,0.3323749899864197,0.3583329916000366,0.33024999499320984,0.3562079966068268,0.32582131028175354,957096000
2001-05-17,0.35737499594688416,0.3729169964790344,0.3518750071525574,0.36250001192092896,0.3315766155719757,919056000
2001-05-18,0.3612920045852661,0.37083300948143005,0.35249999165534973,0.3595829904079437,0.3289085030555725,575832000
2001-05-21,0.3587920069694519,0.3833329975605011,0.35158300399780273,0.37583300471305847,0.3437720239162445,1064688000
2001-05-22,0.38133299350738525,0.3908329904079437,0.3666670024394989,0.3870829939842224,0.3540625274181366,1049976000
2001-05-23,0.40229201316833496,0.41666701436042786,0.37916699051856995,0.3837920129299164,0.35105225443840027,2244912000
2001-05-24,0.3812499940395355,0.39933300018310547,0.36979201436042786,0.3894580006599426,0.3562348484992981,1680576000
2001-05-25,0.3816249966621399,0.3872919976711273,0.375,0.382082998752594,0.3494890034198761,947952000
2001-05-29,0.3799169957637787,0.3799999952316284,0.36125001311302185,0.3664169907569885,0.3351595103740692,920568000
2001-05-30,0.3577919900417328,0.37595799565315247,0.3558329939842224,0.3595829904079437,0.3289085030555725,3308904000
2001-05-31,0.3624579906463623,0.36458298563957214,0.3490000069141388,0.35670799016952515,0.3262786269187927,1262928000
2001-06-01,0.3591670095920563,0.37950000166893005,0.3570829927921295,0.37645798921585083,0.3443438708782196,1022472000
2001-06-04,0.3767080008983612,0.37870800495147705,0.3656669855117798,0.37062498927116394,0.33900851011276245,621552000
2001-06-05,0.3702079951763153,0.3939580023288727,0.36958301067352295,0.390082985162735,0.35680660605430603,987168000
2001-06-06,0.391541987657547,0.3968749940395355,0.3858329951763153,0.3917500078678131,0.3583313822746277,698976000
2001-06-07,0.38829201459884644,0.41499999165534973,0.38541701436042786,0.413875013589859,0.3785691261291504,1141152000
2001-06-08,0.4126250147819519,0.41324999928474426,0.3988330066204071,0.40312498807907104,0.36873599886894226,712680000
2001-06-11,0.40370801091194153,0.4041669964790344,0.38508298993110657,0.3913330137729645,0.3579498827457428,581928000
2001-06-12,0.3831250071525574,0.41020798683166504,0.3822920024394989,0.40437498688697815,0.3698793649673462,1102728000
2001-06-13,0.40733298659324646,0.41350001096725464,0.3872919976711273,0.39079201221466064,0.35745522379875183,938712000
2001-06-14,0.3857499957084656,0.39662501215934753,0.38020798563957214,0.389957994222641,0.35669225454330444,946152000
2001-06-15,0.38541701436042786,0.4029169976711273,0.37825000286102295,0.39604198932647705,0.3622572124004364,1094544000
2001-06-18,0.3950420022010803,0.4014579951763153,0.3760420083999634,0.3803749978542328,0.34792667627334595,856656000
2001-06-19,0.3875420093536377,0.3965829908847809,0.3518750071525574,0.3595829904079437,0.3289085030555725,1513128000
2001-06-20,0.35295799374580383,0.37916699051856995,0.34562501311302185,0.37504199147224426,0.3430485427379608,1759200000
2001-06-21,0.37354201078414917,0.38874998688697815,0.36354199051856995,0.38212499022483826,0.3495274782180786,1484568000
2001-06-22,0.38020798563957214,0.3903749883174896,0.37541699409484863,0.38041698932647705,0.3479651212692261,761184000
2001-06-25,0.3846670091152191,0.38624998927116394,0.36858299374580383,0.3796670138835907,0.3472791612148285,640032000
2001-06-26,0.3712500035762787,0.39250001311302185,0.36979201436042786,0.390625,0.35730236768722534,757920000
2001-06-27,0.38874998688697815,0.3895829916000366,0.3719170093536377,0.3785420060157776,0.34625008702278137,895752000
2001-06-28,0.38362500071525574,0.3885419964790344,0.37916699051856995,0.382999986410141,0.35032790899276733,909336000
2001-06-29,0.3843750059604645,0.39250001311302185,0.3800419867038727,0.38645800948143005,0.3534909188747406,730920000
2001-07-02,0.37116700410842896,0.3742919862270355,0.36375001072883606,0.3693329989910126,0.3378266990184784,1040016000
2001-07-03,0.3667919933795929,0.37791699171066284,0.36491701006889343,0.37404200434684753,0.342134028673172,406296000
2001-07-05,0.36958301067352295,0.37187498807907104,0.34645798802375793,0.3469170033931732,0.31732288002967834,1020096000
2001-07-06,0.3417080044746399,0.34437501430511475,0.32958298921585083,0.3362500071525574,0.30756592750549316,802824000
2001-07-09,0.3318749964237213,0.33991700410842896,0.3220829963684082,0.3252499997615814,0.297504186630249,1014072000
2001-07-10,0.32958298921585083,0.3339579999446869,0.32395800948143005,0.3279170095920563,0.29994386434555054,1221744000
2001-07-11,0.32666701078414917,0.3325420022010803,0.3171670138835907,0.32729199528694153,0.2993720769882202,904632000
2001-07-12,0.3427079916000366,0.34687501192092896,0.3343749940395355,0.3444580137729645,0.3150736689567566,981552000
2001-07-13,0.3419170081615448,0.3456670045852661,0.3302080035209656,0.33733299374580383,0.3085564970970154,690144000
2001-07-16,0.33354198932647705,0.3375000059604645,0.30854201316833496,0.3102079927921295,0.28374525904655457,1191696000
2001-07-17,0.3050000071525574,0.33058300614356995,0.30208298563957214,0.3275420069694519,0.2996006906032562,1169904000
2001-07-18,0.31975001096725464,0.3285830020904541,0.3095000088214874,0.31620800495147705,0.28923356533050537,840984000
2001-07-19,0.32079198956489563,0.33466699719429016,0.31587499380111694,0.3212920129299164,0.2938839793205261,840024000
2001-07-20,0.313291996717453,0.32041698694229126,0.30208298563957214,0.3120419979095459,0.2854229509830475,742464000
2001-07-23,0.3125,0.31291699409484863,0.28212499618530273,0.2824999988079071,0.25840115547180176,1547976000
2001-07-24,0.2862919867038727,0.3018749952316284,0.28025001287460327,0.30162501335144043,0.2758945822715759,1365312000
2001-07-25,0.3010829985141754,0.3016670048236847,0.2886669933795929,0.2987079918384552,0.27322638034820557,1245888000
2001-07-26,0.29587501287460327,0.33125001192092896,0.2943750023841858,0.3291670083999634,0.30108699202537537,1714152000
2001-07-27,0.32854199409484863,0.3411250114440918,0.3187499940395355,0.3375000059604645,0.30870920419692993,1094688000
2001-07-30,0.3379170000553131,0.3392919898033142,0.3258329927921295,0.32945799827575684,0.3013533055782318,582288000
2001-07-31,0.3299170136451721,0.33854201436042786,0.31791698932647705,0.33708301186561584,0.30832788348197937,1187760000
2001-08-01,0.34370800852775574,0.35941699147224426,0.3413330018520355,0.3576669991016388,0.32715582847595215,1204944000
2001-08-02,0.3622080087661743,0.3674579858779907,0.34995800256729126,0.36616700887680054,0.33493074774742126,1097928000
2001-08-03,0.36250001192092896,0.36891698837280273,0.35566699504852295,0.36329200863838196,0.33230116963386536,820344000
2001-08-06,0.36070799827575684,0.3779999911785126,0.35683301091194153,0.3742919862270355,0.34236276149749756,1292568000
2001-08-07,0.374208003282547,0.3760420083999634,0.3643749952316284,0.3687500059604645,0.33729350566864014,1088616000
2001-08-08,0.3655419945716858,0.375,0.3577499985694885,0.359375,0.3287181854248047,1125696000
2001-08-09,0.35770800709724426,0.3647499978542328,0.34666699171066284,0.3530830144882202,0.32296279072761536,1643616000
2001-08-10,0.35291698575019836,0.35749998688697815,0.34208300709724426,0.3526670038700104,0.3225824236869812,1036488000
2001-08-13,0.358707994222641,0.3714579939842224,0.35337498784065247,0.3674579858779907,0.336111456155777,1514784000
2001-08-14,0.36079201102256775,0.3631249964237213,0.35316699743270874,0.35770800709724426,0.3271934390068054,2321160000
2001-08-15,0.36579200625419617,0.3700830042362213,0.3549579977989197,0.3581250011920929,0.32757487893104553,1816392000
2001-08-16,0.35154199600219727,0.3737500011920929,0.3501250147819519,0.3732079863548279,0.34137123823165894,1026096000
2001-08-17,0.36375001072883606,0.3684999942779541,0.34608298540115356,0.34904199838638306,0.31926658749580383,1668840000
2001-08-20,0.3468329906463623,0.3503749966621399,0.335999995470047,0.3466250002384186,0.3170557916164398,1183320000
2001-08-21,0.3474999964237213,0.35666701197624207,0.33879199624061584,0.3393329977989197,0.31038591265678406,1186656000
2001-08-22,0.3453330099582672,0.3536669909954071,0.3343749940395355,0.35329198837280273,0.3231540322303772,1498104000
2001-08-23,0.3520829975605011,0.3566249907016754,0.34375,0.3454580008983612,0.3159883916378021,1013592000
2001-08-24,0.34916698932647705,0.3624579906463623,0.34712499380111694,0.35533300042152405,0.32502084970474243,1110936000
2001-08-27,0.3473750054836273,0.37233299016952515,0.3460420072078705,0.36762499809265137,0.33626440167427063,1279608000
2001-08-28,0.36662501096725464,0.3747920095920563,0.36000001430511475,0.3628329932689667,0.33188119530677795,1178760000
2001-08-29,0.3638330101966858,0.3661249876022339,0.34812501072883606,0.3511669933795929,0.3212103545665741,1435800000
2001-08-30,0.34458300471305847,0.35249999165534973,0.3364579975605011,0.3500419855117798,0.320181280374527,1431312000
2001-08-31,0.34770798683166504,0.3561669886112213,0.34312498569488525,0.35295799374580383,0.32284852862358093,887904000
2001-09-04,0.35199999809265137,0.35199999809265137,0.3259580135345459,0.32841700315475464,0.3004010021686554,1856136000
2001-09-05,0.328125,0.3379170000553131,0.3147920072078705,0.3354170024394989,0.3068038523197174,2395584000
2001-09-06,0.328792005777359,0.3391669988632202,0.32020801305770874,0.32170799374580383,0.2942643463611603,1950768000
2001-09-07,0.31666699051856995,0.33000001311302185,0.3149999976158142,0.3250829875469208,0.2973514795303345,1970256000
2001-09-10,0.3223330080509186,0.32729199528694153,0.30912500619888306,0.3156670033931732,0.2887386977672577,1872360000
2001-09-17,0.29600000381469727,0.3032500147819519,0.2818329930305481,0.28325000405311584,0.25908708572387695,1138596000
2001-09-18,0.2887499928474426,0.2908329963684082,0.25975000858306885,0.266167014837265,0.24346141517162323,894372000
2001-09-19,0.2676669955253601,0.2707499861717224,0.22550000250339508,0.26291701197624207,0.2404886931180954,1561908000
2001-09-20,0.24883300065994263,0.25791698694229126,0.23333300650119781,0.24066700041294098,0.22013667225837708,1470696000
2001-09-21,0.22208300232887268,0.23566700518131256,0.21674999594688416,0.22474999725818634,0.20557744801044464,1226304000
2001-09-24,0.2425830066204071,0.2536669969558716,0.23183299601078033,0.25,0.22867348790168762,1507500000
2001-09-25,0.25075000524520874,0.26158300042152405,0.2395000010728836,0.24025000631809235,0.21975524723529816,941724000
2001-09-26,0.24333299696445465,0.2441670000553131,0.22916699945926666,0.23158299922943115,0.21182763576507568,430812000
2001-09-27,0.23074999451637268,0.23333300650119781,0.2125830054283142,0.21875,0.20008935034275055,907296000
2001-09-28,0.22499999403953552,0.2400829941034317,0.21541699767112732,0.22891700267791748,0.20938903093338013,1044876000
2001-10-01,0.22875000536441803,0.23250000178813934,0.20583300292491913,0.2094999998807907,0.19162839651107788,972804000
2001-10-02,0.2091670036315918,0.2175000011920929,0.18883299827575684,0.19900000095367432,0.18202412128448486,1123032000
2001-10-03,0.1979999989271164,0.25075000524520874,0.1979999989271164,0.23816700279712677,0.2178499400615692,1798824000
2001-10-04,0.25083300471305847,0.28166699409484863,0.24216699600219727,0.2690829932689667,0.24612866342067719,1980576000
2001-10-05,0.26499998569488525,0.28075000643730164,0.2549169957637787,0.274167001247406,0.2507789433002472,1078212000
2001-10-08,0.2633329927921295,0.29074999690055847,0.2633329927921295,0.280333012342453,0.25641897320747375,765900000
2001-10-09,0.28108298778533936,0.28666698932647705,0.2601670026779175,0.26816698908805847,0.24529074132442474,917556000
2001-10-10,0.26341700553894043,0.2874999940395355,0.26166701316833496,0.28541699051856995,0.26106932759284973,968124000
2001-10-11,0.3006669878959656,0.3171670138835907,0.29908299446105957,0.31633299589157104,0.2893478572368622,918000000
2001-10-12,0.30833300948143005,0.3375000059604645,0.3072499930858612,0.3369170129299164,0.3081758916378021,1253100000
2001-10-15,0.3270829916000366,0.3458330035209656,0.31791698932647705,0.3354170024394989,0.3068038523197174,908568000
2001-10-16,0.33500000834465027,0.3718329966068268,0.32808300852775574,0.3691670000553131,0.3376750349998474,1383852000
2001-10-17,0.37733298540115356,0.3774999976158142,0.3458330035209656,0.3474999964237213,0.317856103181839,1695540000
2001-10-18,0.3474999964237213,0.36558300256729126,0.34666699171066284,0.36216700077056885,0.33127209544181824,1020864000
2001-10-19,0.3569999933242798,0.375,0.35249999165534973,0.3696669936180115,0.33813217282295227,1059264000
2001-10-22,0.3669170141220093,0.3833329975605011,0.35874998569488525,0.3784169852733612,0.3461357355117798,970824000
2001-10-23,0.38324999809265137,0.390082985162735,0.36333298683166504,0.37174999713897705,0.3400375247001648,953028000
2001-10-24,0.36500000953674316,0.38908299803733826,0.36083298921585083,0.38816699385643005,0.35505411028862,1212144000
2001-10-25,0.37916699051856995,0.41783300042152405,0.37333300709724426,0.4109170138835907,0.3758634030818939,1152396000
2001-10-26,0.4080829918384552,0.42033299803733826,0.37916699051856995,0.38158300518989563,0.3490317463874817,1097124000
2001-10-29,0.38291698694229126,0.3895829916000366,0.35016700625419617,0.3505829870700836,0.32067620754241943,1004796000
2001-10-30,0.34416699409484863,0.36616700887680054,0.3362500071525574,0.3499999940395355,0.3201429545879364,1153380000
2001-10-31,0.36308300495147705,0.3729169964790344,0.3520829975605011,0.35716700553894043,0.32669857144355774,989292000
2001-11-01,0.3617500066757202,0.39058300852775574,0.35624998807907104,0.3876670002937317,0.35459667444229126,1093776000
2001-11-02,0.3859170079231262,0.397832989692688,0.3716669976711273,0.39308300614356995,0.35955074429512024,1087248000
2001-11-05,0.39991700649261475,0.4108330011367798,0.3919999897480011,0.3944999873638153,0.36084672808647156,933456000
2001-11-06,0.39375001192092896,0.42341700196266174,0.3916670083999634,0.42158299684524536,0.38561946153640747,1415376000
2001-11-07,0.4183329939842224,0.438167005777359,0.4159170091152191,0.42191699147224426,0.3859249949455261,1419144000
2001-11-08,0.42716699838638306,0.4328329861164093,0.40208300948143005,0.4145829975605011,0.37921661138534546,1915188000
2001-11-09,0.4329169988632202,0.4436669945716858,0.4249170124530792,0.4433329999446869,0.4055139720439911,2270484000
2001-11-12,0.44166699051856995,0.4665830135345459,0.4281669855117798,0.45524999499320984,0.41641443967819214,1458636000
2001-11-13,0.4566670060157776,0.4567500054836273,0.4449999928474426,0.4514999985694885,0.41298431158065796,1446516000
2001-11-14,0.4548330008983612,0.4591670036315918,0.4266670048236847,0.43891701102256775,0.40147483348846436,1150224000
2001-11-15,0.43391698598861694,0.44725000858306885,0.42841699719429016,0.4412499964237213,0.4036087691783905,874944000
2001-11-16,0.44166699051856995,0.44633299112319946,0.43149998784065247,0.43741700053215027,0.4001026451587677,496128000
2001-11-19,0.4417499899864197,0.4458329975605011,0.4041669964790344,0.4278329908847809,0.39133623242378235,1943052000
2001-11-20,0.42991700768470764,0.43741700053215027,0.41108301281929016,0.4158329963684082,0.380359947681427,937884000
2001-11-21,0.40883299708366394,0.4214169979095459,0.39833301305770874,0.4104999899864197,0.37548187375068665,728412000
2001-11-23,0.4120829999446869,0.41666701436042786,0.4050000011920929,0.41624999046325684,0.3807414174079895,254016000
2001-11-26,0.4232499897480011,0.44658300280570984,0.4220829904079437,0.44600000977516174,0.40795350074768066,1215780000
2001-11-27,0.44574999809265137,0.46083301305770874,0.4375,0.4507499933242798,0.412298321723938,1183992000
2001-11-28,0.4449999928474426,0.4524169862270355,0.4269999861717224,0.42800000309944153,0.3914889991283417,740844000
2001-11-29,0.4590829908847809,0.46141698956489563,0.4449999928474426,0.4467499852180481,0.4086395502090454,5135472000
2001-11-30,0.44658300280570984,0.4585829973220825,0.4399999976158142,0.45533299446105957,0.416490375995636,1034028000
2001-12-03,0.44574999809265137,0.4513329863548279,0.44041699171066284,0.4484170079231262,0.4101642966270447,851496000
2001-12-04,0.45066699385643005,0.48500001430511475,0.45066699385643005,0.484499990940094,0.4431692957878113,1384644000
2001-12-05,0.48833298683166504,0.5245829820632935,0.4879170060157776,0.5235829949378967,0.47891807556152344,1707036000
2001-12-06,0.5195000171661377,0.5208330154418945,0.5022500157356262,0.5153329968452454,0.47137194871902466,1138944000
2001-12-07,0.5115000009536743,0.5161669850349426,0.4906669855117798,0.49958300590515137,0.45696550607681274,807036000
2001-12-10,0.49708300828933716,0.515999972820282,0.492917001247406,0.5045830011367798,0.4615391194820404,695868000
2001-12-11,0.5134170055389404,0.5345829725265503,0.5083330273628235,0.5226669907569885,0.47808048129081726,792252000
2001-12-12,0.5266669988632202,0.5391669869422913,0.5164999961853027,0.5389170050621033,0.4929438829421997,1004628000
2001-12-13,0.5283330082893372,0.535082995891571,0.5213329792022705,0.5234169960021973,0.47876641154289246,881400000
2001-12-14,0.5233330130577087,0.5495830178260803,0.5209169983863831,0.546999990940094,0.5003376603126526,754680000
2001-12-17,0.5428329706192017,0.5745829939842224,0.5428329706192017,0.5666670203208923,0.5183268785476685,1080960000
2001-12-18,0.5542500019073486,0.5620830059051514,0.5474169850349426,0.5520830154418945,0.5049870014190674,886968000
2001-12-19,0.5429999828338623,0.554082989692688,0.5349169969558716,0.5370000004768372,0.49119076132774353,854652000
2001-12-20,0.5391669869422913,0.5489169955253601,0.5139170289039612,0.5158330202102661,0.4718294143676758,951228000
2001-12-21,0.5270829796791077,0.5416669845581055,0.5210000276565552,0.5381669998168945,0.4922581911087036,723972000
2001-12-24,0.5379170179367065,0.554332971572876,0.5376669764518738,0.5515829920768738,0.5045295357704163,265308000
2001-12-26,0.554332971572876,0.5745000243186951,0.5542500019073486,0.5650830268859863,0.5168783664703369,642156000
2001-12-27,0.5699999928474426,0.5807499885559082,0.5691670179367065,0.5781670212745667,0.5288459658622742,730152000
2001-12-28,0.5815830230712891,0.5854169726371765,0.558667004108429,0.5642499923706055,0.5161159634590149,757680000
2001-12-31,0.5684170126914978,0.5716670155525208,0.5562499761581421,0.5575000047683716,0.5099419355392456,737580000
2002-01-02,0.5599169731140137,0.5704169869422913,0.5458329916000366,0.5608329772949219,0.5129906535148621,1298904000
2002-01-03,0.5619999766349792,0.6000000238418579,0.5616670250892639,0.597582995891571,0.5466055870056152,1414752000
2002-01-04,0.6054999828338623,0.6054999828338623,0.5699999928474426,0.5801669955253601,0.5306754112243652,936288000
2002-01-07,0.5824999809265137,0.5833330154418945,0.5567499995231628,0.5645830035209656,0.5164207220077515,973068000
2002-01-08,0.5634170174598694,0.584833025932312,0.5615000128746033,0.5712500214576721,0.5225187540054321,774360000
2002-01-09,0.5791670083999634,0.5895829796791077,0.555417001247406,0.5634170174598694,0.5153540968894958,1141188000
2002-01-10,0.5604169964790344,0.5680829882621765,0.5450000166893005,0.5499169826507568,0.5030057430267334,992508000
2002-01-11,0.553583025932312,0.5537499785423279,0.5234169960021973,0.525583028793335,0.4807475805282593,1380852000
2002-01-14,0.524416983127594,0.5280830264091492,0.49799999594688416,0.49799999594688416,0.4555176794528961,1369560000
2002-01-15,0.518750011920929,0.5448330044746399,0.5181670188903809,0.5444999933242798,0.4980509281158447,1838808000
2002-01-16,0.5370830297470093,0.5405830144882202,0.5212500095367432,0.5232499837875366,0.47861361503601074,1115388000
2002-01-17,0.5405830144882202,0.5416669845581055,0.5210000276565552,0.5415830016136169,0.4953826665878296,1121544000
2002-01-18,0.521166980266571,0.5354170203208923,0.5208330154418945,0.5316669940948486,0.486312597990036,803676000
2002-01-22,0.536666989326477,0.538083016872406,0.5123329758644104,0.5183330178260803,0.47411611676216125,1085028000
2002-01-23,0.5230000019073486,0.5318329930305481,0.5126670002937317,0.5280830264091492,0.4830344319343567,889164000
2002-01-24,0.5333330035209656,0.5525000095367432,0.5220829844474792,0.546999990940094,0.5003376603126526,1137684000
2002-01-25,0.5391669869422913,0.5591670274734497,0.5325000286102295,0.5455830097198486,0.49904146790504456,817752000
2002-01-28,0.5562499761581421,0.5666670203208923,0.5507500171661377,0.566582977771759,0.5182499289512634,924288000
2002-01-29,0.567916989326477,0.569582998752594,0.5299999713897705,0.5388330221176147,0.4928673207759857,1381932000
2002-01-30,0.5416669845581055,0.5457500219345093,0.5287500023841858,0.5453330278396606,0.49881282448768616,1218456000
2002-01-31,0.552416980266571,0.5566669702529907,0.5295829772949219,0.5478330254554749,0.501099705696106,973980000
2002-02-01,0.5469170212745667,0.5527499914169312,0.53125,0.5344169735908508,0.48882803320884705,688272000
2002-02-04,0.5332499742507935,0.5462499856948853,0.508417010307312,0.5092499852180481,0.4658079147338867,1104864000
2002-02-05,0.5058330297470093,0.5102499723434448,0.48441699147224426,0.5042499899864197,0.46123450994491577,1474620000
2002-02-06,0.5175830125808716,0.5257499814033508,0.5074999928474426,0.5168330073356628,0.47274404764175415,1242528000
2002-02-07,0.5174999833106995,0.5174999833106995,0.49766701459884644,0.5000830292701721,0.4574229419231415,964476000
2002-02-08,0.5034170150756836,0.5062500238418579,0.4619170129299164,0.48100000619888306,0.43996793031692505,1871292000
2002-02-11,0.4802500009536743,0.5083330273628235,0.47850000858306885,0.5075830221176147,0.4642832279205322,1249224000
2002-02-12,0.49991700053215027,0.5279170274734497,0.4941670000553131,0.5183330178260803,0.47411611676216125,1216500000
2002-02-13,0.5249999761581421,0.5338330268859863,0.5066670179367065,0.511667013168335,0.46801871061325073,1230432000
2002-02-14,0.515999972820282,0.5287500023841858,0.5095000267028809,0.5180000066757202,0.47381162643432617,1225692000
2002-02-15,0.4941670000553131,0.49708300828933716,0.47291699051856995,0.47791698575019836,0.43714776635169983,3988548000
2002-02-19,0.45750001072883606,0.4622499942779541,0.44258299469947815,0.44624999165534973,0.4081822633743286,1972524000
2002-02-20,0.43833300471305847,0.4745829999446869,0.4375,0.46958300471305847,0.4295247793197632,1838736000
2002-02-21,0.4631670117378235,0.46333301067352295,0.4369170069694519,0.4375,0.4001787006855011,1531044000
2002-02-22,0.42875000834465027,0.4337500035762787,0.41041699051856995,0.41600000858306885,0.38051271438598633,2585616000
2002-02-25,0.41791701316833496,0.45183300971984863,0.41783300042152405,0.4485830068588257,0.41031613945961,1599564000
2002-02-26,0.45841699838638306,0.4662500023841858,0.44624999165534973,0.45833298563957214,0.4192344546318054,1902672000
2002-02-27,0.46875,0.47075000405311584,0.44166699051856995,0.44291698932647705,0.40513351559638977,1723224000
2002-02-28,0.4399999976158142,0.44791701436042786,0.421332985162735,0.4250830113887787,0.3888208270072937,1585440000
2002-03-01,0.4291670024394989,0.4666669964790344,0.4279170036315918,0.46616700291633606,0.42640024423599243,1311396000
2002-03-04,0.4675830006599426,0.4975000023841858,0.4630829989910126,0.49216699600219727,0.4501821994781494,1484724000
2002-03-05,0.4845829904079437,0.504082977771759,0.4841670095920563,0.49091699719429016,0.4490388333797455,1379448000
2002-03-06,0.4762499928474426,0.4810830056667328,0.4652499854564667,0.4754999876022339,0.43493714928627014,1446060000
2002-03-07,0.48225000500679016,0.483832985162735,0.4584999978542328,0.47166699171066284,0.43143096566200256,1346532000
2002-03-08,0.48066699504852295,0.4957500100135803,0.4783329963684082,0.4857499897480011,0.4443124532699585,1270356000
2002-03-11,0.48041701316833496,0.4857499897480011,0.4720830023288727,0.48008298873901367,0.43912896513938904,810540000
2002-03-12,0.4654169976711273,0.46791699528694153,0.45166701078414917,0.4549170136451721,0.41610977053642273,1255032000
2002-03-13,0.45066699385643005,0.453916996717453,0.4449999928474426,0.44666698575019836,0.40856364369392395,1031616000
2002-03-14,0.4433329999446869,0.4433329999446869,0.42100000381469727,0.42191699147224426,0.3859249949455261,1139460000
2002-03-15,0.4249170124530792,0.4402500092983246,0.4168330132961273,0.43974998593330383,0.40223678946495056,1248288000
2002-03-18,0.4477500021457672,0.45741701126098633,0.4347499907016754,0.43974998593330383,0.40223678946495056,1236996000
2002-03-19,0.44291698932647705,0.4437499940395355,0.4278329908847809,0.430417001247406,0.39369985461235046,846072000
2002-03-20,0.42333298921585083,0.4241670072078705,0.38624998927116394,0.3876670002937317,0.35459667444229126,2292588000
2002-03-21,0.3942500054836273,0.41291698813438416,0.38383299112319946,0.40825000405311584,0.37342387437820435,1721712000
2002-03-22,0.4155830144882202,0.4155830144882202,0.4016669988632202,0.4047499895095825,0.37022244930267334,1249140000
2002-03-25,0.4028330147266388,0.40333300828933716,0.3833329975605011,0.38383299112319946,0.3510896861553192,884160000
2002-03-26,0.37983301281929016,0.40141698718070984,0.37766700983047485,0.3916670083999634,0.3582555055618286,1123512000
2002-03-27,0.38566699624061584,0.3935000002384186,0.3725000023841858,0.37916699051856995,0.3468219041824341,1068012000
2002-03-28,0.3817499876022339,0.38416698575019836,0.34891700744628906,0.3696669936180115,0.33813217282295227,3124080000
2002-04-01,0.34916698932647705,0.3664169907569885,0.33799999952316284,0.3635829985141754,0.3325671851634979,2365344000
2002-04-02,0.3526670038700104,0.37241700291633606,0.35199999809265137,0.35408300161361694,0.32387757301330566,1438008000
2002-04-03,0.35566699504852295,0.3653329908847809,0.3483330011367798,0.3607499897480011,0.32997575402259827,1094640000
2002-04-04,0.3580000102519989,0.3712500035762787,0.3530830144882202,0.35899999737739563,0.32837504148483276,1130964000
2002-04-05,0.3613330125808716,0.36716699600219727,0.3471669852733612,0.350832998752594,0.32090479135513306,1026900000
2002-04-08,0.33458301424980164,0.3625830113887787,0.3345000147819519,0.3625830113887787,0.33165261149406433,1151316000
2002-04-09,0.36616700887680054,0.3691670000553131,0.3388330042362213,0.3396669924259186,0.31069135665893555,1380768000
2002-04-10,0.34241700172424316,0.3449999988079071,0.2966670095920563,0.320917010307312,0.29354098439216614,3689724000
2002-04-11,0.3183329999446869,0.3224169909954071,0.30333301424980164,0.3068329989910126,0.2806583046913147,1437288000
2002-04-12,0.3136669993400574,0.3161669969558716,0.296083003282547,0.3056670129299164,0.27959170937538147,1376880000
2002-04-15,0.311583012342453,0.3232499957084656,0.31083300709724426,0.3179999887943268,0.290872722864151,1157208000
2002-04-16,0.3322499990463257,0.3356670141220093,0.32533299922943115,0.33183300495147705,0.3035256564617157,854856000
2002-04-17,0.335750013589859,0.3406670093536377,0.3252499997615814,0.335750013589859,0.3071085810661316,944484000
2002-04-18,0.3323329985141754,0.33591699600219727,0.32291701436042786,0.3301669955253601,0.3020017445087433,693156000
2002-04-19,0.3190000057220459,0.32291701436042786,0.3072499930858612,0.30766698718070984,0.28142115473747253,1125672000
2002-04-22,0.30425000190734863,0.31541699171066284,0.3041670024394989,0.3091669976711273,0.28279316425323486,808176000
2002-04-23,0.311583012342453,0.31516700983047485,0.2939170002937317,0.2966670095920563,0.2713594436645508,773508000
2002-04-24,0.3000830113887787,0.304500013589859,0.26991701126098633,0.2706669867038727,0.2475774884223938,1582956000
2002-04-25,0.26958298683166504,0.2865830063819885,0.2694999873638153,0.28116700053215027,0.25718167424201965,1168296000
2002-04-26,0.2842499911785126,0.2845830023288727,0.2530829906463623,0.2530829906463623,0.23149347305297852,1191120000
2002-04-29,0.28299999237060547,0.2994999885559082,0.273499995470047,0.2952499985694885,0.2700633704662323,3930852000
2002-04-30,0.3022499978542328,0.3062500059604645,0.2837499976158142,0.29008299112319946,0.2653372287750244,1776504000
2002-05-01,0.2853330075740814,0.29941698908805847,0.2779169976711273,0.29533299803733826,0.2701393663883209,1718904000
2002-05-02,0.296750009059906,0.304082989692688,0.2833330035209656,0.2834169864654541,0.2592398524284363,1125084000
2002-05-03,0.2837499976158142,0.2859170138835907,0.27149999141693115,0.2729170024394989,0.24963541328907013,852756000
2002-05-06,0.2658329904079437,0.27833300828933716,0.26033300161361694,0.26249998807907104,0.2401072382926941,1102044000
2002-05-07,0.26833298802375793,0.27391698956489563,0.2559170126914978,0.2690829932689667,0.24612866342067719,1412448000
2002-05-08,0.2874169945716858,0.30466699600219727,0.27833300828933716,0.30000001192092896,0.27440816164016724,1688688000
2002-05-09,0.29908299446105957,0.30524998903274536,0.28666698932647705,0.2871670126914978,0.26267004013061523,1230840000
2002-05-10,0.2930830121040344,0.29416701197624207,0.26249998807907104,0.26566699147224426,0.2430039793252945,1321548000
2002-05-13,0.26841700077056885,0.28266701102256775,0.266167014837265,0.28174999356269836,0.25771498680114746,800892000
2002-05-14,0.2997500002384186,0.31291699409484863,0.2945829927921295,0.3097499907016754,0.28332650661468506,1526112000
2002-05-15,0.3050000071525574,0.32166698575019836,0.3007499873638153,0.3158330023288727,0.2888905107975006,1504548000
2002-05-16,0.3159169852733612,0.32291701436042786,0.3095000088214874,0.31641700863838196,0.2894246280193329,985560000
2002-05-17,0.32499998807907104,0.327333003282547,0.3169170022010803,0.3264169991016388,0.29857176542282104,934404000
2002-05-20,0.3236669898033142,0.33208298683166504,0.3221670091152191,0.3299170136451721,0.30177316069602966,953412000
2002-05-21,0.3341670036315918,0.3387500047683716,0.3044170141220093,0.304749995470047,0.2787531316280365,1382604000
2002-05-22,0.3071669936180115,0.31891700625419617,0.3066670000553131,0.3170830011367798,0.2900339365005493,1547988000
2002-05-23,0.3179999887943268,0.3186669945716858,0.288332998752594,0.29774999618530273,0.27235016226768494,2556780000
2002-05-24,0.2920829951763153,0.2935830056667328,0.28516700863838196,0.29191699624061584,0.2670147120952606,737784000
2002-05-28,0.2944999933242798,0.29466700553894043,0.2745000123977661,0.280333012342453,0.25641897320747375,1367088000
2002-05-29,0.27583301067352295,0.2920829951763153,0.2715829908847809,0.2909170091152191,0.2660999596118927,1311012000
2002-05-30,0.2849999964237213,0.2935830056667328,0.2794170081615448,0.28666698932647705,0.26221269369125366,1066080000
2002-05-31,0.288332998752594,0.2895829975605011,0.27833300828933716,0.2788330018520355,0.25504693388938904,674112000
2002-06-03,0.27208301424980164,0.27333301305770874,0.25908300280570984,0.2624169886112213,0.24003131687641144,901248000
2002-06-04,0.2607499957084656,0.27708300948143005,0.26033300161361694,0.2756670117378235,0.2521509528160095,1095432000
2002-06-05,0.2762500047683716,0.2763330042362213,0.2620829939842224,0.2716670036315918,0.2484923154115677,1114308000
2002-06-06,0.2688330113887787,0.2754170000553131,0.26875001192092896,0.27175000309944153,0.24856820702552795,739356000
2002-06-07,0.2496670037508011,0.27250000834465027,0.24958300590515137,0.2691670060157776,0.24620549380779266,1371300000
2002-06-10,0.27274999022483826,0.280333012342453,0.26625001430511475,0.26691699028015137,0.244147390127182,749148000
2002-06-11,0.2713330090045929,0.27250000834465027,0.2542499899864197,0.2549169957637787,0.2331710010766983,859308000
2002-06-12,0.24883300065994263,0.2533330023288727,0.22224999964237213,0.23291699588298798,0.21304777264595032,2267544000
2002-06-13,0.23466700315475464,0.23899999260902405,0.22316700220108032,0.2304999977350235,0.21083702147006989,1265892000
2002-06-14,0.22200000286102295,0.23658299446105957,0.21449999511241913,0.2348330020904541,0.21480032801628113,1116444000
2002-06-17,0.2400829941034317,0.2431669980287552,0.23283299803733826,0.23691700398921967,0.21670657396316528,1054140000
2002-06-18,0.23399999737739563,0.24250000715255737,0.23125000298023224,0.23566700518131256,0.21556317806243896,1008300000
2002-06-19,0.22416700422763824,0.22416700422763824,0.19699999690055847,0.19875000417232513,0.1817953884601593,2593620000
2002-06-20,0.19916699826717377,0.20458300411701202,0.1943330019712448,0.19691699743270874,0.18011878430843353,1425048000
2002-06-21,0.19591699540615082,0.20350000262260437,0.18483300507068634,0.18883299827575684,0.1727243810892105,1484364000
2002-06-24,0.18400000035762787,0.19824999570846558,0.17833299934864044,0.19233299791812897,0.17592589557170868,1379592000
2002-06-25,0.1958329975605011,0.1958329975605011,0.17524999380111694,0.17641699314117432,0.16136759519577026,1172232000
2002-06-26,0.15641699731349945,0.17316700518131256,0.15208299458026886,0.16725000739097595,0.15298260748386383,2067828000
2002-06-27,0.17341700196266174,0.17475000023841858,0.14000000059604645,0.1423330008983612,0.1301911622285843,3182808000
2002-06-28,0.14000000059604645,0.1490830034017563,0.13691699504852295,0.14316700398921967,0.13095396757125854,1991184000
2002-07-01,0.14249999821186066,0.1466670036315918,0.139833003282547,0.14283299446105957,0.13064852356910706,1164372000
2002-07-02,0.14116699993610382,0.14166699349880219,0.13016700744628906,0.13383300602436066,0.12241622805595398,1368180000
2002-07-03,0.13300000131130219,0.14566700160503387,0.13291700184345245,0.1454170048236847,0.13301204144954681,1073304000
2002-07-05,0.15583300590515137,0.15833300352096558,0.1513330042362213,0.15825000405311584,0.14475035667419434,739524000
2002-07-08,0.15641699731349945,0.1686670035123825,0.15625,0.16300000250339508,0.14909514784812927,1587180000
2002-07-09,0.1634169965982437,0.1655000001192093,0.15150000154972076,0.1550000011920929,0.14177758991718292,1075080000
2002-07-10,0.1587499976158142,0.1599999964237213,0.14966699481010437,0.15074999630451202,0.13789013028144836,926988000
2002-07-11,0.14991700649261475,0.16666699945926666,0.14858299493789673,0.16608299314975739,0.1519150733947754,1143948000
2002-07-12,0.17499999701976776,0.17566700279712677,0.16249999403953552,0.16591699421405792,0.15176324546337128,1344900000
2002-07-15,0.16633300483226776,0.18250000476837158,0.15883299708366394,0.18241700530052185,0.16685570776462555,1495272000
2002-07-16,0.1779170036315918,0.194582998752594,0.17458300292491913,0.17749999463558197,0.16235817968845367,1773432000
2002-07-17,0.17366699874401093,0.17708300054073334,0.15549999475479126,0.1624169945716858,0.14856182038784027,1922364000
2002-07-18,0.15974999964237213,0.16916699707508087,0.15783299505710602,0.15825000405311584,0.14475035667419434,1243188000
2002-07-19,0.15341700613498688,0.15950000286102295,0.15000000596046448,0.15108299255371094,0.13819468021392822,845772000
2002-07-22,0.1504170000553131,0.15466700494289398,0.13791699707508087,0.14408299326896667,0.1317918449640274,1290744000
2002-07-23,0.14491699635982513,0.14583300054073334,0.1284170001745224,0.1333329975605011,0.12195888161659241,1409652000
2002-07-24,0.1315000057220459,0.14399999380111694,0.13141700625419617,0.14183300733566284,0.1297338306903839,1175100000
2002-07-25,0.13633300364017487,0.1367499977350235,0.12091699987649918,0.12549999356269836,0.11479409039020538,1796448000
2002-07-26,0.12916700541973114,0.1321669965982437,0.11916700005531311,0.12258300185203552,0.1121259555220604,1221900000
2002-07-29,0.12766699492931366,0.12833300232887268,0.1219170019030571,0.12600000202655792,0.11525148153305054,1227720000
2002-07-30,0.12541699409484863,0.14149999618530273,0.125,0.13516700267791748,0.12363646179437637,1818012000
2002-07-31,0.09849999845027924,0.10050000250339508,0.09116700291633606,0.09224999696016312,0.08438048511743546,4837140000
2002-08-01,0.09300000220537186,0.09300000220537186,0.08333300054073334,0.08341699838638306,0.07630101591348648,1725708000
2002-08-02,0.08608300238847733,0.086667001247406,0.07583300024271011,0.07791700214147568,0.07127020508050919,1795260000
2002-08-05,0.0767500028014183,0.07691700011491776,0.07074999809265137,0.07166700065135956,0.06555339694023132,1330716000
2002-08-06,0.07500000298023224,0.07824999839067459,0.07383300364017487,0.07541699707508087,0.06898348033428192,1168800000
2002-08-07,0.07874999940395355,0.0794999971985817,0.0708329975605011,0.0736669972538948,0.06738276034593582,892980000
2002-08-08,0.07441700249910355,0.0798330008983612,0.07249999791383743,0.07850000262260437,0.07180347293615341,755424000
2002-08-09,0.0764169991016388,0.07916700094938278,0.07508300244808197,0.07666700333356857,0.07012686133384705,581304000
2002-08-12,0.07583300024271011,0.07958299666643143,0.07383300364017487,0.07666700333356857,0.07012686133384705,592800000
2002-08-13,0.07716699689626694,0.08091700077056885,0.07500000298023224,0.07508300244808197,0.06867800652980804,654420000
2002-08-14,0.07649999856948853,0.08083300292491913,0.07583300024271011,0.0801670029759407,0.07332828640937805,632688000
2002-08-15,0.08316700160503387,0.08741699904203415,0.08233299851417542,0.08574999868869781,0.0784350261092186,1140120000
2002-08-16,0.08116699755191803,0.09208299964666367,0.07866699993610382,0.0890830010175705,0.08148369938135147,1657428000
2002-08-19,0.09291700273752213,0.11208300292491913,0.09274999797344208,0.10541699826717377,0.09642426669597626,2243928000
2002-08-20,0.10625000298023224,0.10833299905061722,0.09941700100898743,0.10074999928474426,0.09215543419122696,1429488000
2002-08-21,0.10533300042152405,0.10741700232028961,0.10041700303554535,0.10608299821615219,0.0970335304737091,1194876000
2002-08-22,0.10291700065135956,0.10708300024271011,0.10183300077915192,0.10249999910593033,0.09375613182783127,1358496000
2002-08-23,0.09958299994468689,0.1002499982714653,0.09516700357198715,0.09574999660253525,0.08758197724819183,919932000
2002-08-26,0.09758300334215164,0.09825000166893005,0.09200000017881393,0.09650000184774399,0.0882679745554924,698568000
2002-08-27,0.09816700220108032,0.09866700321435928,0.09041699767112732,0.09099999815225601,0.08323714882135391,686712000
2002-08-28,0.09049999713897705,0.0906670019030571,0.08500000089406967,0.08533299714326859,0.07805358618497849,700356000
2002-08-29,0.08425000309944153,0.0903329998254776,0.08358299732208252,0.08641699701547623,0.07904510200023651,815520000
2002-08-30,0.08558300137519836,0.08916699886322021,0.08250000327825546,0.0841670036315918,0.07698706537485123,1065888000
2002-09-03,0.0801670029759407,0.08058299869298935,0.0776669979095459,0.07900000363588333,0.07226084172725677,847284000
2002-09-04,0.07925000041723251,0.08133299648761749,0.07508300244808197,0.07850000262260437,0.07180347293615341,930552000
2002-09-05,0.07774999737739563,0.07808300107717514,0.07500000298023224,0.0754999965429306,0.06905944645404816,714312000
2002-09-06,0.07866699993610382,0.07933299988508224,0.07599999755620956,0.07716699689626694,0.07058415561914444,746460000
2002-09-09,0.07658299803733826,0.0794999971985817,0.0742499977350235,0.07708299905061722,0.07050735503435135,578040000
2002-09-10,0.07666700333356857,0.09208299964666367,0.07658299803733826,0.08808299899101257,0.08056905120611191,2317632000
2002-09-11,0.09083300083875656,0.09916699677705765,0.09083300083875656,0.09241700172424316,0.08453328907489777,1657536000
2002-09-12,0.09016700088977814,0.09508299827575684,0.0885000005364418,0.08950000256299973,0.0818651095032692,1294932000
2002-09-13,0.08858300000429153,0.09283299744129181,0.08749999850988388,0.08808299899101257,0.08056905120611191,796872000
2002-09-16,0.08675000071525574,0.08708299696445465,0.08041699975728989,0.08250000327825546,0.07546225190162659,925464000
2002-09-17,0.08616700023412704,0.08824999630451202,0.0807500034570694,0.08124999701976776,0.07431889325380325,884052000
2002-09-18,0.07999999821186066,0.08158300071954727,0.07658299803733826,0.07900000363588333,0.07226084172725677,811692000
2002-09-19,0.07724999636411667,0.07999999821186066,0.07591699808835983,0.07633300125598907,0.06982136517763138,618492000
2002-09-20,0.07691700011491776,0.07850000262260437,0.07508300244808197,0.0767500028014183,0.0702027752995491,687312000
2002-09-23,0.0754999965429306,0.07625000178813934,0.07291699945926666,0.07341700047254562,0.06715407967567444,521676000
2002-09-24,0.07258299738168716,0.07750000059604645,0.07124999910593033,0.07400000095367432,0.06768738478422165,624444000
2002-09-25,0.07833299785852432,0.07958299666643143,0.07524999976158142,0.07808300107717514,0.07142207771539688,896616000
2002-09-26,0.07958299666643143,0.08041699975728989,0.07275000214576721,0.07391700148582458,0.06761141866445541,739560000
2002-09-27,0.07374999672174454,0.07566700130701065,0.07124999910593033,0.07133299857378006,0.06524787843227386,650688000
2002-09-30,0.07108300179243088,0.07441700249910355,0.069582998752594,0.07133299857378006,0.06524787843227386,584124000
2002-10-01,0.07191699743270874,0.07583300024271011,0.06933300197124481,0.07516700029373169,0.06875480711460114,888360000
2002-10-02,0.07575000077486038,0.07958299666643143,0.07508300244808197,0.07508300244808197,0.06867800652980804,749100000
2002-10-03,0.07416699826717377,0.07541699707508087,0.07124999910593033,0.07141699641942978,0.06532471626996994,590568000
2002-10-04,0.07124999910593033,0.07349999994039536,0.06666699796915054,0.06783299893140793,0.06204643473029137,529788000
2002-10-07,0.06691700220108032,0.06825000047683716,0.06400000303983688,0.06449999660253525,0.0589977502822876,493068000
2002-10-08,0.06666699796915054,0.06683299690485,0.05999999865889549,0.06258299946784973,0.057244300842285156,714252000
2002-10-09,0.06166699901223183,0.06566700339317322,0.060332998633384705,0.061416998505592346,0.05617775395512581,573132000
2002-10-10,0.060832999646663666,0.06658300012350082,0.060832999646663666,0.06458300352096558,0.05907368287444115,538032000
2002-10-11,0.06708300113677979,0.07458300143480301,0.06666699796915054,0.07341700047254562,0.06715407967567444,994140000
2002-10-14,0.07124999910593033,0.07341700047254562,0.06975000351667404,0.07124999910593033,0.06517194956541061,611484000
2002-10-15,0.07916700094938278,0.0820000022649765,0.07758300006389618,0.07866699993610382,0.07195623964071274,852768000
2002-10-16,0.0733330026268959,0.07400000095367432,0.0708329975605011,0.0720829963684082,0.06593386828899384,578124000
2002-10-17,0.07833299785852432,0.08124999701976776,0.0764169991016388,0.07758300006389618,0.0709647387266159,585792000
2002-10-18,0.07716699689626694,0.07916700094938278,0.0742499977350235,0.07833299785852432,0.07165076583623886,498372000
2002-10-21,0.07724999636411667,0.08824999630451202,0.0754999965429306,0.0854170024394989,0.07813042402267456,930624000
2002-10-22,0.08150000125169754,0.09333299845457077,0.08141700178384781,0.08824999630451202,0.08072173595428467,1272168000
2002-10-23,0.08958300203084946,0.09308300167322159,0.08833300322294235,0.09183300286531448,0.08399912714958191,925428000
2002-10-24,0.09366700053215027,0.09466700255870819,0.08583299815654755,0.08716700226068497,0.07973113656044006,1055172000
2002-10-25,0.08749999850988388,0.09291700273752213,0.08633299916982651,0.0925000011920929,0.08460919559001923,745956000
2002-10-28,0.09674999862909317,0.09749999642372131,0.09241700172424316,0.09300000220537186,0.0850665345788002,1070544000
2002-10-29,0.09316699951887131,0.09383299946784973,0.08425000309944153,0.08891700208187103,0.08133185654878616,772728000
2002-10-30,0.09175000339746475,0.09666699916124344,0.09141699969768524,0.09366700053215027,0.08567661792039871,1139496000
2002-10-31,0.09433300048112869,0.09983299672603607,0.09408300369977951,0.09916699677705765,0.09070747345685959,1255476000
2002-11-01,0.09766700118780136,0.11891700327396393,0.09749999642372131,0.11749999970197678,0.10747656226158142,2128836000
2002-11-04,0.12458299845457077,0.13758300244808197,0.12425000220537186,0.13033300638198853,0.11921482533216476,2688132000
2002-11-05,0.12999999523162842,0.1321669965982437,0.11958300322294235,0.12516699731349945,0.11448951065540314,2034540000
2002-11-06,0.12941700220108032,0.13500000536441803,0.12433300167322159,0.13483299314975739,0.12333095073699951,1646016000
2002-11-07,0.13133299350738525,0.13133299350738525,0.12049999833106995,0.12125000357627869,0.11090662330389023,1660560000
2002-11-08,0.10249999910593033,0.108583003282547,0.09175000339746475,0.09466700255870819,0.08659133315086365,3798900000
2002-11-11,0.09016700088977814,0.09149999916553497,0.08516699820756912,0.08733300119638443,0.07988296449184418,1378452000
2002-11-12,0.08941700309515,0.09833300113677979,0.08866699784994125,0.09508299827575684,0.08697184175252914,1381188000
2002-11-13,0.09283299744129181,0.100832998752594,0.09099999815225601,0.09808299690485,0.08971595019102097,1802112000
2002-11-14,0.1045830026268959,0.10658299922943115,0.10141699761152267,0.1045830026268959,0.0956614539027214,1138728000
2002-11-15,0.10999999940395355,0.11591699719429016,0.10875000059604645,0.11225000023841858,0.10267440974712372,2054328000
2002-11-18,0.12125000357627869,0.12166699767112732,0.11608300358057022,0.11641699820756912,0.10648591816425323,1982472000
2002-11-19,0.11574999988079071,0.12399999797344208,0.1145000010728836,0.11808300018310547,0.10800983756780624,1971948000
2002-11-20,0.12166699767112732,0.125,0.12008299678564072,0.12399999797344208,0.11342204362154007,1292796000
2002-11-21,0.1289999932050705,0.14066700637340546,0.1287499964237213,0.13449999690055847,0.1230263039469719,2053920000
2002-11-22,0.12633299827575684,0.1336670070886612,0.125,0.13099999725818634,0.11982493102550507,1251900000
2002-11-25,0.1370829939842224,0.13908299803733826,0.13175000250339508,0.13574999570846558,0.12416967749595642,1230084000
2002-11-26,0.13641700148582458,0.13908299803733826,0.13166700303554535,0.132082998752594,0.12081555277109146,1084332000
2002-11-27,0.1376670002937317,0.14466699957847595,0.13591699302196503,0.1423330008983612,0.1301911622285843,1088556000
2002-11-29,0.14608299732208252,0.14816699922084808,0.14166699349880219,0.14274999499320984,0.13057252764701843,519396000
2002-12-02,0.1503330022096634,0.1522500067949295,0.14100000262260437,0.14166699349880219,0.12958194315433502,1167504000
2002-12-03,0.13899999856948853,0.13933299481868744,0.132082998752594,0.13233299553394318,0.12104418873786926,1046220000
2002-12-04,0.12300000339746475,0.125,0.11608300358057022,0.11649999767541885,0.10656189173460007,2206548000
2002-12-05,0.12399999797344208,0.12483300268650055,0.11474999785423279,0.11758299916982651,0.10755246877670288,1594872000
2002-12-06,0.11249999701976776,0.11999999731779099,0.11066699773073196,0.11774999648332596,0.10770523548126221,1159224000
2002-12-09,0.11391700059175491,0.11574999988079071,0.10741700232028961,0.10833299905061722,0.099091537296772,969792000
2002-12-10,0.1110830008983612,0.11958300322294235,0.10966700315475464,0.11741700023412704,0.10740061849355698,1389888000
2002-12-11,0.11658299714326859,0.11999999731779099,0.11266700178384781,0.11675000190734863,0.10679054260253906,1364208000
2002-12-12,0.12108299881219864,0.12250000238418579,0.11458300054073334,0.11483299732208252,0.10503704100847244,1302552000
2002-12-13,0.11275000125169754,0.11275000125169754,0.10949999839067459,0.11033300310373306,0.10092093795537949,707724000
2002-12-16,0.1141669973731041,0.11749999970197678,0.11124999821186066,0.11683300137519836,0.10686644911766052,1056972000
2002-12-17,0.11891700327396393,0.12291699647903442,0.11574999988079071,0.1166670024394989,0.10671459883451462,1077744000
2002-12-18,0.11299999803304672,0.11316700279712677,0.10750000178813934,0.10774999856948853,0.09855827689170837,1126836000
2002-12-19,0.10583300143480301,0.1114170029759407,0.10433299839496613,0.10541699826717377,0.09642426669597626,1100604000
2002-12-20,0.10875000059604645,0.10991699993610382,0.10158299654722214,0.10683300346136093,0.09771953523159027,804576000
2002-12-23,0.10658299922943115,0.110166996717453,0.10625000298023224,0.10758300125598907,0.09840551763772964,498648000
2002-12-24,0.10816700011491776,0.11033300310373306,0.10483299940824509,0.10541699826717377,0.09642426669597626,300336000
2002-12-26,0.10716699808835983,0.10875000059604645,0.10258299857378006,0.10350000113248825,0.0946708545088768,719760000
2002-12-27,0.10633300244808197,0.10658299922943115,0.09866700321435928,0.09958299994468689,0.09108798205852509,702528000
2002-12-30,0.10000000149011612,0.10108300298452377,0.09383299946784973,0.09608300030231476,0.08788654208183289,784740000
2002-12-31,0.09508299827575684,0.09833300113677979,0.09324999898672104,0.0959170013666153,0.08773471415042877,825396000
2003-01-02,0.10000000149011612,0.10374999791383743,0.09658300131559372,0.10258299857378006,0.09383205324411392,1302540000
2003-01-03,0.10291700065135956,0.10625000298023224,0.100832998752594,0.10258299857378006,0.09383205324411392,1037496000
2003-01-06,0.10508300364017487,0.11258299648761749,0.10499999672174454,0.11091700196266174,0.10145510733127594,1033428000
2003-01-07,0.11308299750089645,0.11566700041294098,0.10933300107717514,0.11058299988508224,0.10114962607622147,1498272000
2003-01-08,0.10774999856948853,0.11091700196266174,0.09883300215005875,0.09958299994468689,0.09108798205852509,1852524000
2003-01-09,0.10266699641942978,0.10374999791383743,0.10033299773931503,0.10133299976587296,0.09268868714570999,1436076000
2003-01-10,0.10000000149011612,0.1045830026268959,0.09866700321435928,0.10308299958705902,0.0942893922328949,924492000
2003-01-13,0.10700000077486038,0.10791700333356857,0.10175000131130219,0.10225000232458115,0.09352749586105347,849120000
2003-01-14,0.10258299857378006,0.10400000214576721,0.09991700202226639,0.10300000011920929,0.09421347826719284,868524000
2003-01-15,0.10308299958705902,0.10391700267791748,0.09983299672603607,0.09983299672603607,0.09131661802530289,904584000
2003-01-16,0.09833300113677979,0.09958299994468689,0.09175000339746475,0.09308300167322159,0.08514245599508286,2039976000
2003-01-17,0.09058299660682678,0.09183300286531448,0.08841700106859207,0.08958300203084946,0.08194104582071304,1058832000
2003-01-21,0.09125000238418579,0.09316699951887131,0.08708299696445465,0.08733300119638443,0.07988296449184418,967356000
2003-01-22,0.08708299696445465,0.08966699987649918,0.08683300018310547,0.08741699904203415,0.07995978742837906,550992000
2003-01-23,0.08974999934434891,0.09125000238418579,0.08741699904203415,0.08983299881219864,0.08216972649097443,918456000
2003-01-24,0.0890830010175705,0.08950000256299973,0.0832500010728836,0.08474999666213989,0.07752033323049545,897108000
2003-01-27,0.0829169973731041,0.0872500017285347,0.08141700178384781,0.08349999785423279,0.07637693732976913,889116000
2003-01-28,0.08241699635982513,0.08808299899101257,0.07966700196266174,0.08649999648332596,0.07912103831768036,1785480000
2003-01-29,0.0841670036315918,0.08891700208187103,0.0841670036315918,0.08824999630451202,0.08072173595428467,1022040000
2003-01-30,0.09000000357627869,0.09075000137090683,0.08375000208616257,0.08466699719429016,0.07744438946247101,743064000
2003-01-31,0.08216699957847595,0.08833300322294235,0.08141700178384781,0.0860000029206276,0.07866367697715759,949656000
2003-02-03,0.08758299797773361,0.08933299779891968,0.08583299815654755,0.08766700327396393,0.08018848299980164,755556000
2003-02-04,0.08708299696445465,0.08749999850988388,0.08250000327825546,0.08375000208616257,0.0766056478023529,627720000
2003-02-05,0.08558300137519836,0.08791700005531311,0.0841670036315918,0.08449999988079071,0.07729163020849228,581508000
2003-02-06,0.0903329998254776,0.09049999713897705,0.08375000208616257,0.08516699820756912,0.07790172100067139,1226184000
2003-02-07,0.08683300018310547,0.0872500017285347,0.08116699755191803,0.08133299648761749,0.07439481467008591,915156000
2003-02-10,0.08124999701976776,0.0829169973731041,0.07774999737739563,0.08233299851417542,0.07530952244997025,982632000
2003-02-11,0.08299999684095383,0.0854170024394989,0.08041699975728989,0.08083300292491913,0.07393749058246613,850716000
2003-02-12,0.08083300292491913,0.08425000309944153,0.0801670029759407,0.08124999701976776,0.07431889325380325,641400000
2003-02-13,0.08266700059175491,0.08308299630880356,0.08041699975728989,0.08224999904632568,0.0752335861325264,889164000
2003-02-14,0.09350000321865082,0.10041700303554535,0.09125000238418579,0.10033299773931503,0.09177403897047043,3548844000
2003-02-18,0.10416699945926666,0.10808300226926804,0.10291700065135956,0.10608299821615219,0.0970335304737091,1740516000
2003-02-19,0.10541699826717377,0.10774999856948853,0.1042499989271164,0.10708300024271011,0.09794820845127106,1141212000
2003-02-20,0.10750000178813934,0.11033300310373306,0.10666699707508087,0.10708300024271011,0.09794820845127106,978132000
2003-02-21,0.10700000077486038,0.10741700232028961,0.1033329963684082,0.10716699808835983,0.09802503138780594,913260000
2003-02-24,0.10625000298023224,0.11241699755191803,0.10566700249910355,0.10849999636411667,0.09924430400133133,1137012000
2003-02-25,0.10499999672174454,0.10833299905061722,0.1033329963684082,0.10783299803733826,0.09863419830799103,1239204000
2003-02-26,0.10641700029373169,0.10816700011491776,0.10233300179243088,0.10258299857378006,0.09383205324411392,746892000
2003-02-27,0.10358300060033798,0.10525000095367432,0.10191699862480164,0.10474999994039536,0.09581419825553894,675312000
2003-02-28,0.1014999970793724,0.10541699826717377,0.09849999845027924,0.10516700148582458,0.09619560837745667,1653336000
2003-03-03,0.10641700029373169,0.10833299905061722,0.1020829975605011,0.10341700166463852,0.09459489583969116,702036000
2003-03-04,0.10374999791383743,0.10474999994039536,0.10158299654722214,0.10258299857378006,0.09383205324411392,538392000
2003-03-05,0.10158299654722214,0.10483299940824509,0.10133299976587296,0.1042499989271164,0.09535685181617737,522156000
2003-03-06,0.10341700166463852,0.10441700369119644,0.1020829975605011,0.10249999910593033,0.09375613182783127,548064000
2003-03-07,0.10091699659824371,0.10441700369119644,0.10000000149011612,0.10408300161361694,0.09520411491394043,581148000
2003-03-10,0.10300000011920929,0.10350000113248825,0.10100000351667404,0.10116700083017349,0.09253685176372528,344796000
2003-03-11,0.10191699862480164,0.10358300060033798,0.10074999928474426,0.10191699862480164,0.09322287887334824,417144000
2003-03-12,0.10275000333786011,0.10499999672174454,0.10183300077915192,0.10474999994039536,0.09581419825553894,493920000
2003-03-13,0.10783299803733826,0.11583299934864044,0.1073329970240593,0.11516699939966202,0.1053425520658493,1362732000
2003-03-14,0.11558300256729126,0.1166670024394989,0.11100000143051147,0.11183299869298935,0.1022929698228836,1094220000
2003-03-17,0.10999999940395355,0.12058299779891968,0.10975000262260437,0.11833299696445465,0.10823848843574524,1307808000
2003-03-18,0.117917001247406,0.11924999952316284,0.11500000208616257,0.11741700023412704,0.10740061849355698,932280000
2003-03-19,0.11766699701547623,0.11883299797773361,0.1138330027461052,0.11800000071525574,0.1079338937997818,712992000
2003-03-20,0.11800000071525574,0.1215829998254776,0.11491700261831284,0.11908300220966339,0.10892452299594879,780060000
2003-03-21,0.1231670007109642,0.12358299642801285,0.11266700178384781,0.11800000071525574,0.1079338937997818,1681800000
2003-03-24,0.11316700279712677,0.1166670024394989,0.11249999701976776,0.11358299851417542,0.10389368236064911,839016000
2003-03-25,0.11391700059175491,0.11858300119638443,0.11349999904632568,0.11683300137519836,0.10686644911766052,672828000
2003-03-26,0.11941699683666229,0.12208300083875656,0.1185000017285347,0.12008299678564072,0.10983919352293015,1107840000
2003-03-27,0.1185000017285347,0.12099999934434891,0.1163330003619194,0.1166670024394989,0.10671459883451462,1392732000
2003-03-28,0.1166670024394989,0.11708299815654755,0.11008299887180328,0.11191699653863907,0.10236982256174088,1290684000
2003-03-31,0.10849999636411667,0.1098330020904541,0.10683300346136093,0.1073329970240593,0.09817687422037125,680508000
2003-04-01,0.10958299785852432,0.11166699975728989,0.10716699808835983,0.11050000041723251,0.1010737270116806,533808000
2003-04-02,0.11424999684095383,0.11649999767541885,0.11275000125169754,0.11458300054073334,0.10480838268995285,771900000
2003-04-03,0.1166670024394989,0.1166670024394989,0.11366699635982513,0.11608300358057022,0.10618042200803757,702780000
2003-04-04,0.11641699820756912,0.11658299714326859,0.1110830008983612,0.11158300191164017,0.10206430405378342,513840000
2003-04-07,0.11908300220966339,0.11999999731779099,0.11166699975728989,0.11275000125169754,0.10313176363706589,671256000
2003-04-08,0.11375000327825546,0.11433299630880356,0.11091700196266174,0.11166699975728989,0.10214114189147949,475032000
2003-04-09,0.11208300292491913,0.1150830015540123,0.11091700196266174,0.1110830008983612,0.10160695016384125,694260000
2003-04-10,0.11258299648761749,0.11275000125169754,0.11058299988508224,0.11166699975728989,0.10214114189147949,364104000
2003-04-11,0.11291699856519699,0.1138330027461052,0.10933300107717514,0.11041700094938278,0.10099774599075317,374184000
2003-04-14,0.10875000059604645,0.11266700178384781,0.10841699689626694,0.11233299970626831,0.10275032371282578,445776000
2003-04-15,0.11158300191164017,0.11316700279712677,0.10883300006389618,0.11174999922513962,0.10221707075834274,490212000
2003-04-16,0.11433299630880356,0.11458300054073334,0.11083299666643143,0.11174999922513962,0.10221707075834274,671988000
2003-04-17,0.11258299648761749,0.11400000005960464,0.11025000363588333,0.11375000327825546,0.10404645651578903,520740000
2003-04-21,0.11391700059175491,0.11699999868869781,0.11283300071954727,0.1166670024394989,0.10671459883451462,597144000
2003-04-22,0.11608300358057022,0.11824999749660492,0.1141669973731041,0.11816699802875519,0.10808663815259933,787392000
2003-04-23,0.11800000071525574,0.1215829998254776,0.11708299815654755,0.12083300203084946,0.11052524298429489,606204000
2003-04-24,0.12091699987649918,0.12091699987649918,0.11566700041294098,0.1172500029206276,0.10724788904190063,660912000
2003-04-25,0.11658299714326859,0.11858300119638443,0.11183299869298935,0.11291699856519699,0.10328450053930283,884652000
2003-04-28,0.11424999684095383,0.11841700226068497,0.11291699856519699,0.1163330003619194,0.10640908777713776,674988000
2003-04-29,0.11900000274181366,0.1215829998254776,0.11808300018310547,0.11991699784994125,0.10968741029500961,670344000
2003-04-30,0.11924999952316284,0.12250000238418579,0.11874999850988388,0.11941699683666229,0.10923001170158386,466620000
2003-05-01,0.11858300119638443,0.12133300304412842,0.117917001247406,0.12016700208187103,0.10991604626178741,733368000
2003-05-02,0.12174999713897705,0.1333329975605011,0.12108299881219864,0.13249999284744263,0.12119696289300919,1691088000
2003-05-05,0.13375000655651093,0.1420000046491623,0.13133299350738525,0.13574999570846558,0.12416967749595642,1576164000
2003-05-06,0.13508300483226776,0.13941699266433716,0.13375000655651093,0.13591699302196503,0.12432240694761276,1143864000
2003-05-07,0.13391700387001038,0.1370829939842224,0.13141700625419617,0.13375000655651093,0.1223403811454773,897372000
2003-05-08,0.132082998752594,0.13916699588298798,0.13041700422763824,0.13383300602436066,0.12241622805595398,1957452000
2003-05-09,0.156917005777359,0.17941699922084808,0.1525000035762787,0.17808300256729126,0.16289149224758148,9230856000
2003-05-12,0.1784999966621399,0.18250000476837158,0.17166699469089508,0.17308300733566284,0.15831801295280457,3007860000
2003-05-13,0.16716699302196503,0.17249999940395355,0.1661670058965683,0.1698330044746399,0.15534526109695435,1824108000
2003-05-14,0.17041699588298798,0.17249999940395355,0.16750000417232513,0.16966700553894043,0.15519341826438904,965580000
2003-05-15,0.17216700315475464,0.17583300173282623,0.17125000059604645,0.17550000548362732,0.16052885353565216,1105656000
2003-05-16,0.17333300411701202,0.18025000393390656,0.17308300733566284,0.17716699838638306,0.16205359995365143,1028916000
2003-05-19,0.1748329997062683,0.17649999260902405,0.16508300602436066,0.16716699302196503,0.1529066413640976,1220484000
2003-05-20,0.1674170047044754,0.16958299279212952,0.16666699945926666,0.1683329939842224,0.15397314727306366,884124000
2003-05-21,0.16841700673103333,0.17433300614356995,0.16750000417232513,0.17425000667572021,0.15938544273376465,905472000
2003-05-22,0.1745000034570694,0.17641699314117432,0.17041699588298798,0.1748329997062683,0.1599186658859253,888816000
2003-05-23,0.17499999701976776,0.17833299934864044,0.17316700518131256,0.1739169955253601,0.15908083319664001,867612000
2003-05-27,0.17208300530910492,0.1899999976158142,0.16875000298023224,0.1893330067396164,0.17318177223205566,1677408000
2003-05-28,0.1887499988079071,0.19083300232887268,0.18416699767112732,0.18883299827575684,0.1727243810892105,1235556000
2003-05-29,0.1887499988079071,0.20816700160503387,0.18833300471305847,0.2017499953508377,0.1845395267009735,2297736000
2003-05-30,0.22083300352096558,0.22191700339317322,0.21541699767112732,0.218082994222641,0.19947919249534607,2142312000
2003-06-02,0.22374999523162842,0.2240000069141388,0.20466700196266174,0.20600000023841858,0.18842695653438568,1566144000
2003-06-03,0.20366699993610382,0.21649999916553497,0.2011670023202896,0.21025000512599945,0.19231441617012024,1596804000
2003-06-04,0.20958299934864044,0.21541699767112732,0.2063329964876175,0.21525000035762787,0.19688789546489716,1175604000
2003-06-05,0.21241700649261475,0.2221670001745224,0.20958299934864044,0.22141699492931366,0.20252883434295654,1204404000
2003-06-06,0.23008300364017487,0.23125000298023224,0.21299999952316284,0.21466700732707977,0.19635465741157532,1378836000
2003-06-09,0.21333299577236176,0.21883299946784973,0.2088329941034317,0.21208299696445465,0.1939910501241684,720588000
2003-06-10,0.21208299696445465,0.2153329998254776,0.2097499966621399,0.21516700088977814,0.1968119591474533,563304000
2003-06-11,0.2138330042362213,0.2172500044107437,0.20999999344348907,0.2153329998254776,0.19696375727653503,943836000
2003-06-12,0.2168329954147339,0.21916699409484863,0.21141700446605682,0.21208299696445465,0.1939910501241684,1046688000
2003-06-13,0.20291699469089508,0.20874999463558197,0.19416700303554535,0.19558300077915192,0.17889858782291412,1826808000
2003-06-16,0.19791699945926666,0.20225000381469727,0.18483300507068634,0.19975000619888306,0.18271014094352722,1904868000
2003-06-17,0.20433300733566284,0.20583300292491913,0.1983329951763153,0.2045000046491623,0.18705499172210693,999852000
2003-06-18,0.20250000059604645,0.21641699969768524,0.20083299279212952,0.21233299374580383,0.194219708442688,1122072000
2003-06-19,0.21324999630451202,0.21433299779891968,0.1983329951763153,0.19941699504852295,0.18240556120872498,1190532000
2003-06-20,0.20158299803733826,0.20166699588298798,0.19416700303554535,0.19733299314975739,0.18049931526184082,937848000
2003-06-23,0.19716699421405792,0.19816699624061584,0.18641699850559235,0.19033299386501312,0.1740964651107788,734784000
2003-06-24,0.18916699290275574,0.1933329999446869,0.18383300304412842,0.18991699814796448,0.17371590435504913,1008816000
2003-06-25,0.19041700661182404,0.19816699624061584,0.1896670013666153,0.19116699695587158,0.17485935986042023,1060620000
2003-06-26,0.19175000488758087,0.1940000057220459,0.18574999272823334,0.19141699373722076,0.17508792877197266,960540000
2003-06-27,0.1936669945716858,0.19541700184345245,0.18708300590515137,0.18799999356269836,0.1719624549150467,709104000
2003-06-30,0.19050000607967377,0.19425000250339508,0.18833300471305847,0.1909170001745224,0.17463061213493347,544128000
2003-07-01,0.18850000202655792,0.19900000095367432,0.18674999475479126,0.19875000417232513,0.1817953884601593,977016000
2003-07-02,0.20058299601078033,0.20316700637340546,0.19541700184345245,0.19816699624061584,0.18126213550567627,846828000
2003-07-03,0.19358299672603607,0.20100000500679016,0.19316700100898743,0.19591699540615082,0.17920412123203278,420912000
2003-07-07,0.19858300685882568,0.20983299612998962,0.19850000739097595,0.20874999463558197,0.19094231724739075,832200000
2003-07-08,0.2029999941587448,0.2091670036315918,0.20250000059604645,0.2064169943332672,0.188808411359787,602856000
2003-07-09,0.2063329964876175,0.21458299458026886,0.20600000023841858,0.21116699278354645,0.19315320253372192,755352000
2003-07-10,0.20458300411701202,0.20724999904632568,0.19891700148582458,0.20250000059604645,0.1852254867553711,644568000
2003-07-11,0.20491699874401093,0.20616699755191803,0.20183299481868744,0.2035830020904541,0.18621614575386047,495000000
2003-07-14,0.20874999463558197,0.20999999344348907,0.20100000500679016,0.20200000703334808,0.18476824462413788,694344000
2003-07-15,0.20499999821186066,0.20591700077056885,0.19349999725818634,0.19541700184345245,0.17874673008918762,1143456000
2003-07-16,0.19908300042152405,0.20000000298023224,0.18833300471305847,0.19300000369548798,0.1765359491109848,880476000
2003-07-17,0.1871670037508011,0.18958300352096558,0.18083299696445465,0.18333299458026886,0.16769354045391083,853764000
2003-07-18,0.179749995470047,0.1803330034017563,0.17058299481868744,0.17716699838638306,0.16205359995365143,1280832000
2003-07-21,0.17816700041294098,0.17874999344348907,0.17033299803733826,0.1745000034570694,0.15961410105228424,985140000
2003-07-22,0.17941699922084808,0.18074999749660492,0.17641699314117432,0.17741699516773224,0.1622822880744934,582444000
2003-07-23,0.1772499978542328,0.18083299696445465,0.17191700637340546,0.179749995470047,0.16441628336906433,605328000
2003-07-24,0.18299999833106995,0.18433299660682678,0.17125000059604645,0.17274999618530273,0.15801341831684113,1116828000
2003-07-25,0.17308300733566284,0.17649999260902405,0.16666699945926666,0.17550000548362732,0.16052885353565216,1002084000
2003-07-28,0.17691700160503387,0.17733299732208252,0.16933299601078033,0.17008300125598907,0.15557391941547394,703752000
2003-07-29,0.15466700494289398,0.1679999977350235,0.15299999713897705,0.15891699492931366,0.14536042511463165,2794788000
2003-07-30,0.15833300352096558,0.16016699373722076,0.15616700053215027,0.1571670025587082,0.14375969767570496,788724000
2003-07-31,0.16083300113677979,0.16316699981689453,0.15741699934005737,0.15908299386501312,0.14551228284835815,897600000
2003-08-01,0.15916700661182404,0.16566699743270874,0.15758299827575684,0.16433300077915192,0.15031440556049347,767556000
2003-08-04,0.16416700184345245,0.17350000143051147,0.16316699981689453,0.1704999953508377,0.15595534443855286,1428852000
2003-08-05,0.17491699755191803,0.17891700565814972,0.1685830056667328,0.17000000178813934,0.1554979830980301,1063488000
2003-08-06,0.16775000095367432,0.17000000178813934,0.1589999943971634,0.1630830019712448,0.14917102456092834,1025868000
2003-08-07,0.16266700625419617,0.16500000655651093,0.15866699814796448,0.16083300113677979,0.14711302518844604,1040340000
2003-08-08,0.13791699707508087,0.13850000500679016,0.1271670013666153,0.12916700541973114,0.1181483194231987,3767580000
2003-08-11,0.13124999403953552,0.13791699707508087,0.13041700422763824,0.1361670047044754,0.12455113977193832,1675752000
2003-08-12,0.13791699707508087,0.1392499953508377,0.13566699624061584,0.1389169991016388,0.12706653773784637,764160000
2003-08-13,0.13950000703334808,0.14208300411701202,0.13600000739097595,0.139833003282547,0.1279045045375824,693552000
2003-08-14,0.13516700267791748,0.13716700673103333,0.13349999487400055,0.13500000536441803,0.12348366528749466,1527696000
2003-08-15,0.13416700065135956,0.13541699945926666,0.1333329975605011,0.1345829963684082,0.12310225516557693,217716000
2003-08-18,0.1367499977350235,0.1385830044746399,0.13433299958705902,0.1385830044746399,0.12676101922988892,717684000
2003-08-19,0.14166699349880219,0.15000000596046448,0.14158299565315247,0.149167001247406,0.1364421546459198,1403976000
2003-08-20,0.14708299934864044,0.14983299374580383,0.1438329964876175,0.14708299934864044,0.13453592360019684,870348000
2003-08-21,0.1506669968366623,0.1525000035762787,0.14833299815654755,0.15108299255371094,0.13819468021392822,644748000
2003-08-22,0.16016699373722076,0.16233299672603607,0.15208299458026886,0.15216700732707977,0.13918626308441162,1002396000
2003-08-25,0.15508300065994263,0.15508300065994263,0.15000000596046448,0.1513330042362213,0.1384233683347702,434028000
2003-08-26,0.1494169980287552,0.15166699886322021,0.14483299851417542,0.14891700446605682,0.1362135410308838,768984000
2003-08-27,0.14991700649261475,0.1550000011920929,0.14833299815654755,0.15341700613498688,0.14032961428165436,567816000
2003-08-28,0.15491700172424316,0.15575000643730164,0.14766700565814972,0.1494169980287552,0.13667082786560059,828312000
2003-08-29,0.149167001247406,0.15208299458026886,0.14858299493789673,0.15141700208187103,0.13850024342536926,532884000
2003-09-02,0.1540829986333847,0.15541699528694153,0.14933300018310547,0.1500830054283142,0.13728001713752747,711456000
2003-09-03,0.15233300626277924,0.15275000035762787,0.14641700685024261,0.14716699719429016,0.1346127986907959,849972000
2003-09-04,0.14775000512599945,0.15208299458026886,0.1466670036315918,0.14858299493789673,0.13590800762176514,740064000
2003-09-05,0.1488330066204071,0.15916700661182404,0.14708299934864044,0.1556670069694519,0.14238768815994263,1198740000
2003-09-08,0.1581670045852661,0.16466699540615082,0.15625,0.16283300518989563,0.14894236624240875,1508712000
2003-09-09,0.15833300352096558,0.17891700565814972,0.15616700053215027,0.17283299565315247,0.1580893099308014,2489436000
2003-09-10,0.16791699826717377,0.17241699993610382,0.1596670001745224,0.16099999845027924,0.1472657322883606,1380624000
2003-09-11,0.16316699981689453,0.16791699826717377,0.1525000035762787,0.15891699492931366,0.14536042511463165,2612736000
2003-09-12,0.15758299827575684,0.16474999487400055,0.15583300590515137,0.16124999523162842,0.14749443531036377,1162404000
2003-09-15,0.16258299350738525,0.1634169965982437,0.15800000727176666,0.15858300030231476,0.1450549066066742,596028000
2003-09-16,0.15891699492931366,0.164000004529953,0.15891699492931366,0.16349999606609344,0.14955244958400726,620736000
2003-09-17,0.16449999809265137,0.1685830056667328,0.16316699981689453,0.16541700065135956,0.1513059139251709,902784000
2003-09-18,0.16449999809265137,0.1667499989271164,0.16266700625419617,0.16666699945926666,0.1524493545293808,603492000
2003-09-19,0.1685830056667328,0.16966700553894043,0.16383300721645355,0.16533300280570984,0.1512290984392166,648096000
2003-09-22,0.1620829999446869,0.1624169945716858,0.1574999988079071,0.15883299708366394,0.1452835649251938,735504000
2003-09-23,0.15908299386501312,0.16124999523162842,0.15700000524520874,0.16033299267292023,0.1466556191444397,628932000
2003-09-24,0.156917005777359,0.15833300352096558,0.1479170024394989,0.14816699922084808,0.13552744686603546,1600668000
2003-09-25,0.14933300018310547,0.15199999511241913,0.1454170048236847,0.14608299732208252,0.13362126052379608,736776000
2003-09-26,0.14566700160503387,0.14608299732208252,0.1385830044746399,0.1404999941587448,0.12851451337337494,895908000
2003-09-29,0.13341699540615082,0.13816699385643005,0.1308329999446869,0.13291700184345245,0.12157836556434631,1944996000
2003-09-30,0.13175000250339508,0.13758300244808197,0.13124999403953552,0.13308300077915192,0.12173023074865341,1020888000
2003-10-01,0.1333329975605011,0.13574999570846558,0.13300000131130219,0.13416700065135956,0.12272174656391144,877224000
2003-10-02,0.1333329975605011,0.13816699385643005,0.13291700184345245,0.13625000417232513,0.12462707608938217,857628000
2003-10-03,0.14000000059604645,0.14333300292491913,0.13758300244808197,0.139833003282547,0.1279045045375824,862812000
2003-10-06,0.14008300006389618,0.14149999618530273,0.13758300244808197,0.13875000178813934,0.12691383063793182,377028000
2003-10-07,0.13875000178813934,0.14000000059604645,0.13683299720287323,0.14000000059604645,0.12805713713169098,510588000
2003-10-08,0.14000000059604645,0.14124999940395355,0.1342500001192093,0.13508300483226776,0.12355963885784149,739440000
2003-10-09,0.1370829939842224,0.1423330008983612,0.13591699302196503,0.13699999451637268,0.12531308829784393,852408000
2003-10-10,0.13916699588298798,0.14041699469089508,0.13750000298023224,0.13941699266433716,0.12752388417720795,413976000
2003-10-13,0.14100000262260437,0.14374999701976776,0.13991700112819672,0.14083300530910492,0.12881909310817719,434904000
2003-10-14,0.13933299481868744,0.1438329964876175,0.13850000500679016,0.14341700077056885,0.1311826854944229,623556000
2003-10-15,0.1450829952955246,0.14775000512599945,0.14066700637340546,0.14158299565315247,0.1295051872730255,703488000
2003-10-16,0.14174999296665192,0.1438329964876175,0.13958300650119781,0.14333300292491913,0.1311059296131134,446088000
2003-10-17,0.14249999821186066,0.14524999260902405,0.1386670023202896,0.13883300125598907,0.1269897222518921,459696000
2003-10-20,0.1389169991016388,0.14208300411701202,0.13808299601078033,0.14191700518131256,0.12981069087982178,467388000
2003-10-21,0.1445000022649765,0.14900000393390656,0.14249999821186066,0.14624999463558197,0.13377398252487183,758724000
2003-10-22,0.14399999380111694,0.14733299612998962,0.14300000667572021,0.14374999701976776,0.13148732483386993,620952000
2003-10-23,0.14166699349880219,0.14583300054073334,0.141416996717453,0.14308300614356995,0.13087715208530426,451524000
2003-10-24,0.14166699349880219,0.1438329964876175,0.14033299684524536,0.1425829976797104,0.13041982054710388,447084000
2003-10-27,0.14333300292491913,0.14499999582767487,0.1423330008983612,0.14333300292491913,0.1311059296131134,254460000
2003-10-28,0.14524999260902405,0.1531669944524765,0.14458300173282623,0.15233300626277924,0.13933809101581573,956064000
2003-10-29,0.14783300459384918,0.15416699647903442,0.14775000512599945,0.15233300626277924,0.13933809101581573,494004000
2003-10-30,0.15625,0.15633299946784973,0.14925000071525574,0.14949999749660492,0.13674677908420563,581256000
2003-10-31,0.15083299577236176,0.15208299458026886,0.14499999582767487,0.14733299612998962,0.13476459681987762,598152000
2003-11-03,0.14658300578594208,0.15291699767112732,0.14591699838638306,0.1500830054283142,0.13728001713752747,773724000
2003-11-04,0.15333299338817596,0.1537500023841858,0.14958299696445465,0.15058299899101257,0.13773740828037262,700896000
2003-11-05,0.14749999344348907,0.15266700088977814,0.1450829952955246,0.15116700530052185,0.1382715255022049,882024000
2003-11-06,0.15341700613498688,0.15416699647903442,0.14866699278354645,0.15141700208187103,0.13850024342536926,1175280000
2003-11-07,0.18050000071525574,0.18383300304412842,0.1766670048236847,0.18125000596046448,0.16578830778598785,4292820000
2003-11-10,0.18183299899101257,0.18433299660682678,0.17966699600219727,0.18074999749660492,0.16533087193965912,1210056000
2003-11-11,0.1766670048236847,0.179749995470047,0.17308300733566284,0.17624999582767487,0.16121485829353333,799140000
2003-11-12,0.17566700279712677,0.1791670024394989,0.1748329997062683,0.17858299612998962,0.16334883868694305,617664000
2003-11-13,0.17858299612998962,0.18116700649261475,0.1775829941034317,0.17866699397563934,0.16342568397521973,580332000
2003-11-14,0.1791670024394989,0.1791670024394989,0.16758300364017487,0.16808299720287323,0.15374448895454407,888420000
2003-11-17,0.1649170070886612,0.1683329939842224,0.163332998752594,0.16633300483226776,0.15214382112026215,599880000
2003-11-18,0.17041699588298798,0.17249999940395355,0.163332998752594,0.16391700506210327,0.14993390440940857,991428000
2003-11-19,0.16508300602436066,0.16916699707508087,0.16449999809265137,0.16850000619888306,0.1541258990764618,567552000
2003-11-20,0.1658329963684082,0.16949999332427979,0.163332998752594,0.164000004529953,0.15000981092453003,738852000
2003-11-21,0.16599999368190765,0.16625000536441803,0.1615000069141388,0.16466699540615082,0.15061993896961212,543240000
2003-11-24,0.16625000536441803,0.17499999701976776,0.16508300602436066,0.17458300292491913,0.15969009697437286,940644000
2003-11-25,0.17533299326896667,0.17908300459384918,0.17333300411701202,0.1775829941034317,0.16243411600589752,822804000
2003-11-26,0.18050000071525574,0.18108299374580383,0.17441700398921967,0.17775000631809235,0.16258689761161804,430032000
2003-11-28,0.17766700685024261,0.17816700041294098,0.1754170060157776,0.17691700160503387,0.16182495653629303,206136000
2003-12-01,0.17891700565814972,0.18074999749660492,0.17683300375938416,0.17941699922084808,0.1641116589307785,526980000
2003-12-02,0.17833299934864044,0.18233299255371094,0.1775829941034317,0.17866699397563934,0.16342568397521973,574740000
2003-12-03,0.1791670024394989,0.1850000023841858,0.17641699314117432,0.17683300375938416,0.16174806654453278,710028000
2003-12-04,0.17741699516773224,0.18058300018310547,0.1717499941587448,0.17591699957847595,0.16091017425060272,521952000
2003-12-05,0.1717499941587448,0.1766670048236847,0.16883300244808197,0.17024999856948853,0.15572667121887207,559848000
2003-12-08,0.17024999856948853,0.1732500046491623,0.16875000298023224,0.17149999737739563,0.1568700522184372,340980000
2003-12-09,0.17116700112819672,0.17283299565315247,0.16249999403953552,0.16258299350738525,0.148713618516922,598128000
2003-12-10,0.16258299350738525,0.1670829951763153,0.16249999403953552,0.1661670058965683,0.15199194848537445,568656000
2003-12-11,0.16608299314975739,0.1766670048236847,0.16574999690055847,0.17458300292491913,0.15969009697437286,694872000
2003-12-12,0.17691700160503387,0.17808300256729126,0.17083300650119781,0.17366699874401093,0.15885217487812042,700692000
2003-12-15,0.17874999344348907,0.17900000512599945,0.16966700553894043,0.1701669991016388,0.1556507647037506,622752000
2003-12-16,0.16916699707508087,0.1735830008983612,0.1661670058965683,0.17249999940395355,0.15778471529483795,601728000
2003-12-17,0.171083003282547,0.17166699469089508,0.16633300483226776,0.16916699707508087,0.15473611652851105,499116000
2003-12-18,0.16949999332427979,0.17475000023841858,0.16933299601078033,0.17299999296665192,0.15824207663536072,436728000
2003-12-19,0.17733299732208252,0.18000000715255737,0.17366699874401093,0.17558300495147705,0.16060476005077362,916956000
2003-12-22,0.17299999296665192,0.17624999582767487,0.17125000059604645,0.17583300173282623,0.1608334183692932,371184000
2003-12-23,0.1751669943332672,0.1847500056028366,0.1750829964876175,0.18299999833106995,0.16738900542259216,722760000
2003-12-24,0.18291699886322021,0.1835000067949295,0.18116700649261475,0.1816670000553131,0.16616973280906677,210852000
2003-12-26,0.18308299779891968,0.1905830055475235,0.18233299255371094,0.18950000405311584,0.173334538936615,363960000
2003-12-29,0.1930830031633377,0.19816699624061584,0.1921669989824295,0.19750000536441803,0.18065212666988373,756624000
2003-12-30,0.19541700184345245,0.20166699588298798,0.195250004529953,0.19791699945926666,0.18103346228599548,550884000
2003-12-31,0.19783300161361694,0.19875000417232513,0.19016699492931366,0.1933329999446869,0.17684049904346466,497268000
2004-01-02,0.19641700387001038,0.19908300042152405,0.19233299791812897,0.19233299791812897,0.17592589557170868,436416000
2004-01-05,0.195250004529953,0.1999170035123825,0.19349999725818634,0.19858300685882568,0.18164266645908356,575292000
2004-01-06,0.1979999989271164,0.20941700041294098,0.1970829963684082,0.2066670060157776,0.18903709948062897,1093344000
2004-01-07,0.20433300733566284,0.2094999998807907,0.20291699469089508,0.2084999978542328,0.19071370363235474,673032000
2004-01-08,0.21108299493789673,0.21208299696445465,0.20724999904632568,0.20925000309944153,0.1913997381925583,433752000
2004-01-09,0.20783300697803497,0.21483300626277924,0.20616699755191803,0.2122499942779541,0.19414380192756653,766584000
2004-01-12,0.21299999952316284,0.2153329998254776,0.210999995470047,0.21466700732707977,0.19635465741157532,541980000
2004-01-13,0.21358299255371094,0.2156669944524765,0.20133300125598907,0.2035830020904541,0.18621614575386047,865800000
2004-01-14,0.20458300411701202,0.20749999582767487,0.2001670002937317,0.20208300650119781,0.18484410643577576,544872000
2004-01-15,0.20058299601078033,0.20408299565315247,0.19699999690055847,0.20241700112819672,0.18514962494373322,609204000
2004-01-16,0.2045000046491623,0.20724999904632568,0.20258300006389618,0.20550000667572021,0.1879696249961853,451728000
2004-01-20,0.20800000429153442,0.2115830034017563,0.20566700398921967,0.21125000715255737,0.19322915375232697,487764000
2004-01-21,0.2094999998807907,0.21033300459384918,0.2011670023202896,0.20149999856948853,0.18431086838245392,494460000
2004-01-22,0.20258300006389618,0.20583300292491913,0.19441699981689453,0.19683299958705902,0.18004190921783447,605724000
2004-01-23,0.1958329975605011,0.19975000619888306,0.19200000166893005,0.1924169957637787,0.17600266635417938,482472000
2004-01-26,0.1936669945716858,0.20083299279212952,0.1921669989824295,0.20000000298023224,0.1829388588666916,393684000
2004-01-27,0.19599999487400055,0.19916699826717377,0.18708300590515137,0.18858300149440765,0.1724957525730133,934104000
2004-01-28,0.19099999964237213,0.1940000057220459,0.18708300590515137,0.1880829930305481,0.17203836143016815,615204000
2004-01-29,0.18866699934005737,0.18958300352096558,0.17624999582767487,0.1825830042362213,0.16700755059719086,929700000
2004-01-30,0.18216699361801147,0.18958300352096558,0.18108299374580383,0.18541699647903442,0.16959980130195618,466464000
2004-02-02,0.1869170069694519,0.19208300113677979,0.1850000023841858,0.1884170025587082,0.1723439246416092,560844000
2004-02-03,0.18791699409484863,0.19116699695587158,0.18524999916553497,0.18774999678134918,0.1717337816953659,418032000
2004-02-04,0.18508300185203552,0.1865829974412918,0.18241700530052185,0.18266700208187103,0.16708442568778992,436800000
2004-02-05,0.18366700410842896,0.1875,0.18250000476837158,0.18541699647903442,0.16959980130195618,331980000
2004-02-06,0.1878329962491989,0.19233299791812897,0.186832994222641,0.1896670013666153,0.17348726093769073,471132000
2004-02-09,0.19108299911022186,0.19416700303554535,0.18825000524520874,0.18833300471305847,0.17226707935333252,373992000
2004-02-10,0.18891699612140656,0.19541700184345245,0.18883299827575684,0.195250004529953,0.17859399318695068,509700000
2004-02-11,0.1977500021457672,0.20274999737739563,0.1970829963684082,0.20208300650119781,0.18484410643577576,737808000
2004-02-12,0.20100000500679016,0.20208300650119781,0.19291700422763824,0.19599999487400055,0.17928004264831543,974892000
2004-02-13,0.19083300232887268,0.19908300042152405,0.18916699290275574,0.19416700303554535,0.17760342359542847,1747500000
2004-02-17,0.1949169933795929,0.19691699743270874,0.19224999845027924,0.19633300602436066,0.17958460748195648,575976000
2004-02-18,0.19691699743270874,0.19791699945926666,0.19499999284744263,0.19633300602436066,0.17958460748195648,320244000
2004-02-19,0.19875000417232513,0.20225000381469727,0.1958329975605011,0.19625000655651093,0.17950868606567383,631032000
2004-02-20,0.19591699540615082,0.20166699588298798,0.19483299553394318,0.2011670023202896,0.1840062439441681,618120000
2004-02-23,0.20083299279212952,0.2011670023202896,0.1914999932050705,0.19416700303554535,0.17760342359542847,853332000
2004-02-24,0.19083300232887268,0.19325000047683716,0.18433299660682678,0.18641699850559235,0.1705145239830017,708384000
2004-02-25,0.18758299946784973,0.19108299911022186,0.18549999594688416,0.1875,0.1715051233768463,652512000
2004-02-26,0.1902499943971634,0.1905830055475235,0.18641699850559235,0.1887499988079071,0.17264853417873383,344976000
2004-02-27,0.18916699290275574,0.1893330067396164,0.1825830042362213,0.18541699647903442,0.16959980130195618,595548000
2004-03-01,0.18491700291633606,0.18850000202655792,0.18466700613498688,0.188167005777359,0.17211522161960602,506628000
2004-03-02,0.1884170025587082,0.18975000083446503,0.18391700088977814,0.18466700613498688,0.1689138114452362,813348000
2004-03-03,0.18416699767112732,0.18416699767112732,0.17925000190734863,0.1822499930858612,0.16670294106006622,552492000
2004-03-04,0.1840829998254776,0.1865829974412918,0.1825830042362213,0.1862500011920929,0.17036175727844238,413352000
2004-03-05,0.18208299577236176,0.18916699290275574,0.18141700327396393,0.18491700291633606,0.1691424697637558,354888000
2004-03-08,0.1850000023841858,0.1875,0.17708300054073334,0.1784999966621399,0.1632729023694992,465168000
2004-03-09,0.18000000715255737,0.18016700446605682,0.17425000667572021,0.1772499978542328,0.16212952136993408,371232000
2004-03-10,0.17841699719429016,0.1803330034017563,0.17341700196266174,0.17466700077056885,0.15976688265800476,481692000
2004-03-11,0.1723330020904541,0.1784999966621399,0.1723330020904541,0.17333300411701202,0.15854667127132416,526872000
2004-03-12,0.17566700279712677,0.1791670024394989,0.17374999821186066,0.1770000010728836,0.1619008481502533,377952000
2004-03-15,0.17591699957847595,0.1766670048236847,0.17191700637340546,0.17299999296665192,0.15824207663536072,421224000
2004-03-16,0.1751669943332672,0.18125000596046448,0.17399999499320984,0.180417001247406,0.16502632200717926,597504000
2004-03-17,0.18333299458026886,0.1865829974412918,0.1825830042362213,0.18483300507068634,0.16906563937664032,524592000
2004-03-18,0.18383300304412842,0.18916699290275574,0.18333299458026886,0.1869170069694519,0.1709718257188797,528048000
2004-03-19,0.18591700494289398,0.1878329962491989,0.18366700410842896,0.1847500056028366,0.16898968815803528,452964000
2004-03-22,0.1819169968366623,0.1847500056028366,0.1791670024394989,0.18333299458026886,0.16769354045391083,576708000
2004-03-23,0.18583300709724426,0.1878329962491989,0.18199999630451202,0.1840829998254776,0.16837967932224274,576036000
2004-03-24,0.1837500035762787,0.19541700184345245,0.18333299458026886,0.19233299791812897,0.17592589557170868,787344000
2004-03-25,0.19449999928474426,0.2045000046491623,0.19416700303554535,0.20350000262260437,0.1861402690410614,997128000
2004-03-26,0.20291699469089508,0.2060829997062683,0.2001670002937317,0.20291699469089508,0.1856069713830948,551604000
2004-03-29,0.20583300292491913,0.2144169956445694,0.20541700720787048,0.211667001247406,0.1936105340719223,985764000
2004-03-30,0.21025000512599945,0.21899999678134918,0.2100829929113388,0.21799999475479126,0.1994033008813858,724956000
2004-03-31,0.2190829962491989,0.22233299911022186,0.21791699528694153,0.2199999988079071,0.20123271644115448,604752000
2004-04-01,0.2202499955892563,0.22474999725818634,0.21058300137519836,0.21608300507068634,0.19764988124370575,1319508000
2004-04-02,0.22083300352096558,0.22224999964237213,0.21416699886322021,0.21916699409484863,0.2004706859588623,649740000
2004-04-05,0.21799999475479126,0.22791700065135956,0.21799999475479126,0.22699999809265137,0.2076355367898941,576744000
2004-04-06,0.2224999964237213,0.22408300638198853,0.21666699647903442,0.2178329974412918,0.19925057888031006,624096000
2004-04-07,0.21950000524520874,0.21958300471305847,0.2128330022096634,0.21666699647903442,0.19818396866321564,447864000
2004-04-08,0.2214999943971634,0.22499999403953552,0.21983300149440765,0.22283299267292023,0.203823983669281,447096000
2004-04-12,0.2245829999446869,0.2255830019712448,0.21733300387859344,0.21866700053215027,0.2000133991241455,443784000
2004-04-13,0.2206670045852661,0.22083300352096558,0.21250000596046448,0.21358299255371094,0.19536307454109192,442704000
2004-04-14,0.21250000596046448,0.21866700053215027,0.2100829929113388,0.21466700732707977,0.19635465741157532,512016000
2004-04-15,0.21175000071525574,0.21266700327396393,0.20250000059604645,0.20341700315475464,0.18606425821781158,828084000
2004-04-16,0.20258300006389618,0.2026669979095459,0.19633300602436066,0.1967500001192093,0.1799660623073578,654864000
2004-04-19,0.19658300280570984,0.19791699945926666,0.19300000369548798,0.1965000033378601,0.17973744869232178,522804000
2004-04-20,0.19699999690055847,0.19916699826717377,0.1880829930305481,0.188167005777359,0.17211522161960602,513804000
2004-04-21,0.18891699612140656,0.19499999284744263,0.18700000643730164,0.1884170025587082,0.1723439246416092,688812000
2004-04-22,0.18666699528694153,0.19266700744628906,0.18275000154972076,0.18950000405311584,0.173334538936615,695520000
2004-04-23,0.1918330043554306,0.19691699743270874,0.1912499964237213,0.1936669945716858,0.1771460771560669,443928000
2004-04-26,0.19408300518989563,0.1949169933795929,0.1855829954147339,0.18608300387859344,0.17020902037620544,429912000
2004-04-27,0.18825000524520874,0.19325000047683716,0.18383300304412842,0.18449999392032623,0.1687609702348709,494568000
2004-04-28,0.18458299338817596,0.18741700053215027,0.18233299255371094,0.1837500035762787,0.1680750697851181,468768000
2004-04-29,0.18266700208187103,0.18391700088977814,0.17624999582767487,0.17866699397563934,0.16342568397521973,645048000
2004-04-30,0.17766700685024261,0.17874999344348907,0.17033299803733826,0.17100000381469727,0.15641269087791443,512928000
2004-05-03,0.17283299565315247,0.17458300292491913,0.1658329963684082,0.16883300244808197,0.15443050861358643,610668000
2004-05-04,0.17125000059604645,0.18174999952316284,0.17083300650119781,0.17958299815654755,0.16426348686218262,772380000
2004-05-05,0.179749995470047,0.18266700208187103,0.1782499998807907,0.18108299374580383,0.1656356155872345,464280000
2004-05-06,0.17925000190734863,0.18400000035762787,0.1754170060157776,0.1825830042362213,0.16700755059719086,711348000
2004-05-07,0.18791699409484863,0.19141699373722076,0.18299999833106995,0.18400000035762787,0.1683037132024765,956772000
2004-05-10,0.17908300459384918,0.1809999942779541,0.17291699349880219,0.17683300375938416,0.16174806654453278,669072000
2004-05-11,0.17908300459384918,0.18291699886322021,0.17833299934864044,0.18116700649261475,0.16571243107318878,399936000
2004-05-12,0.18016700446605682,0.180417001247406,0.17241699993610382,0.17866699397563934,0.16342568397521973,482328000
2004-05-13,0.17716699838638306,0.18250000476837158,0.1766670048236847,0.17925000190734863,0.16395890712738037,347952000
2004-05-14,0.18000000715255737,0.1831669956445694,0.17833299934864044,0.17925000190734863,0.16395890712738037,459000000
2004-05-17,0.1766670048236847,0.17900000512599945,0.17374999821186066,0.17641699314117432,0.16136759519577026,308340000
2004-05-18,0.17800000309944153,0.1813330054283142,0.17733299732208252,0.17925000190734863,0.16395890712738037,204420000
2004-05-19,0.18324999511241913,0.18583300709724426,0.1779170036315918,0.1788329929113388,0.16357746720314026,498276000
2004-05-20,0.1784999966621399,0.18150000274181366,0.17533299326896667,0.17624999582767487,0.16121485829353333,421488000
2004-05-21,0.17833299934864044,0.17858299612998962,0.17425000667572021,0.1766670048236847,0.16159622371196747,282096000
2004-05-24,0.1763329952955246,0.17808300256729126,0.17399999499320984,0.17608299851417542,0.16106201708316803,301620000
2004-05-25,0.17683300375938416,0.18458299338817596,0.1732500046491623,0.1837500035762787,0.1680750697851181,681264000
2004-05-26,0.1837500035762787,0.1899999976158142,0.18266700208187103,0.1875,0.1715051233768463,524568000
2004-05-27,0.1905830055475235,0.1934169977903366,0.1878329962491989,0.1880829930305481,0.17203836143016815,556548000
2004-05-28,0.19041700661182404,0.1965000033378601,0.18891699612140656,0.19541700184345245,0.17874673008918762,637980000
2004-06-01,0.19208300113677979,0.19724999368190765,0.1918330043554306,0.195250004529953,0.17859399318695068,318420000
2004-06-02,0.20000000298023224,0.20091700553894043,0.19358299672603607,0.19374999403953552,0.17722196877002716,643800000
2004-06-03,0.19383299350738525,0.19425000250339508,0.18383300304412842,0.1844169944524765,0.16868506371974945,700824000
2004-06-04,0.188167005777359,0.18858300149440765,0.18241700530052185,0.1825830042362213,0.16700755059719086,649608000
2004-06-07,0.1855829954147339,0.18908299505710602,0.18324999511241913,0.18700000643730164,0.17104773223400116,571956000
2004-06-08,0.18591700494289398,0.1862500011920929,0.18091699481010437,0.18366700410842896,0.16799917817115784,615000000
2004-06-09,0.1847500056028366,0.1850000023841858,0.1745000034570694,0.1750829964876175,0.16014736890792847,498336000
2004-06-10,0.1779170036315918,0.1782499998807907,0.1717499941587448,0.17333300411701202,0.15854667127132416,564516000
2004-06-14,0.17241699993610382,0.17241699993610382,0.16658300161361694,0.16791699826717377,0.15359267592430115,424752000
2004-06-15,0.17075000703334808,0.17299999296665192,0.16883300244808197,0.17041699588298798,0.1558794230222702,394584000
2004-06-16,0.1699170023202896,0.17100000381469727,0.1670829951763153,0.16775000095367432,0.1534399390220642,252576000
2004-06-17,0.16666699945926666,0.17075000703334808,0.16358299553394318,0.16441699862480164,0.15039128065109253,482376000
2004-06-18,0.16533300280570984,0.1692499965429306,0.16249999403953552,0.16466699540615082,0.15061993896961212,534336000
2004-06-21,0.1649170070886612,0.16750000417232513,0.16066700220108032,0.16175000369548798,0.14795179665088654,266568000
2004-06-22,0.16266700625419617,0.1670829951763153,0.16158300638198853,0.16633300483226776,0.15214382112026215,430308000
2004-06-23,0.1658329963684082,0.1698330044746399,0.16541700065135956,0.16916699707508087,0.15473611652851105,264660000
2004-06-24,0.17366699874401093,0.17425000667572021,0.16641700267791748,0.16766700148582458,0.15336401760578156,590652000
2004-06-25,0.16883300244808197,0.17075000703334808,0.16683299839496613,0.16875000298023224,0.15435460209846497,329124000
2004-06-28,0.17116700112819672,0.1717499941587448,0.16666699945926666,0.16733300685882568,0.1530584692955017,299376000
2004-06-29,0.1683329939842224,0.17333300411701202,0.16766700148582458,0.17308300733566284,0.15831801295280457,363852000
2004-06-30,0.16850000619888306,0.1732500046491623,0.16850000619888306,0.17058299481868744,0.1560312658548355,329268000
2004-07-01,0.17249999940395355,0.17274999618530273,0.16249999403953552,0.1627500057220459,0.1488664746284485,505620000
2004-07-02,0.16449999809265137,0.1645829975605011,0.15925000607967377,0.16050000488758087,0.14680835604667664,294948000
2004-07-06,0.15858300030231476,0.1602499932050705,0.14933300018310547,0.15108299255371094,0.13819468021392822,575388000
2004-07-07,0.15299999713897705,0.15616700053215027,0.15108299255371094,0.15183299779891968,0.13888078927993774,344136000
2004-07-08,0.1504170000553131,0.15291699767112732,0.14691700041294098,0.14716699719429016,0.1346127986907959,430056000
2004-07-09,0.1469999998807907,0.14716699719429016,0.13808299601078033,0.14083300530910492,0.12881909310817719,1114500000
2004-07-12,0.13691699504852295,0.14083300530910492,0.13574999570846558,0.13758300244808197,0.12584637105464935,676044000
2004-07-13,0.1392499953508377,0.14166699349880219,0.1358329951763153,0.1373330056667328,0.12561768293380737,567108000
2004-07-14,0.13249999284744263,0.1361670047044754,0.12858299911022186,0.13124999403953552,0.12005361914634705,901608000
2004-07-15,0.13258300721645355,0.1340000033378601,0.12950000166893005,0.13033300638198853,0.11921482533216476,611352000
2004-07-16,0.13433299958705902,0.13449999690055847,0.1264999955892563,0.1264999955892563,0.11570879817008972,464700000
2004-07-19,0.1268330067396164,0.1293330043554306,0.12508299946784973,0.12791700661182404,0.11700490862131119,461088000
2004-07-20,0.12783299386501312,0.13099999725818634,0.12658299505710602,0.13050000369548798,0.1193675845861435,341544000
2004-07-21,0.13249999284744263,0.13266700506210327,0.12216699868440628,0.12258300185203552,0.1121259555220604,613416000
2004-07-22,0.12399999797344208,0.12583300471305847,0.11999999731779099,0.12516699731349945,0.11448951065540314,521460000
2004-07-23,0.12600000202655792,0.12616699934005737,0.12099999934434891,0.12183299660682678,0.11143992096185684,371496000
2004-07-26,0.12341699749231339,0.12449999898672104,0.1172500029206276,0.11841700226068497,0.10831531137228012,503208000
2004-07-27,0.11900000274181366,0.12266699969768524,0.11533299833536148,0.12233299762010574,0.11189725250005722,789888000
2004-07-28,0.12208300083875656,0.12250000238418579,0.11583299934864044,0.11924999952316284,0.10907728224992752,505116000
2004-07-29,0.12091699987649918,0.13016700744628906,0.1203330010175705,0.12708300352096558,0.11624205112457275,747360000
2004-07-30,0.12549999356269836,0.1308329999446869,0.12524999678134918,0.12849999964237213,0.11753817647695541,403956000
2004-08-02,0.12858299911022186,0.13066700100898743,0.12641699612140656,0.13016700744628906,0.11906299740076065,420984000
2004-08-03,0.13075000047683716,0.1308329999446869,0.12241700291633606,0.12341699749231339,0.11288881301879883,741540000
2004-08-04,0.12208300083875656,0.1259170025587082,0.1219170019030571,0.12475000321865082,0.11410810798406601,507816000
2004-08-05,0.12608300149440765,0.12666699290275574,0.11916700005531311,0.12133300304412842,0.11098258197307587,859920000
2004-08-06,0.08425000309944153,0.08500000089406967,0.07750000059604645,0.0785830020904541,0.07187938690185547,5088948000
2004-08-09,0.08058299869298935,0.08391699939966202,0.07925000041723251,0.08208300173282623,0.07508083432912827,1579212000
2004-08-10,0.086667001247406,0.08941700309515,0.08524999767541885,0.08858300000429153,0.0810263380408287,2051916000
2004-08-11,0.08741699904203415,0.08741699904203415,0.0854170024394989,0.0860000029206276,0.07866367697715759,963816000
2004-08-12,0.08624999970197678,0.08649999648332596,0.0838330015540123,0.08399999886751175,0.07683427631855011,654384000
2004-08-13,0.0860000029206276,0.08808299899101257,0.08524999767541885,0.08749999850988388,0.0800357386469841,815700000
2004-08-16,0.08649999648332596,0.08883299678564072,0.0860000029206276,0.086667001247406,0.0792737826704979,531732000
2004-08-17,0.08858300000429153,0.0919170007109642,0.08775000274181366,0.09141699969768524,0.08361859619617462,744912000
2004-08-18,0.09183300286531448,0.09749999642372131,0.09108299762010574,0.09749999642372131,0.08918265253305435,872424000
2004-08-19,0.09691700339317322,0.09866700321435928,0.09566699713468552,0.0971670001745224,0.0888780802488327,724404000
2004-08-20,0.09666699916124344,0.10433299839496613,0.09633299708366394,0.10291700065135956,0.09413756430149078,1199040000
2004-08-23,0.1045830026268959,0.10625000298023224,0.10400000214576721,0.10516700148582458,0.09619560837745667,800028000
2004-08-24,0.10666699707508087,0.10716699808835983,0.09925000369548798,0.10125000029802322,0.09261274337768555,939420000
2004-08-25,0.10350000113248825,0.10633300244808197,0.10158299654722214,0.10558299720287323,0.09657614678144455,721308000
2004-08-26,0.10541699826717377,0.10649999976158142,0.1045830026268959,0.10583300143480301,0.09680481255054474,612720000
2004-08-27,0.10591699928045273,0.10933300107717514,0.10583300143480301,0.10783299803733826,0.09863419830799103,565128000
2004-08-30,0.10741700232028961,0.1080000028014183,0.10416699945926666,0.1042499989271164,0.09535685181617737,628056000
2004-08-31,0.10466700047254562,0.10516700148582458,0.10058300197124481,0.10383299738168716,0.09497544169425964,587064000
2004-09-01,0.10249999910593033,0.1073329970240593,0.10116700083017349,0.10583300143480301,0.09680481255054474,591744000
2004-09-02,0.10633300244808197,0.11100000143051147,0.10533300042152405,0.110166996717453,0.10076911002397537,770088000
2004-09-03,0.10683300346136093,0.10899999737739563,0.10591699928045273,0.10683300346136093,0.09771953523159027,715056000
2004-09-07,0.10750000178813934,0.10975000262260437,0.10341700166463852,0.10483299940824509,0.09589013457298279,727332000
2004-09-08,0.1049169972538948,0.10583300143480301,0.1024169996380806,0.10266699641942978,0.0939088836312294,834984000
2004-09-09,0.10516700148582458,0.11474999785423279,0.10466700047254562,0.11291699856519699,0.10328450053930283,1299324000
2004-09-10,0.11100000143051147,0.11783300340175629,0.11066699773073196,0.1172500029206276,0.10724788904190063,1039344000
2004-09-13,0.11708299815654755,0.12183299660682678,0.11691699922084808,0.11949999630451202,0.10930591821670532,967752000
2004-09-14,0.11841700226068497,0.12083300203084946,0.11749999970197678,0.11999999731779099,0.10976330190896988,683556000
2004-09-15,0.1163330003619194,0.1166670024394989,0.11183299869298935,0.11333300173282623,0.10366501659154892,1163904000
2004-09-16,0.11524999886751175,0.11874999850988388,0.11483299732208252,0.11758299916982651,0.10755246877670288,810024000
2004-09-17,0.1185000017285347,0.12308300286531448,0.11749999970197678,0.12241700291633606,0.11197411268949509,1003800000
2004-09-20,0.11999999731779099,0.12575000524520874,0.1185000017285347,0.12224999815225601,0.11182133853435516,794628000
2004-09-21,0.125,0.1264999955892563,0.12349999696016312,0.12549999356269836,0.11479409039020538,503904000
2004-09-22,0.12216699868440628,0.12516699731349945,0.11908300220966339,0.11966700106859207,0.10945869982242584,625920000
2004-09-23,0.12108299881219864,0.12141700088977814,0.11758299916982651,0.12075000256299973,0.11044931411743164,578664000
2004-09-24,0.12125000357627869,0.12141700088977814,0.11533299833536148,0.11708299815654755,0.10709510743618011,476316000
2004-09-27,0.11616700142621994,0.11749999970197678,0.11291699856519699,0.11500000208616257,0.10518981516361237,406020000
2004-09-28,0.11474999785423279,0.11766699701547623,0.11316700279712677,0.1166670024394989,0.10671459883451462,474840000
2004-09-29,0.11658299714326859,0.1228329986333847,0.1150830015540123,0.11949999630451202,0.10930591821670532,537228000
2004-09-30,0.12083300203084946,0.1237500011920929,0.11858300119638443,0.12099999934434891,0.11067800223827362,619680000
2004-10-01,0.1215829998254776,0.12666699290275574,0.12099999934434891,0.12600000202655792,0.11525148153305054,590412000
2004-10-04,0.12708300352096558,0.13124999403953552,0.1268330067396164,0.12958300113677979,0.118528813123703,673932000
2004-10-05,0.12641699612140656,0.12974999845027924,0.12549999356269836,0.12666699290275574,0.11586152762174606,633180000
2004-10-06,0.12641699612140656,0.1277499943971634,0.12349999696016312,0.1271670013666153,0.11631893366575241,498504000
2004-10-07,0.12950000166893005,0.1324169933795929,0.12725000083446503,0.12791700661182404,0.11700490862131119,798072000
2004-10-08,0.12658299505710602,0.12708300352096558,0.11983300000429153,0.12091699987649918,0.11060207337141037,693420000
2004-10-11,0.12108299881219864,0.12349999696016312,0.11891700327396393,0.12108299881219864,0.11075391620397568,373848000
2004-10-12,0.11699999868869781,0.12025000154972076,0.1150830015540123,0.11933299899101257,0.10915318131446838,827232000
2004-10-13,0.12291699647903442,0.12449999898672104,0.11758299916982651,0.11858300119638443,0.10846713930368423,672816000
2004-10-14,0.11966700106859207,0.11966700106859207,0.1141669973731041,0.11500000208616257,0.10518981516361237,513264000
2004-10-15,0.11524999886751175,0.1154170036315918,0.10899999737739563,0.11183299869298935,0.1022929698228836,1280484000
2004-10-18,0.11116699874401093,0.11500000208616257,0.11025000363588333,0.1138330027461052,0.10412237048149109,573972000
2004-10-19,0.11641699820756912,0.11758299916982651,0.11225000023841858,0.11308299750089645,0.10343631356954575,618480000
2004-10-20,0.11275000125169754,0.11491700261831284,0.11208300292491913,0.11441700160503387,0.10465655475854874,540204000
2004-10-21,0.11558300256729126,0.1185000017285347,0.11466699838638306,0.11699999868869781,0.10701922327280045,1013964000
2004-10-22,0.11808300018310547,0.11833299696445465,0.11033300310373306,0.11066699773073196,0.10122644901275635,686460000
2004-10-25,0.10975000262260437,0.11358299851417542,0.10949999839067459,0.11116699874401093,0.10168375819921494,529164000
2004-10-26,0.12208300083875656,0.12658299505710602,0.11808300018310547,0.12075000256299973,0.11044931411743164,2455776000
2004-10-27,0.11858300119638443,0.12633299827575684,0.11858300119638443,0.12408299744129181,0.11349795758724213,1074036000
2004-10-28,0.12241700291633606,0.125,0.1215829998254776,0.12274999916553497,0.11227869987487793,561552000
2004-10-29,0.1215829998254776,0.12325000017881393,0.11949999630451202,0.12058299779891968,0.11029652506113052,742860000
2004-11-01,0.12224999815225601,0.12325000017881393,0.12066700309515,0.1231670007109642,0.11266013234853745,653892000
2004-11-02,0.1228329986333847,0.1274999976158142,0.12183299660682678,0.12491700053215027,0.11426082998514175,1095756000
2004-11-03,0.12999999523162842,0.13041700422763824,0.12541699409484863,0.12608300149440765,0.1153273954987526,910356000
2004-11-04,0.12700000405311584,0.12999999523162842,0.12433300167322159,0.1284170001745224,0.11746225506067276,995544000
2004-11-05,0.14833299815654755,0.15641699731349945,0.14533300697803497,0.1469999998807907,0.13446006178855896,3849012000
2004-11-08,0.1454170048236847,0.15058299899101257,0.14474999904632568,0.14858299493789673,0.13590800762176514,718620000
2004-11-09,0.1463329941034317,0.14983299374580383,0.14624999463558197,0.14766700565814972,0.13507016003131866,615936000
2004-11-10,0.14749999344348907,0.1490830034017563,0.14683300256729126,0.14766700565814972,0.13507016003131866,645912000
2004-11-11,0.14858299493789673,0.15058299899101257,0.1475829929113388,0.15058299899101257,0.13773740828037262,507000000
2004-11-12,0.15291699767112732,0.15333299338817596,0.14933300018310547,0.15083299577236176,0.13796603679656982,647076000
2004-11-15,0.14933300018310547,0.15416699647903442,0.14841699600219727,0.15308299660682678,0.1400240659713745,536472000
2004-11-16,0.15358300507068634,0.15524999797344208,0.1497499942779541,0.15258300304412842,0.13956676423549652,472728000
2004-11-17,0.1550000011920929,0.15925000607967377,0.1535000056028366,0.15516699850559235,0.14193037152290344,602772000
2004-11-18,0.15649999678134918,0.15850000083446503,0.15324999392032623,0.1571670025587082,0.14375969767570496,532524000
2004-11-19,0.16916699707508087,0.171083003282547,0.15674999356269836,0.15800000727176666,0.14452168345451355,2126052000
2004-11-22,0.15858300030231476,0.16249999403953552,0.15708300471305847,0.16249999403953552,0.1486377865076065,733788000
2004-11-23,0.1611669957637787,0.1649170070886612,0.15983299911022186,0.16316699981689453,0.1492479294538498,676896000
2004-11-24,0.16300000250339508,0.1665000021457672,0.16258299350738525,0.16383300721645355,0.14985710382461548,428580000
2004-11-26,0.1645829975605011,0.16699999570846558,0.16316699981689453,0.1655000001192093,0.15138182044029236,350760000
2004-11-29,0.1667499989271164,0.16791699826717377,0.16083300113677979,0.16224999725818634,0.14840909838676453,704388000
2004-11-30,0.16291700303554535,0.1630830019712448,0.15850000083446503,0.15941700339317322,0.14581775665283203,576540000
2004-12-01,0.16083300113677979,0.1634169965982437,0.1596670001745224,0.1634169965982437,0.14947651326656342,514572000
2004-12-02,0.1618330031633377,0.16683299839496613,0.1605830043554306,0.16558299958705902,0.1514577865600586,758652000
2004-12-03,0.16958299279212952,0.17499999701976776,0.16899999976158142,0.17274999618530273,0.15801341831684113,1347312000
2004-12-06,0.1735830008983612,0.18241700530052185,0.1704999953508377,0.1809999942779541,0.16555963456630707,970500000
2004-12-07,0.19158299267292023,0.20800000429153442,0.1878329962491989,0.19008299708366394,0.17386777698993683,2927052000
2004-12-08,0.1927500069141388,0.1958329975605011,0.19083300232887268,0.19233299791812897,0.17592589557170868,872724000
2004-12-09,0.18891699612140656,0.19258299469947815,0.18524999916553497,0.1905830055475235,0.1743251234292984,869964000
2004-12-10,0.19499999284744263,0.19633300602436066,0.1930830031633377,0.19425000250339508,0.17767933011054993,652848000
2004-12-13,0.19133299589157104,0.19383299350738525,0.18799999356269836,0.18891699612140656,0.17280127108097076,738024000
2004-12-14,0.18908299505710602,0.19291700422763824,0.1887499988079071,0.1927500069141388,0.17630723118782043,512988000
2004-12-15,0.1946669965982437,0.19508300721645355,0.19166700541973114,0.19449999928474426,0.1779080033302307,432768000
2004-12-16,0.2001670002937317,0.20716699957847595,0.1967500001192093,0.1970829963684082,0.18027061223983765,1524036000
2004-12-17,0.20074999332427979,0.20158299803733826,0.18991699814796448,0.1921669989824295,0.1757740080356598,1214244000
2004-12-20,0.19441699981689453,0.1974170058965683,0.18908299505710602,0.19008299708366394,0.17386777698993683,898728000
2004-12-21,0.19008299708366394,0.19283300638198853,0.18541699647903442,0.1914999932050705,0.17516395449638367,899400000
2004-12-22,0.19533300399780273,0.19625000655651093,0.19133299589157104,0.19175000488758087,0.17539264261722565,421824000
2004-12-23,0.19066700339317322,0.19441699981689453,0.18975000083446503,0.19224999845027924,0.17584989964962006,366972000
2004-12-27,0.1949169933795929,0.19574999809265137,0.18958300352096558,0.1905830055475235,0.1743251234292984,308208000
2004-12-28,0.19099999964237213,0.19249999523162842,0.18883299827575684,0.18958300352096558,0.17341049015522003,291612000
2004-12-29,0.1889999955892563,0.19358299672603607,0.18850000202655792,0.1912499964237213,0.1749352365732193,294732000
2004-12-30,0.19133299589157104,0.19291700422763824,0.1896670013666153,0.19050000607967377,0.17424918711185455,259812000
2004-12-31,0.19325000047683716,0.19733299314975739,0.19249999523162842,0.19633300602436066,0.17958460748195648,575964000
2005-01-03,0.20316700637340546,0.20600000023841858,0.19566699862480164,0.1965000033378601,0.17973744869232178,1066716000
2005-01-04,0.19791699945926666,0.19824999570846558,0.18424999713897705,0.18725000321865082,0.17127640545368195,790224000
2005-01-05,0.18524999916553497,0.1912499964237213,0.18424999713897705,0.1889999955892563,0.17287717759609222,724812000
2005-01-06,0.19233299791812897,0.194582998752594,0.18583300709724426,0.1871670037508011,0.17120054364204407,563568000
2005-01-07,0.18758299946784973,0.1889999955892563,0.18083299696445465,0.18358300626277924,0.16792228817939758,763092000
2005-01-10,0.18416699767112732,0.18583300709724426,0.18291699886322021,0.18400000035762787,0.1683037132024765,579552000
2005-01-11,0.1822499930858612,0.18324999511241913,0.17558300495147705,0.17833299934864044,0.16312013566493988,1093380000
2005-01-12,0.17991699278354645,0.18058300018310547,0.17249999940395355,0.17683300375938416,0.16174806654453278,1057800000
2005-01-13,0.1772499978542328,0.18333299458026886,0.17333300411701202,0.17866699397563934,0.16342568397521973,898764000
2005-01-14,0.18199999630451202,0.18241700530052185,0.17749999463558197,0.17925000190734863,0.16395890712738037,573912000
2005-01-18,0.1772499978542328,0.18250000476837158,0.17683300375938416,0.18208299577236176,0.16655024886131287,464556000
2005-01-19,0.18291699886322021,0.18333299458026886,0.17716699838638306,0.1779170036315918,0.1627395898103714,336492000
2005-01-20,0.17433300614356995,0.18266700208187103,0.17433300614356995,0.17833299934864044,0.16312013566493988,640080000
2005-01-21,0.17858299612998962,0.18216699361801147,0.17800000309944153,0.17866699397563934,0.16342568397521973,596352000
2005-01-24,0.17766700685024261,0.18025000393390656,0.1704999953508377,0.17149999737739563,0.1568700522184372,463704000
2005-01-25,0.17225000262260437,0.17691700160503387,0.17125000059604645,0.1745000034570694,0.15961410105228424,439704000
2005-01-26,0.1750829964876175,0.1791670024394989,0.17216700315475464,0.17675000429153442,0.16167213022708893,429120000
2005-01-27,0.17708300054073334,0.19175000488758087,0.17599999904632568,0.1909170001745224,0.17463061213493347,1002912000
2005-01-28,0.19166700541973114,0.1924169957637787,0.18649999797344208,0.19066700339317322,0.1744019240140915,671052000
2005-01-31,0.19224999845027924,0.194582998752594,0.18833300471305847,0.19099999964237213,0.1747065782546997,562968000
2005-02-01,0.19083300232887268,0.19541700184345245,0.1896670013666153,0.194582998752594,0.17798393964767456,507180000
2005-02-02,0.20225000381469727,0.2070000022649765,0.1965000033378601,0.20541700720787048,0.18789370357990265,2035404000
2005-02-03,0.2032500058412552,0.20466700196266174,0.20041699707508087,0.2032500058412552,0.18591159582138062,690120000
2005-02-04,0.20333300530910492,0.21549999713897705,0.2032500058412552,0.21491700410842896,0.19658330082893372,806448000
2005-02-07,0.21516700088977814,0.21916699409484863,0.2104170024394989,0.21233299374580383,0.194219708442688,521628000
2005-02-08,0.210999995470047,0.2178329974412918,0.21033300459384918,0.2144169956445694,0.19612592458724976,455772000
2005-02-09,0.2150000035762787,0.2156669944524765,0.20583300292491913,0.20691700279712677,0.18926575779914856,783756000
2005-02-10,0.20800000429153442,0.2128330022096634,0.20724999904632568,0.21175000071525574,0.19368647038936615,602376000
2005-02-11,0.2104170024394989,0.21950000524520874,0.20966699719429016,0.21791699528694153,0.19932739436626434,556512000
2005-02-14,0.2178329974412918,0.21866700053215027,0.21250000596046448,0.21333299577236176,0.19513444602489471,432900000
2005-02-15,0.2147500067949295,0.22208300232887268,0.2144169956445694,0.21525000035762787,0.19688789546489716,748500000
2005-02-16,0.21458299458026886,0.21766699850559235,0.21066699922084808,0.21449999511241913,0.1962018460035324,466464000
2005-02-17,0.21741700172424316,0.2175000011920929,0.21091699600219727,0.2125830054283142,0.19444839656352997,1017408000
2005-02-18,0.22891700267791748,0.23583300411701202,0.22258299589157104,0.23558300733566284,0.21548642218112946,3132120000
2005-02-22,0.23399999737739563,0.2440830022096634,0.23191699385643005,0.23858299851417542,0.2182304412126541,1420800000
2005-02-23,0.23475000262260437,0.2376669943332672,0.22699999809265137,0.2308329939842224,0.21114154160022736,1107840000
2005-02-24,0.22766700387001038,0.23725000023841858,0.22766700387001038,0.23691700398921967,0.21670657396316528,695496000
2005-02-25,0.23725000023841858,0.24158300459384918,0.23466700315475464,0.24033300578594208,0.219831183552742,525132000
2005-02-28,0.2391670048236847,0.2416670024394989,0.23708300292491913,0.24158300459384918,0.22097451984882355,758064000
2005-03-01,0.24266700446605682,0.24666699767112732,0.23858299851417542,0.2409999966621399,0.2204412817955017,737148000
2005-03-02,0.23833300173282623,0.23966699838638306,0.23250000178813934,0.2339169979095459,0.21396249532699585,947460000
2005-03-03,0.23333300650119781,0.2348330020904541,0.22733299434185028,0.23074999451637268,0.21106569468975067,761292000
2005-03-04,0.2314170002937317,0.23341700434684753,0.22783300280570984,0.22975000739097595,0.21015092730522156,593124000
2005-03-07,0.23074999451637268,0.23691700398921967,0.22916699945926666,0.23208299279212952,0.21228493750095367,511176000
2005-03-08,0.23149999976158142,0.23199999332427979,0.21883299946784973,0.22033299505710602,0.20153728127479553,1332384000
2005-03-09,0.21891699731349945,0.22300000488758087,0.21391700208187103,0.21458299458026886,0.19627778232097626,910140000
2005-03-10,0.21525000035762787,0.21716700494289398,0.21108299493789673,0.21449999511241913,0.1962018460035324,689280000
2005-03-11,0.21641699969768524,0.21674999594688416,0.20774999260902405,0.20966699719429016,0.19178111851215363,732180000
2005-03-14,0.21400000154972076,0.21649999916553497,0.21250000596046448,0.21558299660682678,0.1971925050020218,572148000
2005-03-15,0.21666699647903442,0.21875,0.21108299493789673,0.21125000715255737,0.19322915375232697,378108000
2005-03-16,0.2104170024394989,0.21375000476837158,0.2075829952955246,0.20766699314117432,0.1899518221616745,535356000
2005-03-17,0.20833300054073334,0.20908300578594208,0.2050829976797104,0.20558300614356995,0.18804560601711273,442584000
2005-03-18,0.2057500034570694,0.2064169943332672,0.19766700267791748,0.2014169991016388,0.18423493206501007,639012000
2005-03-21,0.20133300125598907,0.2088329941034317,0.20008300244808197,0.20833300054073334,0.1905609667301178,654456000
2005-03-22,0.2084999978542328,0.2104170024394989,0.20383299887180328,0.20458300411701202,0.1871308535337448,622992000
2005-03-23,0.20433300733566284,0.2104170024394989,0.203916996717453,0.20900000631809235,0.1911710947751999,728784000
2005-03-24,0.20958299934864044,0.21525000035762787,0.20925000309944153,0.20941700041294098,0.19155250489711761,865356000
2005-03-28,0.2094999998807907,0.21250000596046448,0.2050829976797104,0.20708300173282623,0.18941757082939148,511188000
2005-03-29,0.20683300495147705,0.2091670036315918,0.20158299803733826,0.20250000059604645,0.1852254867553711,587400000
2005-03-30,0.20258300006389618,0.20541700720787048,0.19558300077915192,0.20250000059604645,0.1852254867553711,858708000
2005-03-31,0.20133300125598907,0.20274999737739563,0.1970829963684082,0.1979999989271164,0.1811094880104065,518316000
2005-04-01,0.20041699707508087,0.20158299803733826,0.1949169933795929,0.19608299434185028,0.17935596406459808,510756000
2005-04-04,0.19499999284744263,0.19558300077915192,0.1905830055475235,0.1949169933795929,0.17828936874866486,421428000
2005-04-05,0.19499999284744263,0.19908300042152405,0.19033299386501312,0.1914999932050705,0.17516395449638367,430128000
2005-04-06,0.19508300721645355,0.1983329951763153,0.19374999403953552,0.19441699981689453,0.17783205211162567,567468000
2005-04-07,0.19541700184345245,0.20000000298023224,0.19208300113677979,0.1979999989271164,0.1811094880104065,506352000
2005-04-08,0.19883300364017487,0.2032500058412552,0.19499999284744263,0.19541700184345245,0.17874673008918762,621540000
2005-04-11,0.19683299958705902,0.19750000536441803,0.19099999964237213,0.19158299267292023,0.17523981630802155,328380000
2005-04-12,0.19099999964237213,0.19425000250339508,0.18674999475479126,0.19391700625419617,0.17737479507923126,512232000
2005-04-13,0.19416700303554535,0.1946669965982437,0.18458299338817596,0.18583300709724426,0.16998039186000824,498408000
2005-04-14,0.1862500011920929,0.18799999356269836,0.18366700410842896,0.18433299660682678,0.16860824823379517,352080000
2005-04-15,0.18199999630451202,0.18333299458026886,0.17624999582767487,0.1779170036315918,0.1627395898103714,630156000
2005-04-18,0.17683300375938416,0.1806669980287552,0.17583300173282623,0.1766670048236847,0.16159622371196747,473100000
2005-04-19,0.17958299815654755,0.18416699767112732,0.17874999344348907,0.1828330010175705,0.16723623871803284,365460000
2005-04-20,0.18591700494289398,0.18708300590515137,0.17708300054073334,0.1772499978542328,0.16212952136993408,564672000
2005-04-21,0.18083299696445465,0.18774999678134918,0.17925000190734863,0.18708300590515137,0.1711236983537674,538152000
2005-04-22,0.18591700494289398,0.1871670037508011,0.1831669956445694,0.1853329986333847,0.1695229858160019,336276000
2005-04-25,0.1869170069694519,0.1896670013666153,0.1860000044107437,0.18825000524520874,0.17219112813472748,318168000
2005-04-26,0.18833300471305847,0.19224999845027924,0.18358300626277924,0.18741700053215027,0.17142926156520844,353148000
2005-04-27,0.18250000476837158,0.1831669956445694,0.17649999260902405,0.18025000393390656,0.16487357020378113,609348000
2005-04-28,0.17966699600219727,0.18324999511241913,0.1779170036315918,0.18083299696445465,0.16540691256523132,372948000
2005-04-29,0.1825830042362213,0.18400000035762787,0.17433300614356995,0.18275000154972076,0.16716036200523376,478356000
2005-05-02,0.18491700291633606,0.18700000643730164,0.17933300137519836,0.18208299577236176,0.16655024886131287,334908000
2005-05-03,0.1822499930858612,0.1855829954147339,0.1803330034017563,0.18108299374580383,0.1656356155872345,439512000
2005-05-04,0.1819169968366623,0.188167005777359,0.1813330054283142,0.186832994222641,0.17089501023292542,468816000
2005-05-05,0.18791699409484863,0.19283300638198853,0.1869170069694519,0.19050000607967377,0.17424918711185455,619272000
2005-05-06,0.1927500069141388,0.19316700100898743,0.18833300471305847,0.1930830031633377,0.17661190032958984,355728000
2005-05-09,0.19391700625419617,0.1979999989271164,0.1927500069141388,0.19666700065135956,0.17989018559455872,745332000
2005-05-10,0.19416700303554535,0.19425000250339508,0.186832994222641,0.1889999955892563,0.17287717759609222,735120000
2005-05-11,0.1899999976158142,0.19083300232887268,0.18549999594688416,0.18583300709724426,0.16998039186000824,555420000
2005-05-12,0.18583300709724426,0.1924169957637787,0.1856669932603836,0.18991699814796448,0.17371590435504913,835584000
2005-05-13,0.20708300173282623,0.2122499942779541,0.1983329951763153,0.21108299493789673,0.19307637214660645,2650320000
2005-05-16,0.20858299732208252,0.21324999630451202,0.2084999978542328,0.21183300018310547,0.19376236200332642,664104000
2005-05-17,0.21058300137519836,0.21516700088977814,0.2104170024394989,0.21416699886322021,0.19589729607105255,639804000
2005-05-18,0.21366700530052185,0.2162500023841858,0.21141700446605682,0.21574999392032623,0.19734524190425873,550056000
2005-05-19,0.2162500023841858,0.21716700494289398,0.2129170000553131,0.2153329998254776,0.19696375727653503,452880000
2005-05-20,0.21508300304412842,0.21924999356269836,0.2125830054283142,0.21916699409484863,0.2004706859588623,517008000
2005-05-23,0.2206670045852661,0.226500004529953,0.2199999988079071,0.22425000369548798,0.20512014627456665,703668000
2005-05-24,0.22316700220108032,0.22824999690055847,0.22208300232887268,0.2274170070886612,0.20801696181297302,522192000
2005-05-25,0.22691699862480164,0.22808299958705902,0.22233299911022186,0.22450000047683716,0.20534881949424744,535272000
2005-05-26,0.226500004529953,0.23258300125598907,0.22608299553394318,0.2308329939842224,0.21114154160022736,788784000
2005-05-27,0.23149999976158142,0.23149999976158142,0.22691699862480164,0.22933299839496613,0.20976950228214264,322740000
2005-05-31,0.2283329963684082,0.23025000095367432,0.22208300232887268,0.225832998752594,0.2065681368112564,763176000
2005-06-01,0.2243330031633377,0.23208299279212952,0.22166700661182404,0.22791700065135956,0.2084742784500122,796632000
2005-06-02,0.2270829975605011,0.2364169955253601,0.2270829975605011,0.2364169955253601,0.2162492424249649,684348000
2005-06-03,0.23558300733566284,0.23774999380111694,0.23333300650119781,0.23583300411701202,0.21571505069732666,559620000
2005-06-06,0.23158299922943115,0.23616699874401093,0.2314170002937317,0.233583003282547,0.21365703642368317,512892000
2005-06-07,0.23199999332427979,0.23583300411701202,0.2270829975605011,0.22791700065135956,0.2084742784500122,974136000
2005-06-08,0.22849999368190765,0.23166699707508087,0.22391700744628906,0.22633300721645355,0.207025408744812,618720000
2005-06-09,0.2245829999446869,0.23591700196266174,0.2243330031633377,0.23583300411701202,0.21571505069732666,619908000
2005-06-10,0.23558300733566284,0.23583300411701202,0.23158299922943115,0.23316699266433716,0.2132764756679535,465096000
2005-06-13,0.23333300650119781,0.24491700530052185,0.2326669991016388,0.23833300173282623,0.21800175309181213,1409916000
2005-06-14,0.23841699957847595,0.24233299493789673,0.21674999594688416,0.22425000369548798,0.20512014627456665,2408412000
2005-06-15,0.22283299267292023,0.2245829999446869,0.2147500067949295,0.22358299791812897,0.20451003313064575,1669788000
2005-06-16,0.22349999845027924,0.22624999284744263,0.2202499955892563,0.22474999725818634,0.20557744801044464,489240000
2005-06-17,0.22750000655651093,0.22791700065135956,0.2236669957637787,0.22425000369548798,0.20512014627456665,456348000
2005-06-20,0.22425000369548798,0.22916699945926666,0.2205830067396164,0.22766700387001038,0.2082456350326538,606060000
2005-06-21,0.22916699945926666,0.23091700673103333,0.22699999809265137,0.22983300685882568,0.2102268785238266,428172000
2005-06-22,0.23225000500679016,0.23383300006389618,0.22675000131130219,0.2295829951763153,0.209998220205307,700668000
2005-06-23,0.22916699945926666,0.23600000143051147,0.2283329963684082,0.23316699266433716,0.2132764756679535,836976000
2005-06-24,0.23274999856948853,0.23283299803733826,0.22450000047683716,0.22574999928474426,0.20649215579032898,475632000
2005-06-27,0.2243330031633377,0.2261669933795929,0.22191700339317322,0.22391700744628906,0.20481553673744202,354588000
2005-06-28,0.22483299672603607,0.22683300077915192,0.22233299911022186,0.22533300518989563,0.20611074566841125,262308000
2005-06-29,0.22541700303554535,0.225832998752594,0.22141699492931366,0.22325000166893005,0.20420539379119873,283572000
2005-06-30,0.22474999725818634,0.22683300077915192,0.2209170013666153,0.22266699373722076,0.20367217063903809,593232000
2005-07-01,0.22191700339317322,0.2240000069141388,0.21916699409484863,0.2236669957637787,0.20458684861660004,315168000
2005-07-05,0.22450000047683716,0.22808299958705902,0.22233299911022186,0.22716699540615082,0.20778830349445343,388440000
2005-07-06,0.22791700065135956,0.2342499941587448,0.22533300518989563,0.23325000703334808,0.21335239708423615,703632000
2005-07-07,0.2295829951763153,0.23333300650119781,0.22883300483226776,0.23158299922943115,0.21182763576507568,465900000
2005-07-08,0.2329999953508377,0.23524999618530273,0.23000000417232513,0.2345000058412552,0.21449577808380127,408132000
2005-07-11,0.23658299446105957,0.2404170036315918,0.23558300733566284,0.23800000548362732,0.21769718825817108,399492000
2005-07-12,0.23783299326896667,0.23849999904632568,0.23183299601078033,0.23666700720787048,0.2164779007434845,564252000
2005-07-13,0.2376669943332672,0.23833300173282623,0.2329999953508377,0.2370000034570694,0.21678248047828674,594780000
2005-07-14,0.2395000010728836,0.2441670000553131,0.2261669933795929,0.226500004529953,0.20717822015285492,1871496000
2005-07-15,0.225832998752594,0.226500004529953,0.22016699612140656,0.22408300638198853,0.20496736466884613,1223352000
2005-07-18,0.2234169989824295,0.22349999845027924,0.2162500023841858,0.21850000321865082,0.19986067712306976,1044900000
2005-07-19,0.21983300149440765,0.22200000286102295,0.2181670069694519,0.2214999943971634,0.20260471105575562,517896000
2005-07-20,0.21891699731349945,0.22574999928474426,0.21591700613498688,0.22483299672603607,0.20565344393253326,526500000
2005-07-21,0.22191700339317322,0.22291700541973114,0.21641699969768524,0.22100000083446503,0.2021474540233612,594528000
2005-07-22,0.22208300232887268,0.2252500057220459,0.21366700530052185,0.21525000035762787,0.19688789546489716,699264000
2005-07-25,0.21275000274181366,0.22316700220108032,0.21183300018310547,0.21649999916553497,0.1980312615633011,974952000
2005-07-26,0.21558299660682678,0.22133299708366394,0.2147500067949295,0.22100000083446503,0.2021474540233612,759492000
2005-07-27,0.22133299708366394,0.226500004529953,0.21758300065994263,0.22550000250339508,0.20626352727413177,807828000
2005-07-28,0.22508299350738525,0.2283329963684082,0.22200000286102295,0.22724999487400055,0.2078642100095749,411240000
2005-07-29,0.22633300721645355,0.22875000536441803,0.2236669957637787,0.22550000250339508,0.20626352727413177,351660000
2005-08-01,0.22683300077915192,0.2299170047044754,0.22533300518989563,0.22891700267791748,0.20938903093338013,389040000
2005-08-02,0.22916699945926666,0.23274999856948853,0.22883300483226776,0.23199999332427979,0.2122090458869934,422652000
2005-08-03,0.23199999332427979,0.23416699469089508,0.2299170047044754,0.23199999332427979,0.2122090458869934,518256000
2005-08-04,0.23025000095367432,0.23125000298023224,0.22908300161361694,0.2295829951763153,0.209998220205307,356424000
2005-08-05,0.2292499989271164,0.23591700196266174,0.22766700387001038,0.23541699349880219,0.21533453464508057,684096000
2005-08-08,0.2370000034570694,0.24141700565814972,0.23458300530910492,0.23624999821186066,0.2160964459180832,725544000
2005-08-09,0.23658299446105957,0.23716700077056885,0.23308299481868744,0.23566700518131256,0.21556317806243896,291900000
2005-08-10,0.23666700720787048,0.23783299326896667,0.22975000739097595,0.23216700553894043,0.21236176788806915,440556000
2005-08-11,0.23216700553894043,0.23583300411701202,0.2299170047044754,0.23541699349880219,0.21533453464508057,701556000
2005-08-12,0.24924999475479126,0.25174999237060547,0.2407499998807907,0.24958300590515137,0.22829200327396393,2295420000
2005-08-15,0.25041699409484863,0.25850000977516174,0.2472500056028366,0.2559170126914978,0.2340857833623886,882804000
2005-08-16,0.2535000145435333,0.25575000047683716,0.24975000321865082,0.2515830099582672,0.23012150824069977,637488000
2005-08-17,0.25049999356269836,0.2546670138835907,0.2503330111503601,0.2515830099582672,0.23012150824069977,607572000
2005-08-18,0.2496670037508011,0.250916987657547,0.24400000274181366,0.2450830042362213,0.22417588531970978,822732000
2005-08-19,0.24549999833106995,0.2462500035762787,0.2425830066204071,0.24333299696445465,0.22257527709007263,422232000
2005-08-22,0.242917001247406,0.24683299660682678,0.23849999904632568,0.2413329929113388,0.22074587643146515,547224000
2005-08-23,0.24108299612998962,0.2441670000553131,0.24025000631809235,0.242917001247406,0.22219476103782654,254460000
2005-08-24,0.2413329929113388,0.24824999272823334,0.24016700685024261,0.24308300018310547,0.22234655916690826,514620000
2005-08-25,0.2441670000553131,0.24608300626277924,0.24208299815654755,0.2447499930858612,0.22387133538722992,296484000
2005-08-26,0.24500000476837158,0.24500000476837158,0.23866699635982513,0.2409999966621399,0.2204412817955017,323436000
2005-08-29,0.23874999582767487,0.2416670024394989,0.23683300614356995,0.24141700565814972,0.22082270681858063,343392000
2005-08-30,0.2409999966621399,0.250667005777359,0.24066700041294098,0.25008299946784973,0.2287493795156479,948852000
2005-08-31,0.24950000643730164,0.25883299112319946,0.2487500011920929,0.2556670010089874,0.23385706543922424,906804000
2005-09-01,0.2549169957637787,0.2580829858779907,0.25358301401138306,0.25575000047683716,0.23393291234970093,556884000
2005-09-02,0.2562499940395355,0.2562499940395355,0.25075000524520874,0.2515830099582672,0.23012150824069977,469800000
2005-09-06,0.2524999976158142,0.2549999952316284,0.24866700172424316,0.2536669969558716,0.23202775418758392,423096000
2005-09-07,0.2533330023288727,0.2624169886112213,0.25266700983047485,0.2617500126361847,0.23942121863365173,588012000
2005-09-08,0.2601670026779175,0.26808300614356995,0.2601670026779175,0.264833003282547,0.24224109947681427,646116000
2005-09-09,0.2676669955253601,0.2688330113887787,0.2633329927921295,0.2682499885559082,0.2453666776418686,454236000
2005-09-12,0.2685000002384186,0.26933300495147705,0.26416701078414917,0.2673330008983612,0.2445279061794281,556584000
2005-09-13,0.2660830020904541,0.27674999833106995,0.2660830020904541,0.2754170000553131,0.25192221999168396,854724000
2005-09-14,0.27333301305770874,0.2770000100135803,0.27083298563957214,0.27208301424980164,0.248872771859169,503448000
2005-09-15,0.2762500047683716,0.2800000011920929,0.27458301186561584,0.2769170105457306,0.253294438123703,759756000
2005-09-16,0.27924999594688416,0.28075000643730164,0.27483299374580383,0.27708300948143005,0.2534462511539459,519828000
2005-09-19,0.27674999833106995,0.27766698598861694,0.2716670036315918,0.2731670141220093,0.24986423552036285,428316000
2005-09-20,0.27524998784065247,0.2815830111503601,0.27491700649261475,0.2784999907016754,0.2547423541545868,522192000
2005-09-21,0.27741700410842896,0.28291699290275574,0.27366700768470764,0.27608299255371094,0.2525315284729004,625656000
2005-09-22,0.27674999833106995,0.27674999833106995,0.26374998688697815,0.2686670124530792,0.2457481026649475,739152000
2005-09-23,0.26808300614356995,0.27491700649261475,0.2658329904079437,0.2725830078125,0.24933002889156342,314640000
2005-09-26,0.27466699481010437,0.27674999833106995,0.2697499990463257,0.27483299374580383,0.2513880729675293,406776000
2005-09-27,0.2759999930858612,0.2784169912338257,0.27366700768470764,0.2757500112056732,0.25222688913345337,404160000
2005-09-28,0.2765829861164093,0.2781670093536377,0.27341699600219727,0.27741700410842896,0.2537517249584198,353556000
2005-09-29,0.2775000035762787,0.2833330035209656,0.27524998784065247,0.2831670045852661,0.25901123881340027,513372000
2005-09-30,0.2833330035209656,0.28824999928474426,0.2827500104904175,0.2856670022010803,0.2612980008125305,458832000
2005-10-03,0.289000004529953,0.29558300971984863,0.28666698932647705,0.29350000619888306,0.26846277713775635,549888000
2005-10-04,0.29475000500679016,0.29958298802375793,0.289000004529953,0.289667010307312,0.2649567127227783,514476000
2005-10-05,0.28999999165534973,0.28999999165534973,0.27833300828933716,0.2800830006599426,0.2561902701854706,599184000
2005-10-06,0.2797499895095825,0.2840830087661743,0.2706669867038727,0.2790830135345459,0.255275696516037,685512000
2005-10-07,0.27958300709724426,0.2824169993400574,0.27333301305770874,0.27549999952316284,0.2519981563091278,551952000
2005-10-10,0.2769170105457306,0.27741700410842896,0.26841700077056885,0.2685000002384186,0.24559538066387177,459216000
2005-10-11,0.2694999873638153,0.27183300256729126,0.2620829939842224,0.2651669979095459,0.2425466924905777,540048000
2005-10-12,0.26441699266433716,0.27241700887680054,0.26408299803733826,0.26833298802375793,0.24544255435466766,657660000
2005-10-13,0.26774999499320984,0.26816698908805847,0.25666698813438416,0.26691699028015137,0.244147390127182,509304000
2005-10-14,0.2688330113887787,0.27216699719429016,0.26249998807907104,0.26691699028015137,0.244147390127182,311256000
2005-10-17,0.26708298921585083,0.27216699719429016,0.26708298921585083,0.2694999873638153,0.24650998413562775,243912000
2005-10-18,0.2705000042915344,0.2709999978542328,0.2633329927921295,0.265082985162735,0.24246983230113983,299832000
2005-10-19,0.26166701316833496,0.2632499933242798,0.2542499899864197,0.26283299922943115,0.24041174352169037,635952000
2005-10-20,0.2632499933242798,0.2701669931411743,0.2620829939842224,0.26466700434684753,0.24208930134773254,359520000
2005-10-21,0.2691670060157776,0.27000001072883606,0.26433300971984863,0.266167014837265,0.24346141517162323,298368000
2005-10-24,0.2685000002384186,0.27341699600219727,0.2660830020904541,0.27341699600219727,0.25009286403656006,291012000
2005-10-25,0.2715829908847809,0.2759999930858612,0.2704170048236847,0.27516698837280273,0.25169357657432556,334680000
2005-10-26,0.27524998784065247,0.27583301067352295,0.2672500014305115,0.2676669955253601,0.24483336508274078,415344000
2005-10-27,0.26816698908805847,0.26899999380111694,0.26124998927116394,0.2620829939842224,0.23972578346729279,227784000
2005-10-28,0.2627499997615814,0.2706669867038727,0.2562499940395355,0.2701669931411743,0.24712009727954865,464640000
2005-10-31,0.27125000953674316,0.2815000116825104,0.27125000953674316,0.27958300709724426,0.25573286414146423,432420000
2005-11-01,0.27958300709724426,0.28166699409484863,0.27399998903274536,0.27616700530052185,0.2526083290576935,400488000
2005-11-02,0.2762500047683716,0.29249998927116394,0.2750000059604645,0.2921670079231262,0.2672434449195862,523668000
2005-11-03,0.29416701197624207,0.2958329916000366,0.28641700744628906,0.2887499928474426,0.26411792635917664,465072000
2005-11-04,0.28891700506210327,0.2895829975605011,0.28083300590515137,0.28383299708366394,0.25962039828300476,570276000
2005-11-07,0.2853330075740814,0.28633299469947815,0.28141701221466064,0.28258299827575684,0.25847703218460083,370824000
2005-11-08,0.2836669981479645,0.28391700983047485,0.27608299255371094,0.27733299136161804,0.25367480516433716,538968000
2005-11-09,0.2779169976711273,0.29166701436042786,0.2747499942779541,0.2898330092430115,0.26510852575302124,818880000
2005-11-10,0.2999170124530792,0.30641698837280273,0.27366700768470764,0.2790830135345459,0.255275696516037,2503620000
2005-11-11,0.2815000116825104,0.28700000047683716,0.28025001287460327,0.2836669981479645,0.25946858525276184,545928000
2005-11-14,0.2837499976158142,0.29166701436042786,0.2794170081615448,0.289667010307312,0.2649567127227783,493668000
2005-11-15,0.2914170026779175,0.29416701197624207,0.28941699862480164,0.29033300280570984,0.2655658721923828,496200000
2005-11-16,0.29066699743270874,0.29225000739097595,0.2836669981479645,0.2893329858779907,0.2646511197090149,455280000
2005-11-17,0.2917500138282776,0.30241701006889343,0.288332998752594,0.30216699838638306,0.27639031410217285,703260000
2005-11-18,0.3031669855117798,0.3056670129299164,0.29566699266433716,0.3015829920768738,0.2758561074733734,465768000
2005-11-21,0.3019169867038727,0.30741700530052185,0.2999170124530792,0.3069170117378235,0.2807351350784302,454704000
2005-11-22,0.3084999918937683,0.3180829882621765,0.30608299374580383,0.31508299708366394,0.2882046103477478,731700000
2005-11-23,0.31541699171066284,0.3187499940395355,0.3125,0.31416699290275574,0.28736668825149536,411948000
2005-11-25,0.3156670033931732,0.3177500069141388,0.31349998712539673,0.31725001335144043,0.2901867628097534,116676000
2005-11-28,0.3180829882621765,0.3208329975605011,0.3100000023841858,0.3156670033931732,0.2887386977672577,424524000
2005-11-29,0.296999990940094,0.305417001247406,0.29433301091194153,0.29566699266433716,0.27044478058815,1043136000
2005-11-30,0.2935830056667328,0.30274999141693115,0.29350000619888306,0.30125001072883606,0.27555155754089355,575448000
2005-12-01,0.30375000834465027,0.3062500059604645,0.3005000054836273,0.30483299493789673,0.278828889131546,562032000
2005-12-02,0.3062500059604645,0.3070000112056732,0.30083298683166504,0.30491700768470764,0.2789056897163391,334476000
2005-12-05,0.30558300018310547,0.30558300018310547,0.2982499897480011,0.2992500066757202,0.27372217178344727,387708000
2005-12-06,0.2997500002384186,0.30458301305770874,0.29933300614356995,0.3005000054836273,0.2748655378818512,375252000
2005-12-07,0.3016670048236847,0.3034999966621399,0.2958329916000366,0.3009999990463257,0.27532291412353516,352668000
2005-12-08,0.29941698908805847,0.30333301424980164,0.2951669991016388,0.2985830008983612,0.2731121778488159,386664000
2005-12-09,0.2994999885559082,0.3032500147819519,0.29533299803733826,0.3028329908847809,0.27699950337409973,262896000
2005-12-12,0.30366700887680054,0.3079169988632202,0.3031669855117798,0.3072499930858612,0.28103965520858765,281136000
2005-12-13,0.3078329861164093,0.31391701102256775,0.30558300018310547,0.3112500011920929,0.2846984565258026,443412000
2005-12-14,0.30891698598861694,0.3104169964790344,0.30466699600219727,0.30833300948143005,0.28203025460243225,287472000
2005-12-15,0.3080829977989197,0.3104169964790344,0.30125001072883606,0.3044170141220093,0.2784484922885895,332724000
2005-12-16,0.30550000071525574,0.3084169924259186,0.3025830090045929,0.30708301067352295,0.2808869481086731,1065600000
2005-12-19,0.30774998664855957,0.3100000023841858,0.30125001072883606,0.3019999861717224,0.2762377858161926,292296000
2005-12-20,0.3016670048236847,0.3062500059604645,0.29783299565315247,0.30183300375938416,0.2760848104953766,304356000
2005-12-21,0.3032500147819519,0.3057500123977661,0.2985000014305115,0.30125001072883606,0.27555155754089355,289380000
2005-12-22,0.3009999990463257,0.31075000762939453,0.30091699957847595,0.3104169964790344,0.28393661975860596,318336000
2005-12-23,0.3112500011920929,0.31325000524520874,0.3091669976711273,0.3128330111503601,0.28614646196365356,214536000
2005-12-27,0.3125,0.3181670010089874,0.31150001287460327,0.31474998593330383,0.28789985179901123,367968000
2005-12-28,0.31474998593330383,0.3186669945716858,0.3127500116825104,0.31766700744628906,0.290568083524704,264420000
2005-12-29,0.3174999952316284,0.31850001215934753,0.30924999713897705,0.3105829954147339,0.2840884029865265,310464000
2005-12-30,0.3088330030441284,0.30891698598861694,0.30341699719429016,0.30466699600219727,0.2786771357059479,229608000
2006-01-03,0.30641698837280273,0.3208329975605011,0.305417001247406,0.31850001215934753,0.29133015871047974,472812000
2006-01-04,0.320917010307312,0.3279170095920563,0.31758299469947815,0.3274169862270355,0.29948627948760986,510072000
2006-01-05,0.32749998569488525,0.3354170024394989,0.32691699266433716,0.3348329961299896,0.3062697947025299,646092000
2006-01-06,0.33866700530052185,0.3415830135345459,0.32541701197624207,0.3403330147266388,0.3113006055355072,623388000
2006-01-09,0.34016698598861694,0.35166698694229126,0.3394170105457306,0.34983301162719727,0.31999021768569946,560484000
2006-01-10,0.3481670022010803,0.3499169945716858,0.34375,0.3499169945716858,0.32006698846817017,339660000
2006-01-11,0.3502500057220459,0.36458298563957214,0.3496670126914978,0.3625830113887787,0.33165261149406433,626304000
2006-01-12,0.36250001192092896,0.36808300018310547,0.3548330068588257,0.3574169874191284,0.326927125453949,495504000
2006-01-13,0.35658299922943115,0.359499990940094,0.3492499887943268,0.3542500138282776,0.32403039932250977,421296000
2006-01-17,0.3494170010089874,0.35416701436042786,0.34474998712539673,0.3540000021457672,0.3238016963005066,329232000
2006-01-18,0.34325000643730164,0.3569999933242798,0.3400000035762787,0.3558329939842224,0.3254782259464264,459948000
2006-01-19,0.36058300733566284,0.3804999887943268,0.359917014837265,0.3755829930305481,0.34354355931282043,914760000
2006-01-20,0.3761669993400574,0.3804999887943268,0.36500000953674316,0.3650830090045929,0.3339393436908722,461604000
2006-01-23,0.367917001247406,0.37024998664855957,0.3629170060157776,0.36716699600219727,0.33584538102149963,334884000
2006-01-24,0.36800000071525574,0.37666699290275574,0.367000013589859,0.36899998784065247,0.3375219404697418,388896000
2006-01-25,0.37083300948143005,0.37325000762939453,0.3613330125808716,0.3657500147819519,0.3345493674278259,400236000
2006-01-26,0.37108299136161804,0.37858301401138306,0.3687500059604645,0.37825000286102295,0.34598296880722046,448836000
2006-01-27,0.38316699862480164,0.38966700434684753,0.3799999952316284,0.38541701436042786,0.3525385856628418,385044000
2006-01-30,0.3870829939842224,0.38749998807907104,0.3793329894542694,0.38108301162719727,0.3485743999481201,315780000
2006-01-31,0.37916699051856995,0.3812499940395355,0.37174999713897705,0.3746669888496399,0.3427056670188904,384456000
2006-02-01,0.367917001247406,0.37641701102256775,0.36649999022483826,0.37491700053215027,0.3429343104362488,450852000
2006-02-02,0.3783330023288727,0.37858301401138306,0.3629170060157776,0.3634999990463257,0.3324912190437317,473736000
2006-02-03,0.3611670136451721,0.3713330030441284,0.36000001430511475,0.36683300137519836,0.33553990721702576,504252000
2006-02-06,0.36583301424980164,0.37758299708366394,0.3642500042915344,0.3771669864654541,0.34499236941337585,363468000
2006-02-07,0.37791699171066284,0.37791699171066284,0.3635829985141754,0.36375001072883606,0.33271992206573486,399408000
2006-02-08,0.3648329973220825,0.37424999475479126,0.3648329973220825,0.37424999475479126,0.34232425689697266,393072000
2006-02-09,0.37541699409484863,0.3812499940395355,0.36558300256729126,0.367917001247406,0.33653151988983154,437100000
2006-02-10,0.36924999952316284,0.3709169924259186,0.35725000500679016,0.36583301424980164,0.334625244140625,414996000
2006-02-13,0.36466699838638306,0.3696669936180115,0.36216700077056885,0.36708301305770874,0.3357687294483185,280740000
2006-02-14,0.36708301305770874,0.3690829873085022,0.3629170060157776,0.36774998903274536,0.33637866377830505,342348000
2006-02-15,0.367000013589859,0.37583300471305847,0.3660829961299896,0.37483298778533936,0.3428575396537781,493296000
2006-02-16,0.3818329870700836,0.3941670060157776,0.3792499899864197,0.39333298802375793,0.35977938771247864,1305888000
2006-02-17,0.42225000262260437,0.422666996717453,0.39333298802375793,0.39558300375938416,0.36183735728263855,2356956000
2006-02-21,0.3947499990463257,0.3954170048236847,0.38374999165534973,0.3871670067310333,0.354139506816864,684060000
2006-02-22,0.38166698813438416,0.3895829916000366,0.3725000023841858,0.3865000009536743,0.353529155254364,939756000
2006-02-23,0.38533300161361694,0.38791701197624207,0.37950000166893005,0.3805829882621765,0.3481169044971466,385128000
2006-02-24,0.38225001096725464,0.3868330121040344,0.3785000145435333,0.3804999887943268,0.34804123640060425,416412000
2006-02-27,0.383417010307312,0.39833301305770874,0.3794170022010803,0.39591699838638306,0.3621428906917572,666468000
2006-02-28,0.3941670060157776,0.39750000834465027,0.3889169991016388,0.39274999499320984,0.3592459559440613,563316000
2006-03-01,0.3941670060157776,0.4099999964237213,0.3916670083999634,0.40766701102256775,0.3728906214237213,703932000
2006-03-02,0.40724998712539673,0.414000004529953,0.40299999713897705,0.40825000405311584,0.37342387437820435,545460000
2006-03-03,0.40450000762939453,0.4167500138282776,0.4037500023841858,0.4096669852733612,0.37471991777420044,595800000
2006-03-06,0.4176670014858246,0.42041701078414917,0.4068329930305481,0.40883299708366394,0.373957097530365,529020000
2006-03-07,0.40891700983047485,0.4120829999446869,0.39375001192092896,0.4018329977989197,0.36755427718162537,606204000
2006-03-08,0.4019170105457306,0.40400001406669617,0.3855000138282776,0.39983299374580383,0.3657248318195343,670800000
2006-03-09,0.4046669900417328,0.41141700744628906,0.4016669988632202,0.4019170105457306,0.36763104796409607,536700000
2006-03-10,0.40149998664855957,0.4065830111503601,0.3913330137729645,0.39491701126098633,0.3612282872200012,521580000
2006-03-13,0.39891698956489563,0.4015829861164093,0.39591699838638306,0.39966699481010437,0.36557310819625854,372132000
2006-03-14,0.4000000059604645,0.4124169945716858,0.398499995470047,0.41075000166893005,0.37571054697036743,627792000
2006-03-15,0.4115830063819885,0.41791701316833496,0.4099999964237213,0.4173330068588257,0.3817319869995117,510600000
2006-03-16,0.4180830121040344,0.4185830056667328,0.40174999833106995,0.4031670093536377,0.36877453327178955,568416000
2006-03-17,0.4012500047683716,0.4074999988079071,0.39524999260902405,0.40641701221466064,0.371747225522995,618588000
2006-03-20,0.4099999964237213,0.41008299589157104,0.4029169976711273,0.40333300828933716,0.3689263164997101,293772000
2006-03-21,0.4232499897480011,0.43083301186561584,0.4121670126914978,0.4232499897480011,0.38714420795440674,1235472000
2006-03-22,0.4124999940395355,0.41449999809265137,0.4018329977989197,0.41108301281929016,0.3760151267051697,1158576000
2006-03-23,0.4124999940395355,0.42041701078414917,0.4078330099582672,0.41874998807907104,0.383028119802475,661992000
2006-03-24,0.4198330044746399,0.43366700410842896,0.41916701197624207,0.4329169988632202,0.39598655700683594,687936000
2006-03-27,0.4332500100135803,0.4449169933795929,0.4318329989910126,0.444582998752594,0.40665745735168457,651444000
2006-03-28,0.44258299469947815,0.4573329985141754,0.44166699051856995,0.4514169991016388,0.4129083752632141,795204000
2006-03-29,0.4533329904079437,0.476500004529953,0.4495829939842224,0.47566699981689453,0.4350897967815399,987096000
2006-03-30,0.4761669933795929,0.4814999997615814,0.4675830006599426,0.4789170026779175,0.43806254863739014,1063308000
2006-03-31,0.4785830080509186,0.48524999618530273,0.4742499887943268,0.477167010307312,0.436461865901947,835560000
2006-04-03,0.4796670079231262,0.4891670048236847,0.4736669957637787,0.48249998688697815,0.4413399398326874,968916000
2006-04-04,0.48316699266433716,0.5058330297470093,0.4826669991016388,0.5050830245018005,0.46199631690979004,1200612000
2006-04-05,0.5041670203208923,0.511667013168335,0.49341699481010437,0.5091670155525208,0.4657319486141205,1112976000
2006-04-06,0.5078330039978027,0.5139999985694885,0.5008329749107361,0.5101670026779175,0.46664658188819885,789312000
2006-04-07,0.5080000162124634,0.512499988079071,0.4988330006599426,0.5088329911231995,0.4654265344142914,682674000
2006-04-10,0.5076670050621033,0.5106670260429382,0.49616700410842896,0.5,0.45734697580337524,634230000
2006-04-11,0.5016670227050781,0.5016670227050781,0.4848330020904541,0.4878329932689667,0.44621798396110535,702072000
2006-04-12,0.4909999966621399,0.5101670026779175,0.48833298683166504,0.5074999928474426,0.4642072916030884,598308000
2006-04-13,0.4966669976711273,0.5023329854011536,0.4913330078125,0.49333301186561584,0.45124876499176025,738360000
2006-04-17,0.4925000071525574,0.5070000290870667,0.4906669855117798,0.4946669936180115,0.45246896147727966,443868000
2006-04-18,0.48583298921585083,0.4860000014305115,0.46983298659324646,0.4830000102519989,0.44179725646972656,1165488000
2006-04-19,0.47999998927116394,0.4913330078125,0.4733330011367798,0.4860000014305115,0.444541335105896,517476000
2006-04-20,0.48166701197624207,0.49399998784065247,0.4736669957637787,0.48533299565315247,0.44393131136894226,552684000
2006-04-21,0.48683300614356995,0.4888330101966858,0.46216699481010437,0.467833012342453,0.4279240667819977,770016000
2006-04-24,0.4708330035209656,0.48683300614356995,0.4625000059604645,0.48216700553894043,0.44103527069091797,676848000
2006-04-25,0.47666698694229126,0.4830000102519989,0.46833300590515137,0.48183301091194153,0.44072970747947693,719766000
2006-04-26,0.4836669862270355,0.4909999966621399,0.4733330011367798,0.47850000858306885,0.43768101930618286,330528000
2006-04-27,0.47666698694229126,0.4906669855117798,0.4663330018520355,0.4861670136451721,0.44469404220581055,462966000
2006-04-28,0.48649999499320984,0.4931670129299164,0.4823330044746399,0.4869999885559082,0.44545602798461914,284736000
2006-05-01,0.4903329908847809,0.5245000123977661,0.4903329908847809,0.5149999856948853,0.4710675776004791,902472000
2006-05-02,0.5188329815864563,0.5249999761581421,0.5055000185966492,0.5143330097198486,0.4704573452472687,539700000
2006-05-03,0.5084999799728394,0.5233330130577087,0.5080000162124634,0.5176669955253601,0.473506897687912,378114000
2006-05-04,0.5074999928474426,0.5199999809265137,0.5048329830169678,0.5143330097198486,0.4704573452472687,511128000
2006-05-05,0.5170000195503235,0.5231670141220093,0.5098329782485962,0.5213329792022705,0.4768601953983307,338184000
2006-05-08,0.5199999809265137,0.5313330292701721,0.5141670107841492,0.5189999938011169,0.4747264087200165,503622000
2006-05-09,0.5183330178260803,0.5210000276565552,0.5024999976158142,0.5031669735908508,0.46024373173713684,561648000
2006-05-10,0.4971669912338257,0.503000020980835,0.4869999885559082,0.492000013589859,0.45002949237823486,753264000
2006-05-11,0.4970000088214874,0.5016670227050781,0.4706670045852661,0.47450000047683716,0.43402233719825745,1201110000
2006-05-12,0.4631670117378235,0.46549999713897705,0.42899999022483826,0.43883299827575684,0.4013978838920593,1568172000
2006-05-15,0.43799999356269836,0.4490000009536743,0.4341669976711273,0.44516700506210327,0.40719157457351685,553380000
2006-05-16,0.4476670026779175,0.44783300161361694,0.4306670129299164,0.4334999918937683,0.3965197205543518,497532000
2006-05-17,0.4320000112056732,0.4345000088214874,0.4083330035209656,0.41600000858306885,0.38051271438598633,841074000
2006-05-18,0.41933301091194153,0.42333298921585083,0.3966670036315918,0.39716699719429016,0.36328625679016113,686730000
2006-05-19,0.40083301067352295,0.41499999165534973,0.39683300256729126,0.40549999475479126,0.3709084391593933,932808000
2006-05-22,0.40333300828933716,0.4041669964790344,0.3889999985694885,0.4000000059604645,0.3658777177333832,734886000
2006-05-23,0.4083330035209656,0.41783300042152405,0.39399999380111694,0.3956669867038727,0.36191415786743164,532314000
2006-05-24,0.399167001247406,0.41266700625419617,0.3901669979095459,0.40083301067352295,0.3666396141052246,579522000
2006-05-25,0.4083330035209656,0.4143329858779907,0.39649999141693115,0.39866700768470764,0.36465829610824585,423666000
2006-05-26,0.40016698837280273,0.4028330147266388,0.3953329920768738,0.3995000123977661,0.36542028188705444,294642000
2006-05-30,0.40016698837280273,0.4003329873085022,0.38266700506210327,0.38283300399780273,0.35017502307891846,448788000
2006-05-31,0.3880000114440918,0.3916670083999634,0.3806670010089874,0.382999986410141,0.35032790899276733,598422000
2006-06-01,0.3873330056667328,0.40299999713897705,0.38133299350738525,0.40299999713897705,0.36862173676490784,537126000
2006-06-02,0.40950000286102295,0.4115000069141388,0.39316698908805847,0.39716699719429016,0.36328625679016113,673710000
2006-06-05,0.39500001072883606,0.40233299136161804,0.3793329894542694,0.3804999887943268,0.34804123640060425,581052000
2006-06-06,0.38533300161361694,0.38566699624061584,0.36000001430511475,0.3703329861164093,0.3387414515018463,824130000
2006-06-07,0.374332994222641,0.375,0.36083298921585083,0.36366701126098633,0.3326440751552582,565380000
2006-06-08,0.359499990940094,0.3641670048236847,0.34266701340675354,0.3569999933242798,0.3265458047389984,730572000
2006-06-09,0.3616670072078705,0.3678329885005951,0.35283300280570984,0.3558329939842224,0.3254782259464264,433824000
2006-06-12,0.3496670126914978,0.3543330132961273,0.3341670036315918,0.33616700768470764,0.30748996138572693,463230000
2006-06-13,0.335999995470047,0.342833012342453,0.32783299684524536,0.3310000002384186,0.3027636408805847,532548000
2006-06-14,0.3330000042915344,0.3416669964790344,0.3294999897480011,0.3406670093536377,0.3116060495376587,480492000
2006-06-15,0.35316699743270874,0.3716669976711273,0.35033300518989563,0.37049999833106995,0.3388941287994385,837336000
2006-06-16,0.36800000071525574,0.36899998784065247,0.35749998688697815,0.3610000014305115,0.3302046060562134,503448000
2006-06-19,0.36500000953674316,0.36683300137519836,0.3493329882621765,0.35016700625419617,0.32029563188552856,388044000
2006-06-20,0.34049999713897705,0.35249999165534973,0.3391669988632202,0.344666987657547,0.3152647614479065,535818000
2006-06-21,0.3431670069694519,0.3540000021457672,0.3431670069694519,0.34850001335144043,0.3187708854675293,441174000
2006-06-22,0.3523330092430115,0.3533329963684082,0.335999995470047,0.33833301067352295,0.3094713091850281,532338000
2006-06-23,0.33766698837280273,0.34549999237060547,0.3345000147819519,0.3384999930858612,0.30962395668029785,335202000
2006-06-26,0.33799999952316284,0.3416669964790344,0.33366701006889343,0.335332989692688,0.3067270815372467,281736000
2006-06-27,0.33733299374580383,0.33766698837280273,0.32016700506210327,0.3246670067310333,0.29697099328041077,608514000
2006-06-28,0.32716700434684753,0.3479999899864197,0.3186669945716858,0.34266701340675354,0.31343555450439453,833376000
2006-06-29,0.33333298563957214,0.35816699266433716,0.33216699957847595,0.35816699266433716,0.3276132643222809,687666000
2006-06-30,0.3616670072078705,0.36733299493789673,0.352167010307312,0.3548330068588257,0.3245637118816376,468240000
2006-07-03,0.3630000054836273,0.36333298683166504,0.35749998688697815,0.36000001430511475,0.3292897939682007,174696000
2006-07-05,0.3543330132961273,0.35749998688697815,0.34383299946784973,0.34383299946784973,0.3145020604133606,459708000
2006-07-06,0.34383299946784973,0.3471669852733612,0.32966700196266174,0.3331669867038727,0.3047458231449127,470634000
2006-07-07,0.33550000190734863,0.33616700768470764,0.31916698813438416,0.32283300161361694,0.29529350996017456,541230000
2006-07-10,0.3236669898033142,0.32600000500679016,0.3059999942779541,0.3088330030441284,0.28248780965805054,449922000
2006-07-11,0.3078329861164093,0.32033300399780273,0.30333301424980164,0.31916698813438416,0.29194021224975586,600582000
2006-07-12,0.3179999887943268,0.32166698575019836,0.3034999966621399,0.3038330078125,0.2779141664505005,461034000
2006-07-13,0.2991670072078705,0.3066670000553131,0.2944999933242798,0.29600000381469727,0.2707495391368866,540582000
2006-07-14,0.30149999260902405,0.3031669855117798,0.2861669957637787,0.2944999933242798,0.2693774402141571,572148000
2006-07-17,0.29316699504852295,0.3001669943332672,0.29166701436042786,0.29683300852775574,0.27151140570640564,502806000
2006-07-18,0.3070000112056732,0.3161669969558716,0.29600000381469727,0.31299999356269836,0.2862991690635681,979332000
2006-07-19,0.31166699528694153,0.33066698908805847,0.3093329966068268,0.32666701078414917,0.29880034923553467,1055550000
2006-07-20,0.33250001072883606,0.33833301067352295,0.3196670114994049,0.32016700506210327,0.29285484552383423,505602000
2006-07-21,0.3093329966068268,0.3106670081615448,0.2938329875469208,0.2961669862270355,0.2709021270275116,633918000
2006-07-24,0.3071669936180115,0.3334999978542328,0.30550000071525574,0.32600000500679016,0.29819029569625854,983178000
2006-07-25,0.33000001311302185,0.3409999907016754,0.3251670002937317,0.3375000059604645,0.30870920419692993,574104000
2006-07-26,0.3375000059604645,0.34150001406669617,0.32749998569488525,0.3375000059604645,0.30870920419692993,495318000
2006-07-27,0.3418329954147339,0.3558329939842224,0.33616700768470764,0.34233298897743225,0.3131299316883087,694338000
2006-07-28,0.3511669933795929,0.3785000145435333,0.34916698932647705,0.3778330087661743,0.3456016182899475,815298000
2006-07-31,0.3738330006599426,0.37766700983047485,0.36800000071525574,0.36899998784065247,0.3375219404697418,594762000
2006-08-01,0.3644999861717224,0.3651669919490814,0.3474999964237213,0.35416701436042786,0.3239545226097107,600966000
2006-08-02,0.3619999885559082,0.38316699862480164,0.3611670136451721,0.38133299350738525,0.34880298376083374,756774000
2006-08-03,0.3799999952316284,0.41566699743270874,0.3746669888496399,0.405333012342453,0.3707556426525116,890568000
2006-08-04,0.41600000858306885,0.41666701436042786,0.3894999921321869,0.39983299374580383,0.3657248318195343,818232000
2006-08-07,0.39283299446105957,0.40016698837280273,0.38749998807907104,0.3951669931411743,0.36145690083503723,436146000
2006-08-08,0.39833301305770874,0.41416698694229126,0.3973329961299896,0.4056670069694519,0.3710612952709198,619806000
2006-08-09,0.4136669933795929,0.42500001192092896,0.4025000035762787,0.40549999475479126,0.3709084391593933,584706000
2006-08-10,0.4009999930858612,0.4050000011920929,0.3941670060157776,0.40266698598861694,0.3683170676231384,1072140000
2006-08-11,0.37333300709724426,0.40016698837280273,0.3720000088214874,0.38999998569488525,0.3567306101322174,1603272000
2006-08-14,0.3948329985141754,0.3988330066204071,0.3858329951763153,0.3880000114440918,0.3549013137817383,809412000
2006-08-15,0.39800000190734863,0.42750000953674316,0.3941670060157776,0.4253329932689667,0.3890495300292969,902172000
2006-08-16,0.4276669919490814,0.4576669931411743,0.41666701436042786,0.45583298802375793,0.4169476628303528,1029246000
2006-08-17,0.4501670002937317,0.4620000123977661,0.44416698813438416,0.4486669898033142,0.410393089056015,814224000
2006-08-18,0.44916701316833496,0.45833298563957214,0.4334999918937683,0.4560000002384186,0.4171004295349121,665898000
2006-08-21,0.44916701316833496,0.44999998807907104,0.438167005777359,0.43916699290275574,0.40170347690582275,500220000
2006-08-22,0.4378330111503601,0.45066699385643005,0.4375,0.43849998712539673,0.4010932743549347,473928000
2006-08-23,0.4418329894542694,0.44633299112319946,0.4284999966621399,0.438167005777359,0.40078869462013245,485412000
2006-08-24,0.4393329918384552,0.4449999928474426,0.43233299255371094,0.44266700744628906,0.40490490198135376,260802000
2006-08-25,0.4393329918384552,0.44916701316833496,0.4350000023841858,0.44133299589157104,0.4036846458911896,238314000
2006-08-28,0.4486669898033142,0.46950000524520874,0.44783300161361694,0.45649999380111694,0.4175577759742737,764562000
2006-08-29,0.46083301305770874,0.4793330132961273,0.45750001072883606,0.477167010307312,0.436461865901947,727962000
2006-08-30,0.4798330068588257,0.492000013589859,0.4786669909954071,0.4869999885559082,0.44545602798461914,681564000
2006-08-31,0.48583298921585083,0.4880000054836273,0.4746670126914978,0.485166996717453,0.443779319524765,511278000
2006-09-01,0.4779999852180481,0.48183301091194153,0.46299999952316284,0.46483299136161804,0.425180047750473,605742000
2006-09-05,0.4663330018520355,0.4768329858779907,0.4595000147819519,0.4749999940395355,0.4344797730445862,549354000
2006-09-06,0.4666669964790344,0.46733298897743225,0.44999998807907104,0.4511669874191284,0.4126797616481781,493572000
2006-09-07,0.44383299350738525,0.4703330099582672,0.4390000104904175,0.4601669907569885,0.4209120273590088,742836000
2006-09-08,0.4675000011920929,0.46950000524520874,0.4514999985694885,0.461667001247406,0.42228400707244873,447978000
2006-09-11,0.4513329863548279,0.47416698932647705,0.4461669921875,0.46883299946784973,0.42883872985839844,598266000
2006-09-12,0.4666669964790344,0.4841670095920563,0.46549999713897705,0.4811669886112213,0.4401205778121948,498432000
2006-09-13,0.4823330044746399,0.4913330078125,0.4808329939842224,0.48500001430511475,0.4436264932155609,476286000
2006-09-14,0.4826669991016388,0.4916670024394989,0.4768329858779907,0.48316699266433716,0.4419499337673187,428814000
2006-09-15,0.4848330020904541,0.4950000047683716,0.48249998688697815,0.49266698956489563,0.4506395757198334,649764000
2006-09-18,0.49399998784065247,0.5121669769287109,0.4925000071525574,0.5113329887390137,0.46771323680877686,793896000
2006-09-19,0.5080000162124634,0.511667013168335,0.4938330054283142,0.49799999594688416,0.4555176794528961,708054000
2006-09-20,0.5044999718666077,0.5168330073356628,0.5034999847412109,0.5161669850349426,0.47213491797447205,511884000
2006-09-21,0.5156670212745667,0.5208330154418945,0.5071669816970825,0.5120000243186951,0.46832340955734253,539106000
2006-09-22,0.5105000138282776,0.5136669874191284,0.49116700887680054,0.4968329966068268,0.45445019006729126,653334000
2006-09-25,0.5043330192565918,0.5168330073356628,0.4906669855117798,0.5146669745445251,0.47076284885406494,684486000
2006-09-26,0.5141670107841492,0.515500009059906,0.49733299016952515,0.503832995891571,0.46085307002067566,516120000
2006-09-27,0.5023329854011536,0.5183330178260803,0.4975000023841858,0.5023329854011536,0.4594809412956238,578142000
2006-09-28,0.4826669991016388,0.49483299255371094,0.4805000126361847,0.4928329885005951,0.45079147815704346,647346000
2006-09-29,0.49616700410842896,0.5,0.49050000309944153,0.4931670129299164,0.45109692215919495,373890000
2006-10-02,0.49083301424980164,0.49399998784065247,0.47666698694229126,0.48066699504852295,0.439663290977478,647442000
2006-10-03,0.47166699171066284,0.47533300518989563,0.46116700768470764,0.47166699171066284,0.43143096566200256,907692000
2006-10-04,0.47233301401138306,0.5181670188903809,0.47099998593330383,0.5180000066757202,0.47381162643432617,1460382000
2006-10-05,0.515999972820282,0.521166980266571,0.5019999742507935,0.5033329725265503,0.46039554476737976,662682000
2006-10-06,0.5041670203208923,0.5208330154418945,0.5026670098304749,0.515500009059906,0.471524715423584,593610000
2006-10-09,0.5143330097198486,0.5554999709129333,0.5128329992294312,0.5486670136451721,0.5018624663352966,932304000
2006-10-10,0.5458329916000366,0.5479999780654907,0.5299999713897705,0.5361670255661011,0.49042877554893494,624648000
2006-10-11,0.5333330035209656,0.5486670136451721,0.5251669883728027,0.5391669869422913,0.4931729733943939,481944000
2006-10-12,0.5421670079231262,0.5525000095367432,0.5335000157356262,0.541333019733429,0.4951540231704712,414720000
2006-10-13,0.5394999980926514,0.5659999847412109,0.5306670069694519,0.5628330111503601,0.5148200392723083,584190000
2006-10-16,0.5646669864654541,0.5738329887390137,0.5518329739570618,0.5618330240249634,0.5139051675796509,478968000
2006-10-17,0.5526670217514038,0.5565000176429749,0.5350000262260437,0.5403329730033875,0.4942394495010376,526506000
2006-10-18,0.5483329892158508,0.5541669726371765,0.5221670269966125,0.5260000228881836,0.48112913966178894,822750000
2006-10-19,0.5239999890327454,0.5400000214576721,0.5198330283164978,0.5360000133514404,0.4902760088443756,473040000
2006-10-20,0.540166974067688,0.5404999852180481,0.5221670269966125,0.5298330187797546,0.4846349358558655,359478000
2006-10-23,0.5286669731140137,0.5414999723434448,0.5249999761581421,0.5263329744338989,0.4814336597919464,280248000
2006-10-24,0.5273330211639404,0.5476670265197754,0.525833010673523,0.5416669845581055,0.4954593777656555,519288000
2006-10-25,0.5468329787254333,0.5550000071525574,0.5376669764518738,0.5466669797897339,0.500032901763916,389436000
2006-10-26,0.5479999780654907,0.5658329725265503,0.5479999780654907,0.5640000104904175,0.5158875584602356,366690000
2006-10-27,0.5640000104904175,0.5764999985694885,0.5333330035209656,0.539667010307312,0.4936302602291107,566988000
2006-10-30,0.5433329939842224,0.5558329820632935,0.5375000238418579,0.5461670160293579,0.4995756447315216,479592000
2006-10-31,0.5581669807434082,0.5811669826507568,0.5553330183029175,0.5811669826507568,0.5315899848937988,996174000
2006-11-01,0.5734999775886536,0.5788329839706421,0.5283330082893372,0.5363330245018005,0.490580677986145,1176540000
2006-11-02,0.5388330221176147,0.5504999756813049,0.5253329873085022,0.5326669812202454,0.48722729086875916,862944000
2006-11-03,0.5386670231819153,0.5440000295639038,0.5299999713897705,0.5433329939842224,0.49698373675346375,548070000
2006-11-06,0.5448330044746399,0.5673329830169678,0.5379999876022339,0.5598329901695251,0.5120759606361389,739602000
2006-11-07,0.5640000104904175,0.5743330121040344,0.5608329772949219,0.5683330297470093,0.5198509693145752,553254000
2006-11-08,0.5643330216407776,0.583666980266571,0.5630000233650208,0.5766670107841492,0.5274736881256104,648324000
2006-11-09,0.5885000228881836,0.6033329963684082,0.5831670165061951,0.5881670117378235,0.5379924774169922,1207758000
2006-11-10,0.5831670165061951,0.5860000252723694,0.559499979019165,0.5740000009536743,0.5250341892242432,1317192000
2006-11-13,0.5751670002937317,0.6016669869422913,0.574999988079071,0.6000000238418579,0.5488163232803345,852282000
2006-11-14,0.597832977771759,0.6071670055389404,0.5849999785423279,0.6060000061988831,0.5543045997619629,628530000
2006-11-15,0.6041669845581055,0.612500011920929,0.5926669836044312,0.5960000157356262,0.5451576709747314,491892000
2006-11-16,0.5985000133514404,0.6058329939842224,0.5933330059051514,0.6036670207977295,0.5521705150604248,457182000
2006-11-17,0.5995000004768372,0.6069999933242798,0.5958330035209656,0.6053329706192017,0.5536943674087524,361608000
2006-11-20,0.597832977771759,0.6143329739570618,0.5933330059051514,0.6110000014305115,0.5588781833648682,608634000
2006-11-21,0.6128330230712891,0.6138330101966858,0.5973330140113831,0.6014999747276306,0.5501885414123535,387384000
2006-11-22,0.6036670207977295,0.612500011920929,0.6004999876022339,0.6118329763412476,0.5596400499343872,240258000
2006-11-24,0.6088330149650574,0.617667019367218,0.6033329963684082,0.6163330078125,0.5637562870979309,144336000
2006-11-27,0.6126670241355896,0.6208329796791077,0.5843330025672913,0.5885000228881836,0.5382974147796631,585294000
2006-11-28,0.5864999890327454,0.6048330068588257,0.5773329734802246,0.5995000004768372,0.5483590960502625,480966000
2006-11-29,0.6050000190734863,0.6156669855117798,0.602666974067688,0.6083329916000366,0.5564386248588562,579792000
2006-11-30,0.6083329916000366,0.6215000152587891,0.6010000109672546,0.6165000200271606,0.5639089941978455,583632000
2006-12-01,0.6096670031547546,0.6104999780654907,0.5870000123977661,0.5923330187797546,0.5418033599853516,785010000
2006-12-04,0.6000000238418579,0.6240000128746033,0.597832977771759,0.6163330078125,0.5637562870979309,621570000
2006-12-05,0.6098330020904541,0.6134999990463257,0.6031669974327087,0.6100000143051147,0.5579634308815002,663354000
2006-12-06,0.6119999885559082,0.6119999885559082,0.600832998752594,0.6091669797897339,0.5572015643119812,478242000
2006-12-07,0.6091669797897339,0.612500011920929,0.5891669988632202,0.5945000052452087,0.5437855124473572,486894000
2006-12-08,0.5901669859886169,0.6006669998168945,0.5816670060157776,0.5924999713897705,0.5419561266899109,564858000
2006-12-11,0.5926669836044312,0.6098330020904541,0.5913329720497131,0.602666974067688,0.5512557625770569,515484000
2006-12-12,0.5981670022010803,0.6001669764518738,0.5885000228881836,0.5964999794960022,0.5456148982048035,568116000
2006-12-13,0.6013330221176147,0.6083329916000366,0.6013330221176147,0.6035000085830688,0.5520181059837341,491952000
2006-12-14,0.6083329916000366,0.6218330264091492,0.6078330278396606,0.6141669750213623,0.5617746710777283,715380000
2006-12-15,0.618166983127594,0.625,0.6143329739570618,0.625,0.5716837048530579,746094000
2006-12-18,0.6256669759750366,0.6433330178260803,0.6253330111503601,0.6358330249786377,0.5815927982330322,688356000
2006-12-19,0.6276670098304749,0.6483330130577087,0.6268330216407776,0.6449999809265137,0.5899777412414551,545622000
2006-12-20,0.6416670083999634,0.6493330001831055,0.6371669769287109,0.6376670002937317,0.5832701325416565,306594000
2006-12-21,0.6411669850349426,0.6430000066757202,0.625,0.6321669816970825,0.578239381313324,367920000
2006-12-22,0.6311669945716858,0.6333330273628235,0.6141669750213623,0.6171669960021973,0.5645189881324768,370170000
2006-12-26,0.6205000281333923,0.6259999871253967,0.6144999861717224,0.6169999837875366,0.564366340637207,228192000
2006-12-27,0.6196669936180115,0.6273329854011536,0.6196669936180115,0.6251670122146606,0.5718364715576172,264954000
2006-12-28,0.6258329749107361,0.6265000104904175,0.6178330183029175,0.6206669807434082,0.5677207112312317,213912000
2006-12-29,0.6206669807434082,0.6336669921875,0.6161670088768005,0.616832971572876,0.5642135143280029,386094000
2007-01-03,0.6178330183029175,0.6253330111503601,0.5798329710960388,0.6013330221176147,0.550035834312439,1154820000
2007-01-04,0.599166989326477,0.6013330221176147,0.5838329792022705,0.5985000133514404,0.5474443435668945,797298000
2007-01-05,0.5843330025672913,0.586667001247406,0.5569999814033508,0.5609999895095825,0.5131433606147766,1243344000
2007-01-08,0.5630000233650208,0.5759999752044678,0.5533329844474792,0.5651670098304749,0.5169550776481628,657270000
2007-01-09,0.5659999847412109,0.569832980632782,0.5534999966621399,0.5541669726371765,0.5068932771682739,764166000
2007-01-10,0.5483329892158508,0.586667001247406,0.5400000214576721,0.5814999938011169,0.5318944454193115,1108746000
2007-01-11,0.5814999938011169,0.5860000252723694,0.569832980632782,0.5793330073356628,0.5299124717712402,924504000
2007-01-12,0.570667028427124,0.5895000100135803,0.5680000185966492,0.5871670246124268,0.5370780825614929,698190000
2007-01-16,0.5916669964790344,0.5920000076293945,0.5814999938011169,0.5881670117378235,0.5379924774169922,711864000
2007-01-17,0.5799999833106995,0.5835000276565552,0.5736669898033142,0.5758330225944519,0.5267110466957092,707934000
2007-01-18,0.5708330273628235,0.5708330273628235,0.5210000276565552,0.5281670093536377,0.4831112027168274,1501638000
2007-01-19,0.5224999785423279,0.5423330068588257,0.5188329815864563,0.5313330292701721,0.4860070049762726,942606000
2007-01-22,0.5363330245018005,0.5450000166893005,0.5293329954147339,0.5313330292701721,0.4860070049762726,730644000
2007-01-23,0.5288329720497131,0.5400000214576721,0.5189999938011169,0.531499981880188,0.4861600399017334,630354000
2007-01-24,0.538332998752594,0.555167019367218,0.5358330011367798,0.5479999780654907,0.5012523531913757,685722000
2007-01-25,0.5529999732971191,0.5550000071525574,0.5261669754981995,0.5288329720497131,0.48372048139572144,616284000
2007-01-26,0.5333330035209656,0.5385000109672546,0.5149999856948853,0.5245000123977661,0.4797569811344147,829584000
2007-01-29,0.5221670269966125,0.5224999785423279,0.4984999895095825,0.503000020980835,0.46009117364883423,1258284000
2007-01-30,0.5063329935073853,0.515999972820282,0.5018330216407776,0.5126670002937317,0.46893349289894104,636174000
2007-01-31,0.5101670026779175,0.5156670212745667,0.503832995891571,0.5108330249786377,0.46725597977638245,467976000
2007-02-01,0.5059999823570251,0.5199999809265137,0.5049999952316284,0.5173329710960388,0.47320127487182617,650898000
2007-02-02,0.5201669931411743,0.5333330035209656,0.5158330202102661,0.5308330059051514,0.4855496883392334,586590000
2007-02-05,0.5333330035209656,0.5440000295639038,0.5325000286102295,0.5394999980926514,0.493477463722229,579906000
2007-02-06,0.5516669750213623,0.5656669735908508,0.5435000061988831,0.558667004108429,0.5110095143318176,775386000
2007-02-07,0.5631669759750366,0.581833004951477,0.5598329901695251,0.5805000066757202,0.5309796929359436,761058000
2007-02-08,0.5716670155525208,0.5811669826507568,0.5666670203208923,0.5730000138282776,0.52411949634552,726276000
2007-02-09,0.5758330225944519,0.5806670188903809,0.5419999957084656,0.5441669821739197,0.49774643778800964,937956000
2007-02-12,0.5481669902801514,0.5680000185966492,0.5423330068588257,0.5561670064926147,0.5087224841117859,789360000
2007-02-13,0.5651670098304749,0.5711669921875,0.559499979019165,0.5666670203208923,0.5183268785476685,849732000
2007-02-14,0.5716670155525208,0.574999988079071,0.5578330159187317,0.5591670274734497,0.5114666223526001,1081848000
2007-02-15,0.5588330030441284,0.5653330087661743,0.5534999966621399,0.5625,0.5145155191421509,488682000
2007-02-16,0.5601670145988464,0.5608329772949219,0.5436670184135437,0.5453330278396606,0.49881282448768616,915060000
2007-02-20,0.5461670160293579,0.5531669855117798,0.5423330068588257,0.5501670241355896,0.5032345056533813,625578000
2007-02-21,0.5456669926643372,0.5515000224113464,0.5364999771118164,0.5419999957084656,0.49576449394226074,655332000
2007-02-22,0.5504999756813049,0.5593330264091492,0.5441669821739197,0.5454999804496765,0.4989655613899231,655452000
2007-02-23,0.5506669878959656,0.5509999990463257,0.5440000295639038,0.5441669821739197,0.49774643778800964,403050000
2007-02-26,0.5456669926643372,0.5498329997062683,0.5350000262260437,0.5358330011367798,0.4901231825351715,494070000
2007-02-27,0.5299999713897705,0.5425000190734863,0.5188329815864563,0.5196670293807983,0.4753362834453583,714630000
2007-02-28,0.5181670188903809,0.5278329849243164,0.5118330121040344,0.5166670083999634,0.472592294216156,780048000
2007-03-01,0.5055000185966492,0.5198330283164978,0.4988330006599426,0.5103330016136169,0.46679848432540894,837228000
2007-03-02,0.5058330297470093,0.5120000243186951,0.49516698718070984,0.49616700410842896,0.453840970993042,682728000
2007-03-05,0.48750001192092896,0.4971669912338257,0.4776670038700104,0.4793330132961273,0.43844306468963623,663558000
2007-03-06,0.4898329973220825,0.5131670236587524,0.4878329932689667,0.5076670050621033,0.46435993909835815,805974000
2007-03-07,0.5051670074462891,0.5074999928474426,0.49116700887680054,0.49333301186561584,0.45124876499176025,811656000
2007-03-08,0.5036669969558716,0.519333004951477,0.5033329725265503,0.5136669874191284,0.46984806656837463,770622000
2007-03-09,0.5208330154418945,0.5266669988632202,0.5026670098304749,0.5084999799728394,0.4651218056678772,555306000
2007-03-12,0.5026670098304749,0.5128329992294312,0.5019999742507935,0.5055000185966492,0.4623778760433197,428010000
2007-03-13,0.5003330111503601,0.5033329725265503,0.483832985162735,0.4841670095920563,0.44286462664604187,617070000
2007-03-14,0.4855000078678131,0.48833298683166504,0.46733298897743225,0.48183301091194153,0.44072970747947693,971610000
2007-03-15,0.48066699504852295,0.48500001430511475,0.469666987657547,0.47699999809265137,0.4363091289997101,655752000
2007-03-16,0.4773330092430115,0.47816699743270874,0.46916699409484863,0.4724999964237213,0.4321928918361664,525648000
2007-03-19,0.4749999940395355,0.48249998688697815,0.4733330011367798,0.47483301162719727,0.4343269467353821,461508000
2007-03-20,0.4733330011367798,0.4841670095920563,0.4706670045852661,0.4724999964237213,0.4321928918361664,656490000
2007-03-21,0.4916670024394989,0.507332980632782,0.4823330044746399,0.49950000643730164,0.45688962936401367,1268376000
2007-03-22,0.5,0.5134999752044678,0.49766701459884644,0.5105000138282776,0.4669513404369354,810954000
2007-03-23,0.5066670179367065,0.5156670212745667,0.5011669993400574,0.5048329830169678,0.4617677330970764,524640000
2007-03-26,0.5051670074462891,0.5099999904632568,0.4966669976711273,0.5058330297470093,0.4626825451850891,447336000
2007-03-27,0.5046669840812683,0.505666971206665,0.49583300948143005,0.4963330030441284,0.4539928138256073,469020000
2007-03-28,0.49216699600219727,0.4963330030441284,0.4860000014305115,0.48683300614356995,0.4453032910823822,459504000
2007-03-29,0.4941670000553131,0.49483299255371094,0.47049999237060547,0.4783329963684082,0.4375283420085907,719016000
2007-03-30,0.4848330020904541,0.48833298683166504,0.477167010307312,0.4796670079231262,0.43874871730804443,581244000
2007-04-02,0.47850000858306885,0.48249998688697815,0.47133299708366394,0.47916701436042786,0.4382912218570709,400830000
2007-04-03,0.47916701436042786,0.484499990940094,0.4728330075740814,0.4773330092430115,0.436613529920578,473724000
2007-04-04,0.47666698694229126,0.4805000126361847,0.4749999940395355,0.47633299231529236,0.435698926448822,361692000
2007-04-05,0.4783329963684082,0.515500009059906,0.4783329963684082,0.5149999856948853,0.4710675776004791,1332900000
2007-04-09,0.5149999856948853,0.5208330154418945,0.5046669840812683,0.505666971206665,0.4625305235385895,640950000
2007-04-10,0.5049999952316284,0.5108330249786377,0.49950000643730164,0.5005000233650208,0.45780423283576965,794220000
2007-04-11,0.5015000104904175,0.5065000057220459,0.4898329973220825,0.49149999022483826,0.4495721757411957,810150000
2007-04-12,0.4888330101966858,0.5070000290870667,0.48566699028015137,0.5055000185966492,0.4623778760433197,743640000
2007-04-13,0.503832995891571,0.5106670260429382,0.49766701459884644,0.5096669793128967,0.466189444065094,638694000
2007-04-16,0.5083330273628235,0.5121669769287109,0.5005000233650208,0.5070000290870667,0.46374985575675964,671838000
2007-04-17,0.5198330283164978,0.5316669940948486,0.5093330144882202,0.5118330121040344,0.4681705832481384,1059108000
2007-04-18,0.5109999775886536,0.5226669907569885,0.5083330273628235,0.5181670188903809,0.47396421432495117,683802000
2007-04-19,0.5139999985694885,0.5283330082893372,0.512499988079071,0.5253329873085022,0.4805188775062561,568056000
2007-04-20,0.5329999923706055,0.5333330035209656,0.5245000123977661,0.531499981880188,0.4861600399017334,590052000
2007-04-23,0.5289999842643738,0.5299999713897705,0.5213329792022705,0.522832989692688,0.47823232412338257,595272000
2007-04-24,0.5316669940948486,0.5473330020904541,0.5281670093536377,0.5425000190734863,0.4962214529514313,1028088000
2007-04-25,0.5416669845581055,0.5548329949378967,0.5391669869422913,0.5518329739570618,0.5047584176063538,509640000
2007-04-26,0.5518329739570618,0.5628330111503601,0.5468329787254333,0.558667004108429,0.5110095143318176,500070000
2007-04-27,0.556833028793335,0.5630000233650208,0.5423330068588257,0.5511670112609863,0.5041493773460388,554058000
2007-04-30,0.558667004108429,0.5656669735908508,0.5479999780654907,0.5481669902801514,0.5014049410820007,563388000
2007-05-01,0.5581669807434082,0.5618330240249634,0.5494999885559082,0.5540000200271606,0.506740152835846,544554000
2007-05-02,0.556833028793335,0.5591670274734497,0.5446670055389404,0.5475000143051147,0.5007950067520142,659658000
2007-05-03,0.5526670217514038,0.5615000128746033,0.5516669750213623,0.5578330159187317,0.5102465748786926,500250000
2007-05-04,0.5608329772949219,0.5646669864654541,0.5554999709129333,0.5618330240249634,0.5139051675796509,405246000
2007-05-07,0.5699999928474426,0.5763329863548279,0.550000011920929,0.5506669878959656,0.5036916136741638,557100000
2007-05-08,0.5473330020904541,0.5561670064926147,0.536666989326477,0.5548329949378967,0.5075024962425232,737100000
2007-05-09,0.550832986831665,0.5605000257492065,0.5444999933242798,0.5573329925537109,0.5097892880439758,417870000
2007-05-10,0.5596669912338257,0.5669999718666077,0.5421670079231262,0.546999990940094,0.5003376603126526,802584000
2007-05-11,0.5764999985694885,0.5913329720497131,0.5676670074462891,0.5856670141220093,0.5357061624526978,1530630000
2007-05-14,0.5833330154418945,0.5888329744338989,0.5743330121040344,0.5798329710960388,0.5303696990013123,731568000
2007-05-15,0.5814999938011169,0.5849999785423279,0.5733330249786377,0.5746669769287109,0.5256442427635193,621360000
2007-05-16,0.5751670002937317,0.5820000171661377,0.5641670227050781,0.5820000171661377,0.5323519706726074,523104000
2007-05-17,0.5803329944610596,0.5833330154418945,0.5690000057220459,0.5723329782485962,0.5235094428062439,443664000
2007-05-18,0.5766670107841492,0.585332989692688,0.5718330144882202,0.583666980266571,0.5338764786720276,604266000
2007-05-21,0.5820000171661377,0.6000000238418579,0.5791670083999634,0.5855000019073486,0.5355532765388489,645768000
2007-05-22,0.5860000252723694,0.593999981880188,0.5764999985694885,0.5886669754981995,0.5384501814842224,401736000
2007-05-23,0.5889999866485596,0.5924999713897705,0.5713329911231995,0.5730000138282776,0.52411949634552,448248000
2007-05-24,0.5756670236587524,0.5773329734802246,0.550000011920929,0.5523329973220825,0.5052157044410706,607800000
2007-05-25,0.5563330054283142,0.5638329982757568,0.5546669960021973,0.5609999895095825,0.5131433606147766,308976000
2007-05-29,0.558667004108429,0.5688329935073853,0.5569999814033508,0.5669999718666077,0.518631637096405,316242000
2007-05-30,0.5603330135345459,0.5683330297470093,0.5533329844474792,0.5683330297470093,0.5198509693145752,331650000
2007-05-31,0.5724999904632568,0.5808330178260803,0.569832980632782,0.5773329734802246,0.5280829668045044,481572000
2007-06-01,0.5838329792022705,0.5924999713897705,0.5803329944610596,0.5813329815864563,0.5317417979240417,429084000
2007-06-04,0.5759999752044678,0.5878329873085022,0.5736669898033142,0.5845000147819519,0.5346385836601257,322002000
2007-06-05,0.5861669778823853,0.6028329730033875,0.5851669907569885,0.6018329858779907,0.5504928827285767,698586000
2007-06-06,0.5976669788360596,0.6159999966621399,0.5951669812202454,0.6063330173492432,0.5546094179153442,950736000
2007-06-07,0.6035000085830688,0.612500011920929,0.5996670126914978,0.5998330116271973,0.548663854598999,791862000
2007-06-08,0.5948330163955688,0.6100000143051147,0.5874999761581421,0.6091669797897339,0.5572015643119812,533268000
2007-06-11,0.6091669797897339,0.6150000095367432,0.6058329939842224,0.6113330125808716,0.5591825246810913,434634000
2007-06-12,0.6081669926643372,0.6166669726371765,0.6046670079231262,0.6050000190734863,0.5533901453018188,526770000
2007-06-13,0.6116669774055481,0.6196669936180115,0.603833019733429,0.6194999814033508,0.5666530132293701,587232000
2007-06-14,0.6166669726371765,0.6328330039978027,0.6158329844474792,0.6305000185966492,0.5767144560813904,508548000
2007-06-15,0.6376670002937317,0.6641669869422913,0.637499988079071,0.6591669917106628,0.6029359698295593,1081998000
2007-06-18,0.6658329963684082,0.668166995048523,0.6541669964790344,0.659500002861023,0.6032407283782959,685662000
2007-06-19,0.6553329825401306,0.665166974067688,0.650833010673523,0.6636670231819153,0.6070522665977478,491952000
2007-06-20,0.6666669845581055,0.6700000166893005,0.6598330140113831,0.6643329858779907,0.6076611280441284,822792000
2007-06-21,0.6771669983863831,0.7221670150756836,0.671999990940094,0.7163329720497131,0.6552255153656006,1297326000
2007-06-22,0.7166669964790344,0.7311670184135437,0.7058330178260803,0.7269999980926514,0.6649824380874634,882618000
2007-06-25,0.7066670060157776,0.7239999771118164,0.7001670002937317,0.7078329920768738,0.6474505662918091,819702000
2007-06-26,0.7059999704360962,0.7080000042915344,0.6733329892158508,0.675000011920929,0.6174184083938599,868482000
2007-06-27,0.675000011920929,0.6940000057220459,0.6716669797897339,0.693166971206665,0.6340357661247253,613140000
2007-06-28,0.6951670050621033,0.7073330283164978,0.6883329749107361,0.6998329758644104,0.6401330828666687,597534000
2007-06-29,0.7045000195503235,0.7046669721603394,0.6881669759750366,0.6884999871253967,0.6297668218612671,516570000
2007-07-02,0.6983330249786377,0.7174999713897705,0.6961669921875,0.7171670198440552,0.6559882760047913,563850000
2007-07-03,0.7166669964790344,0.7239999771118164,0.7108330130577087,0.7183330059051514,0.6570549607276917,238770000
2007-07-05,0.718500018119812,0.7283329963684082,0.7149999737739563,0.7260000109672546,0.6640676856040955,373290000
2007-07-06,0.7250000238418579,0.7323330044746399,0.7236670255661011,0.7294999957084656,0.6672694087028503,282720000
2007-07-09,0.7321670055389404,0.7541670203208923,0.7319999933242798,0.7506669759750366,0.6866307258605957,536784000
2007-07-10,0.7468330264091492,0.762499988079071,0.7388330101966858,0.7580000162124634,0.69333815574646,552654000
2007-07-11,0.7578330039978027,0.7630000114440918,0.7441669702529907,0.7546669840812683,0.6902894377708435,582612000
2007-07-12,0.7599999904632568,0.7699999809265137,0.7546669840812683,0.7691670060157776,0.7035526037216187,438732000
2007-07-13,0.7670000195503235,0.7761669754981995,0.7636669874191284,0.7645000219345093,0.6992835998535156,372630000
2007-07-16,0.7651669979095459,0.781499981880188,0.7649999856948853,0.7783330082893372,0.7119365930557251,541710000
2007-07-17,0.781499981880188,0.7971670031547546,0.7743330001831055,0.7749999761581421,0.7088878750801086,643812000
2007-07-18,0.7638329863548279,0.7661669850349426,0.7458329796791077,0.7608330249786377,0.6959293484687805,550656000
2007-07-19,0.7716670036315918,0.7754999995231628,0.7546669840812683,0.7599999904632568,0.6951674222946167,407376000
2007-07-20,0.7649999856948853,0.7676669955253601,0.7480000257492065,0.7516670227050781,0.6875450015068054,505650000
2007-07-23,0.7490000128746033,0.7746670246124268,0.7473329901695251,0.7591670155525208,0.694405734539032,360474000
2007-07-24,0.7561669945716858,0.762499988079071,0.734499990940094,0.7391669750213623,0.67611163854599,457560000
2007-07-25,0.7393329739570618,0.7498329877853394,0.7186669707298279,0.7356669902801514,0.6729101538658142,437196000
2007-07-26,0.7278329730033875,0.7496669888496399,0.7179999947547913,0.7393329739570618,0.6762634515762329,710268000
2007-07-27,0.737500011920929,0.7714999914169312,0.7371670007705688,0.737500011920929,0.6745870113372803,615480000
2007-07-30,0.7401670217514038,0.7593330144882202,0.7400000095367432,0.758167028427124,0.693490743637085,538158000
2007-07-31,0.7881669998168945,0.7988330125808716,0.761667013168335,0.7626670002937317,0.6976069211959839,711492000
2007-08-01,0.7516670227050781,0.7701669931411743,0.7216669917106628,0.7570000290870667,0.6924237012863159,705828000
2007-08-02,0.7656670212745667,0.7663329839706421,0.7434999942779541,0.7536669969558716,0.6893746852874756,468606000
2007-08-03,0.7511669993400574,0.7566670179367065,0.708666980266571,0.7089999914169312,0.6485180854797363,623412000
2007-08-06,0.7149999737739563,0.7203329801559448,0.6949999928474426,0.7149999737739563,0.6540061235427856,524724000
2007-08-07,0.7149999737739563,0.7381669878959656,0.7055000066757202,0.7263330221176147,0.664372444152832,565764000
2007-08-08,0.7394999861717224,0.7825000286102295,0.7338330149650574,0.7598329782485962,0.6950146555900574,660744000
2007-08-09,0.7649999856948853,0.7900000214576721,0.7475000023841858,0.7688329815864563,0.7032469511032104,1251834000
2007-08-10,0.7058330178260803,0.7381669878959656,0.6898329854011536,0.7331669926643372,0.6706237196922302,1141014000
2007-08-13,0.7390000224113464,0.7440000176429749,0.7099999785423279,0.7251669764518738,0.663305938243866,700410000
2007-08-14,0.7301669716835022,0.7649999856948853,0.7279999852180481,0.7533329725265503,0.6890692114830017,1092174000
2007-08-15,0.7493330240249634,0.7599999904632568,0.7204999923706055,0.7214999794960022,0.6599515080451965,695142000
2007-08-16,0.7143329977989197,0.7195000052452087,0.675000011920929,0.7095000147819519,0.6489753723144531,780030000
2007-08-17,0.7291669845581055,0.7519999742507935,0.7064999938011169,0.7513329982757568,0.6872398853302002,728712000
2007-08-20,0.7518330216407776,0.7599999904632568,0.7391669750213623,0.7483329772949219,0.684495747089386,519684000
2007-08-21,0.7528330087661743,0.7948330044746399,0.7416669726371765,0.7888330221176147,0.7215410470962524,715338000
2007-08-22,0.8088330030441284,0.8115000128746033,0.7925000190734863,0.806833028793335,0.7380053997039795,566154000
2007-08-23,0.8106669783592224,0.8201670050621033,0.796500027179718,0.800000011920929,0.7317554354667664,667986000
2007-08-24,0.7976670265197754,0.805666983127594,0.7918329834938049,0.8041669726371765,0.7355667352676392,361644000
2007-08-27,0.8041669726371765,0.8308330178260803,0.8004999756813049,0.8223329782485962,0.7521833777427673,635946000
2007-08-28,0.824999988079071,0.8283330202102661,0.7703329920768738,0.7721670269966125,0.706296443939209,560022000
2007-08-29,0.788332998752594,0.8169999718666077,0.786666989326477,0.8159999847412109,0.7463902235031128,538560000
2007-08-30,0.8081669807434082,0.8314999938011169,0.8078330159187317,0.8113330006599426,0.7421217560768127,465660000
2007-08-31,0.8283330202102661,0.8558329939842224,0.8238329887390137,0.852666974067688,0.7799293994903564,720834000
2007-09-04,0.8565000295639038,0.8826670050621033,0.8431670069694519,0.8790000081062317,0.8040159940719604,683268000
2007-09-05,0.8751670122146606,0.8999999761581421,0.8716670274734497,0.8723329901695251,0.7979177832603455,656274000
2007-09-06,0.883167028427124,0.8911669850349426,0.8725000023841858,0.8761669993400574,0.8014247417449951,425496000
2007-09-07,0.8518329858779907,0.8606669902801514,0.8278329968452454,0.8441669940948486,0.7721543908119202,602304000
2007-09-10,0.862500011920929,0.8774999976158142,0.8395000100135803,0.8464999794960022,0.7742884159088135,872112000
2007-09-11,0.8567500114440918,0.8709999918937683,0.8477500081062317,0.8644999861717224,0.7907529473304749,405424000
2007-09-12,0.8737499713897705,0.878000020980835,0.8220000267028809,0.8305000066757202,0.7596531510353088,554452000
2007-09-13,0.8462499976158142,0.8472499847412109,0.8247500061988831,0.8307499885559082,0.7598819732666016,452864000
2007-09-14,0.8224999904632568,0.8234999775886536,0.8037499785423279,0.8062499761581421,0.7374719977378845,487308000
2007-09-17,0.8075000047683716,0.8159999847412109,0.7957500219345093,0.8044999837875366,0.735871434211731,374828000
2007-09-18,0.8130000233650208,0.887499988079071,0.8117499947547913,0.875,0.8003574013710022,844740000
2007-09-19,0.8830000162124634,0.8999999761581421,0.8504999876022339,0.859000027179718,0.7857223749160767,521360000
2007-09-20,0.859499990940094,0.8687499761581421,0.8445000052452087,0.8539999723434448,0.7811489701271057,324172000
2007-09-21,0.862500011920929,0.875,0.8539999723434448,0.8622499704360962,0.7886949777603149,457532000
2007-09-24,0.8675000071525574,0.8974999785423279,0.8612499833106995,0.8842499852180481,0.8088182210922241,456360000
2007-09-25,0.8790000081062317,0.8992499709129333,0.8765000104904175,0.8955000042915344,0.8191084861755371,360748000
2007-09-26,0.8999999761581421,0.918749988079071,0.8977500200271606,0.9167500138282776,0.8385458588600159,518032000
2007-09-27,0.9254999756813049,0.9300000071525574,0.9097499847412109,0.9194999933242798,0.8410612940788269,378280000
2007-09-28,0.925000011920929,0.9282500147819519,0.9039999842643738,0.906000018119812,0.8287128806114197,404292000
2007-10-01,0.9137499928474426,0.9487500190734863,0.9127500057220459,0.9442499876022339,0.8636995553970337,398200000
2007-10-02,0.9419999718666077,0.9437500238418579,0.921500027179718,0.9352499842643738,0.855467677116394,284960000
2007-10-03,0.918749988079071,0.918749988079071,0.8807500004768372,0.8955000042915344,0.8191084861755371,467196000
2007-10-04,0.8945000171661377,0.9047499895095825,0.8687499761581421,0.8995000123977661,0.8227673768997192,378976000
2007-10-05,0.9137499928474426,0.9282500147819519,0.9039999842643738,0.9232500195503235,0.8444912433624268,344840000
2007-10-08,0.9297500252723694,0.9397500157356262,0.918749988079071,0.9382500052452087,0.8582116961479187,252484000
2007-10-09,0.9382500052452087,0.9424999952316284,0.9079999923706055,0.921750009059906,0.8431192636489868,403008000
2007-10-10,0.9279999732971191,0.9279999732971191,0.9004999995231628,0.9227499961853027,0.8440343141555786,389136000
2007-10-11,0.9142500162124634,0.9257500171661377,0.871749997138977,0.8817499876022339,0.8065316677093506,529104000
2007-10-12,0.8914999961853027,0.903249979019165,0.8777499794960022,0.903249979019165,0.8261974453926086,409952000
2007-10-15,0.90625,0.921500027179718,0.9020000100135803,0.9097499847412109,0.8321429491043091,355900000
2007-10-16,0.9087499976158142,0.934249997138977,0.9054999947547913,0.9179999828338623,0.8396892547607422,276360000
2007-10-17,0.9537500143051147,0.9912499785423279,0.952750027179718,0.9884999990463257,0.9041749835014343,717944000
2007-10-18,0.9852499961853027,0.9917500019073486,0.9605000019073486,0.9877499938011169,0.9034886956214905,340620000
2007-10-19,0.9854999780654907,0.9860000014305115,0.934499979019165,0.9347500205039978,0.8550103902816772,505768000
2007-10-22,0.9287499785423279,0.9810000061988831,0.9212499856948853,0.9789999723434448,0.8954853415489197,537656000
2007-10-23,0.9917500019073486,0.9917500019073486,0.9570000171661377,0.9837499856948853,0.8998302221298218,294292000
2007-10-24,0.9624999761581421,0.9624999761581421,0.9037500023841858,0.9505000114440918,0.8694167733192444,565500000
2007-10-25,0.9212499856948853,0.9300000071525574,0.8397499918937683,0.8675000071525574,0.7934971451759338,806192000
2007-10-26,0.8949999809265137,0.9010000228881836,0.8475000262260437,0.8600000143051147,0.786637008190155,616580000
2007-10-29,0.8305000066757202,0.84375,0.8140000104904175,0.8397499918937683,0.7681143879890442,813896000
2007-10-30,0.8464999794960022,0.8882499933242798,0.8324999809265137,0.8705000281333923,0.796241283416748,525212000
2007-10-31,0.8757500052452087,0.8849999904632568,0.8485000133514404,0.8845000267028809,0.8090469241142273,455188000
2007-11-01,0.8707500100135803,0.9022499918937683,0.8587499856948853,0.8845000267028809,0.8090469241142273,587236000
2007-11-02,0.8967499732971191,0.925000011920929,0.8842499852180481,0.9185000061988831,0.8401463031768799,491844000
2007-11-05,0.9107499718666077,0.940500020980835,0.9049999713897705,0.9185000061988831,0.8401463031768799,436636000
2007-11-06,0.9272500276565552,0.9549999833106995,0.9229999780654907,0.9474999904632568,0.8666727542877197,554620000
2007-11-07,0.9470000267028809,0.9507499933242798,0.8949999809265137,0.9024999737739563,0.8255112171173096,546768000
2007-11-08,0.893750011920929,0.9100000262260437,0.8202499747276306,0.8460000157356262,0.7738311886787415,996824000
2007-11-09,0.8637499809265137,0.8700000047683716,0.8162500262260437,0.8339999914169312,0.762854814529419,871056000
2007-11-12,0.8337500095367432,0.8397499918937683,0.7507500052452087,0.7507500052452087,0.6867067217826843,715732000
2007-11-13,0.7630000114440918,0.8177499771118164,0.7507500052452087,0.8169999718666077,0.7473049759864807,726696000
2007-11-14,0.8377500176429749,0.8457499742507935,0.800000011920929,0.8042500019073486,0.735642671585083,666720000
2007-11-15,0.7990000247955322,0.8065000176429749,0.7749999761581421,0.7935000061988831,0.7258097529411316,496436000
2007-11-16,0.800000011920929,0.8134999871253967,0.7935000061988831,0.8112499713897705,0.7420454621315002,423592000
2007-11-19,0.7997499704360962,0.8037499785423279,0.7522500157356262,0.7565000057220459,0.6919659376144409,568412000
2007-11-20,0.7707499861717224,0.7720000147819519,0.7277500033378601,0.7507500052452087,0.6867067217826843,622628000
2007-11-21,0.7350000143051147,0.7605000138282776,0.7327499985694885,0.7427499890327454,0.6793889403343201,648452000
2007-11-23,0.7480000257492065,0.7587500214576721,0.7384999990463257,0.7555000185966492,0.6910513639450073,141976000
2007-11-26,0.7549999952316284,0.7705000042915344,0.7365000247955322,0.7379999756813049,0.6750438809394836,385896000
2007-11-27,0.7484999895095825,0.7720000147819519,0.7427499890327454,0.7697499990463257,0.7040857672691345,458856000
2007-11-28,0.7940000295639038,0.8322499990463257,0.7902500033378601,0.8212500214576721,0.7511924505233765,574548000
2007-11-29,0.8199999928474426,0.8525000214576721,0.8165000081062317,0.828000009059906,0.7573668360710144,489084000
2007-11-30,0.8550000190734863,0.8550000190734863,0.7860000133514404,0.7885000109672546,0.7212361693382263,652656000
2007-12-03,0.800000011920929,0.8147500157356262,0.7877500057220459,0.800000011920929,0.7317554354667664,490688000
2007-12-04,0.8034999966621399,0.8062499761581421,0.7837499976158142,0.7992500066757202,0.7310693860054016,371712000
2007-12-05,0.8297500014305115,0.856249988079071,0.8195000290870667,0.840749979019165,0.7690288424491882,666704000
2007-12-06,0.8387500047683716,0.8604999780654907,0.831250011920929,0.8577499985694885,0.7845791578292847,371152000
2007-12-07,0.8612499833106995,0.8622499704360962,0.8382499814033508,0.847000002861023,0.7747458815574646,320292000
2007-12-10,0.8497499823570251,0.8662499785423279,0.8472499847412109,0.856249988079071,0.7832068800926208,336360000
2007-12-11,0.8744999766349792,0.890500009059906,0.8552500009536743,0.8572499752044678,0.7841214537620544,582436000
2007-12-12,0.8934999704360962,0.9022499918937683,0.8694999814033508,0.8867499828338623,0.8111051321029663,617504000
2007-12-13,0.8759999871253967,0.8817499876022339,0.8370000123977661,0.862500011920929,0.7889235019683838,500364000
2007-12-14,0.8585000038146973,0.8862500190734863,0.8527500033378601,0.8767499923706055,0.8019579648971558,354016000
2007-12-17,0.8675000071525574,0.8757500052452087,0.8299999833106995,0.8320000171661377,0.7610254287719727,507408000
2007-12-18,0.8447499871253967,0.862500011920929,0.8362500071525574,0.8532500267028809,0.780462920665741,396896000
2007-12-19,0.8502500057220459,0.8692499995231628,0.846750020980835,0.8612499833106995,0.7877801656723022,253536000
2007-12-20,0.875,0.8812500238418579,0.8567500114440918,0.8792499899864197,0.8042447566986084,279940000
2007-12-21,0.8897500038146973,0.8974999785423279,0.8709999918937683,0.8790000081062317,0.8040159940719604,433408000
2007-12-24,0.8855000138282776,0.8987500071525574,0.8790000081062317,0.8945000171661377,0.818193793296814,104008000
2007-12-26,0.8962500095367432,0.906499981880188,0.887499988079071,0.906499981880188,0.8291701674461365,215340000
2007-12-27,0.9049999713897705,0.9100000262260437,0.8762500286102295,0.8784999847412109,0.8035585880279541,241368000
2007-12-28,0.8769999742507935,0.887499988079071,0.8622499704360962,0.8697500228881836,0.7955551743507385,262064000
2007-12-31,0.8627499938011169,0.8784999847412109,0.8502500057220459,0.8504999876022339,0.7779471278190613,276236000
2008-01-02,0.8529999852180481,0.856249988079071,0.8140000104904175,0.8252500295639038,0.7548515200614929,483964000
2008-01-03,0.8299999833106995,0.8464999794960022,0.815750002861023,0.8187500238418579,0.7489056587219238,475308000
2008-01-04,0.7942500114440918,0.7982500195503235,0.7450000047683716,0.75,0.6860204935073853,736092000
2008-01-07,0.7549999952316284,0.7612500190734863,0.6587499976158142,0.6725000143051147,0.6151318550109863,1006800000
2008-01-08,0.6762499809265137,0.7322499752044678,0.6604999899864197,0.6867499947547913,0.6281664371490479,1106956000
2008-01-09,0.6959999799728394,0.7225000262260437,0.6857500076293945,0.7222499847412109,0.6606378555297852,741036000
2008-01-10,0.7024999856948853,0.718500018119812,0.6932500004768372,0.7072499990463257,0.646917462348938,554432000
2008-01-11,0.690500020980835,0.7049999833106995,0.6712499856948853,0.6762499809265137,0.6185621023178101,572612000
2008-01-14,0.6862499713897705,0.7222499847412109,0.6752499938011169,0.7212499976158142,0.6597232222557068,539188000
2008-01-15,0.6937500238418579,0.7020000219345093,0.656499981880188,0.6682500243186951,0.6112443804740906,725692000
2008-01-16,0.6262500286102295,0.6340000033378601,0.5789999961853027,0.5927500128746033,0.5421850085258484,1464472000
2008-01-17,0.6019999980926514,0.6179999709129333,0.5809999704360962,0.5824999809265137,0.5328091382980347,1133900000
2008-01-18,0.5842499732971191,0.6242499947547913,0.5630000233650208,0.6209999918937683,0.5680251121520996,920428000
2008-01-22,0.5617499947547913,0.6044999957084656,0.5582500100135803,0.5899999737739563,0.5396694540977478,709092000
2008-01-23,0.5659999847412109,0.6184999942779541,0.5605000257492065,0.6007500290870667,0.5495023727416992,929880000
2008-01-24,0.612500011920929,0.6470000147819519,0.6067500114440918,0.6467499732971191,0.5915782451629639,597092000
2008-01-25,0.671500027179718,0.6865000128746033,0.6207500100135803,0.6237499713897705,0.5705403685569763,688012000
2008-01-28,0.6215000152587891,0.6277499794960022,0.6029999852180481,0.6162499785423279,0.5636801719665527,577608000
2008-01-29,0.6272500157356262,0.6377500295639038,0.6110000014305115,0.6352499723434448,0.5810596346855164,414484000
2008-01-30,0.625,0.6392499804496765,0.6117500066757202,0.6297500133514404,0.5760286450386047,530476000
2008-01-31,0.6159999966621399,0.6262500286102295,0.5957499742507935,0.6147500276565552,0.5623083114624023,588708000
2008-02-01,0.6134999990463257,0.675000011920929,0.6082500219345093,0.671500027179718,0.6142171621322632,593104000
2008-02-04,0.6859999895095825,0.6897500157356262,0.6470000147819519,0.6504999995231628,0.595008373260498,565128000
2008-02-05,0.637499988079071,0.6377500295639038,0.609499990940094,0.609749972820282,0.5577346682548523,494928000
2008-02-06,0.6162499785423279,0.6332499980926514,0.5964999794960022,0.6077499985694885,0.5559054017066956,557380000
2008-02-07,0.5902500152587891,0.6309999823570251,0.5774999856948853,0.6137499809265137,0.5613935589790344,664128000
2008-02-08,0.6079999804496765,0.6294999718666077,0.6000000238418579,0.624750018119812,0.5714548230171204,393932000
2008-02-11,0.6299999952316284,0.640250027179718,0.6225000023841858,0.6267499923706055,0.5732844471931458,503732000
2008-02-12,0.6362500190734863,0.6589999794960022,0.6327499747276306,0.6499999761581421,0.594551146030426,609688000
2008-02-13,0.6549999713897705,0.6775000095367432,0.6480000019073486,0.6754999756813049,0.6178758144378662,742312000
2008-02-14,0.6557499766349792,0.65625,0.5637500286102295,0.5652499794960022,0.517030656337738,2184296000
2008-02-15,0.5630000233650208,0.578249990940094,0.5477499961853027,0.5567499995231628,0.5092559456825256,817364000
2008-02-19,0.5669999718666077,0.5680000185966492,0.543749988079071,0.5485000014305115,0.5017096400260925,558608000
2008-02-20,0.5325000286102295,0.5525000095367432,0.5302500128746033,0.5444999933242798,0.4980509281158447,759016000
2008-02-21,0.550000011920929,0.5527499914169312,0.5289999842643738,0.5322499871253967,0.48684605956077576,644272000
2008-02-22,0.5364999771118164,0.5590000152587891,0.5325000286102295,0.5580000281333923,0.5103992223739624,723052000
2008-02-25,0.5575000047683716,0.5640000104904175,0.5429999828338623,0.5577499866485596,0.5101706981658936,671784000
2008-02-26,0.5544999837875366,0.5709999799728394,0.5460000038146973,0.5625,0.5145155191421509,565420000
2008-02-27,0.5597500205039978,0.5757499933242798,0.5562499761581421,0.5712500214576721,0.5225187540054321,537816000
2008-02-28,0.5662500262260437,0.5672500133514404,0.5497499704360962,0.5497499704360962,0.5028529763221741,503608000
2008-02-29,0.5407500267028809,0.5479999780654907,0.5325000286102295,0.5347499847412109,0.48913267254829407,540576000
2008-03-03,0.5339999794960022,0.5377500057220459,0.5214999914169312,0.5285000205039978,0.48341575264930725,449028000
2008-03-04,0.5249999761581421,0.5260000228881836,0.5027499794960022,0.5232499837875366,0.47861361503601074,778888000
2008-03-05,0.528249979019165,0.5417500138282776,0.5227500200271606,0.5292500257492065,0.48410195112228394,644656000
2008-03-06,0.5227500200271606,0.5262500047683716,0.49524998664855957,0.4959999918937683,0.4536881744861603,1075284000
2008-03-07,0.4869999885559082,0.5080000162124634,0.4749999940395355,0.48875001072883606,0.44705674052238464,767500000
2008-03-10,0.4827499985694885,0.48875001072883606,0.46000000834465027,0.460750013589859,0.421445369720459,776100000
2008-03-11,0.4749999940395355,0.4807499945163727,0.4560000002384186,0.47600001096725464,0.43539437651634216,857940000
2008-03-12,0.4805000126361847,0.48475000262260437,0.45899999141693115,0.46299999952316284,0.4235033094882965,743320000
2008-03-13,0.4557499885559082,0.49950000643730164,0.453000009059906,0.4925000071525574,0.45048680901527405,1220528000
2008-03-14,0.4950000047683716,0.49549999833106995,0.4544999897480011,0.4580000042915344,0.4189298748970032,1154972000
2008-03-17,0.43799999356269836,0.4620000123977661,0.43274998664855957,0.4465000033378601,0.40841078758239746,800952000
2008-03-18,0.4569999873638153,0.4749999940395355,0.4440000057220459,0.4742499887943268,0.4337936043739319,1075256000
2008-03-19,0.4632500112056732,0.46974998712539673,0.4415000081062317,0.4415000081062317,0.4038374125957489,880476000
2008-03-20,0.4467499852180481,0.46399998664855957,0.4387499988079071,0.46299999952316284,0.4235033094882965,633460000
2008-03-24,0.47325000166893005,0.5034999847412109,0.4715000092983246,0.5007500052452087,0.4580329358577728,887440000
2008-03-25,0.503000020980835,0.5174999833106995,0.49825000762939453,0.5080000162124634,0.4646645486354828,735388000
2008-03-26,0.5012500286102295,0.5047500133514404,0.48625001311302185,0.49175000190734863,0.4498007893562317,721652000
2008-03-27,0.484250009059906,0.49799999594688416,0.476749986410141,0.48475000262260437,0.4433979094028473,601308000
2008-03-28,0.4934999942779541,0.5047500133514404,0.4884999990463257,0.492000013589859,0.45002949237823486,561788000
2008-03-31,0.4972499907016754,0.5065000057220459,0.4884999990463257,0.4947499930858612,0.45254483819007874,569992000
2008-04-01,0.5095000267028809,0.5262500047683716,0.5022500157356262,0.5249999761581421,0.4802144765853882,676872000
2008-04-02,0.5264999866485596,0.5264999866485596,0.5049999952316284,0.5090000033378601,0.4655791223049164,616536000
2008-04-03,0.5047500133514404,0.5055000185966492,0.48475000262260437,0.49950000643730164,0.45688962936401367,841984000
2008-04-04,0.4894999861717224,0.492000013589859,0.46825000643730164,0.46950000524520874,0.42944881319999695,1535528000
2008-04-07,0.48100000619888306,0.4880000054836273,0.47699999809265137,0.4807499945163727,0.4397391080856323,729496000
2008-04-08,0.4749999940395355,0.4934999942779541,0.4749999940395355,0.4779999852180481,0.4372236728668213,639476000
2008-04-09,0.48350000381469727,0.4925000071525574,0.4790000021457672,0.48750001192092896,0.4459133744239807,675232000
2008-04-10,0.49274998903274536,0.5127500295639038,0.48225000500679016,0.4970000088214874,0.45460307598114014,1092184000
2008-04-11,0.48750001192092896,0.49050000309944153,0.46024999022483826,0.4632500112056732,0.4237321615219116,1106280000
2008-04-14,0.46149998903274536,0.4625000059604645,0.4449999928474426,0.4477500021457672,0.40955424308776855,780004000
2008-04-15,0.44999998807907104,0.4547500014305115,0.4402500092983246,0.453000009059906,0.41435644030570984,439916000
2008-04-16,0.4702500104904175,0.47699999809265137,0.4620000123977661,0.47099998593330383,0.43082094192504883,646836000
2008-04-17,0.4492500126361847,0.4662500023841858,0.4490000009536743,0.4645000100135803,0.42487531900405884,596968000
2008-04-18,0.47874999046325684,0.4830000102519989,0.4690000116825104,0.4754999876022339,0.43493714928627014,573540000
2008-04-21,0.4717499911785126,0.5,0.4717499911785126,0.49674999713897705,0.454374223947525,679892000
2008-04-22,0.48774999380111694,0.49300000071525574,0.47699999809265137,0.48750001192092896,0.4459133744239807,587668000
2008-04-23,0.49424999952316284,0.5164999961853027,0.48774999380111694,0.5109999775886536,0.4674086272716522,1020496000
2008-04-24,0.5139999985694885,0.5164999961853027,0.49125000834465027,0.4987500011920929,0.4562036097049713,655764000
2008-04-25,0.5034999847412109,0.5049999952316284,0.48774999380111694,0.5037500262260437,0.4607771933078766,552208000
2008-04-28,0.5015000104904175,0.5090000033378601,0.49274998903274536,0.4947499930858612,0.45254483819007874,535700000
2008-04-29,0.4892500042915344,0.5112500190734863,0.4892500042915344,0.5049999952316284,0.46192046999931335,573408000
2008-04-30,0.5109999775886536,0.5192499756813049,0.5074999928474426,0.5137500166893005,0.4699240028858185,1068320000
2008-05-01,0.5199999809265137,0.5387499928474426,0.5174999833106995,0.5375000238418579,0.49164801836013794,1014624000
2008-05-02,0.5522500276565552,0.5630000233650208,0.5440000295639038,0.5630000233650208,0.5149726271629333,1131016000
2008-05-05,0.559249997138977,0.5617499947547913,0.5477499961853027,0.5490000247955322,0.5021673440933228,943392000
2008-05-06,0.5475000143051147,0.5644999742507935,0.5389999747276306,0.5632500052452087,0.5152013897895813,729036000
2008-05-07,0.5647500157356262,0.5722500085830688,0.5454999804496765,0.5502499938011169,0.5033101439476013,715632000
2008-05-08,0.5544999837875366,0.5562499761581421,0.5252500176429749,0.5487499833106995,0.5019383430480957,1360000000
2008-05-09,0.5502499938011169,0.5857499837875366,0.5492500066757202,0.5632500052452087,0.5152013897895813,2030352000
2008-05-12,0.5705000162124634,0.5705000162124634,0.5417500138282776,0.547249972820282,0.5005664825439453,1006652000
2008-05-13,0.550000011920929,0.550000011920929,0.5320000052452087,0.5360000133514404,0.4902760088443756,854108000
2008-05-14,0.5427500009536743,0.5659999847412109,0.5360000133514404,0.5517500042915344,0.5046825408935547,751148000
2008-05-15,0.5504999756813049,0.597000002861023,0.5479999780654907,0.5945000052452087,0.5437855124473572,1165464000
2008-05-16,0.6044999957084656,0.6115000247955322,0.590749979019165,0.6102499961853027,0.5581917762756348,1091556000
2008-05-19,0.6104999780654907,0.6327499747276306,0.5932499766349792,0.5975000262260437,0.5465296506881714,1158532000
2008-05-20,0.581250011920929,0.5879999995231628,0.5752500295639038,0.5820000171661377,0.5323519706726074,771404000
2008-05-21,0.5835000276565552,0.6060000061988831,0.5759999752044678,0.5772500038146973,0.5280070304870605,1066660000
2008-05-22,0.5855000019073486,0.5960000157356262,0.5762500166893005,0.5912500023841858,0.5408127307891846,693108000
2008-05-23,0.5902500152587891,0.5950000286102295,0.5692499876022339,0.577750027179718,0.5284646153450012,802672000
2008-05-27,0.5787500143051147,0.5847499966621399,0.5677499771118164,0.5839999914169312,0.5341811776161194,832856000
2008-05-28,0.6000000238418579,0.6014999747276306,0.5827500224113464,0.5895000100135803,0.539212167263031,751736000
2008-05-29,0.5897499918937683,0.590749979019165,0.5772500038146973,0.5879999995231628,0.5378402471542358,693460000
2008-05-30,0.6047499775886536,0.6194999814033508,0.6029999852180481,0.6175000071525574,0.5648235082626343,830244000
2008-06-02,0.6175000071525574,0.624750018119812,0.6107500195503235,0.6200000047683716,0.5671103596687317,734660000
2008-06-03,0.621999979019165,0.6230000257492065,0.5917500257492065,0.5989999771118164,0.5479016900062561,840696000
2008-06-04,0.5857499837875366,0.6072499752044678,0.5824999809265137,0.6060000061988831,0.5543045997619629,831724000
2008-06-05,0.6269999742507935,0.6337500214576721,0.6142500042915344,0.6212499737739563,0.5682536363601685,827860000
2008-06-06,0.6137499809265137,0.6144999861717224,0.5979999899864197,0.6014999747276306,0.5501885414123535,784876000
2008-06-09,0.5979999899864197,0.606249988079071,0.5802500247955322,0.5922499895095825,0.5417275428771973,637916000
2008-06-10,0.5762500166893005,0.5770000219345093,0.5534999966621399,0.5572500228881836,0.509713351726532,1225208000
2008-06-11,0.5572500228881836,0.5707499980926514,0.5304999947547913,0.53125,0.4859311878681183,999428000
2008-06-12,0.5432500243186951,0.5537499785423279,0.5299999713897705,0.534500002861023,0.4889037609100342,825992000
2008-06-13,0.5352500081062317,0.5414999723434448,0.5170000195503235,0.5327500104904175,0.48730313777923584,705748000
2008-06-16,0.5270000100135803,0.5320000052452087,0.5212500095367432,0.5254999995231628,0.480671763420105,630496000
2008-06-17,0.5329999923706055,0.5332499742507935,0.5115000009536743,0.5127500295639038,0.4690093994140625,687912000
2008-06-18,0.5074999928474426,0.5249999761581421,0.4894999861717224,0.49775001406669617,0.4552890360355377,1065272000
2008-06-19,0.5005000233650208,0.5074999928474426,0.484499990940094,0.4964999854564667,0.454145610332489,784928000
2008-06-20,0.4855000078678131,0.49950000643730164,0.48524999618530273,0.49399998784065247,0.4518588185310364,741008000
2008-06-23,0.49775001406669617,0.49825000762939453,0.4794999957084656,0.48374998569488525,0.44248339533805847,776616000
2008-06-24,0.48100000619888306,0.5112500190734863,0.48100000619888306,0.4997499883174896,0.45711833238601685,1078928000
2008-06-25,0.5074999928474426,0.5112500190734863,0.4945000112056732,0.5024999976158142,0.45963382720947266,900976000
2008-06-26,0.48750001192092896,0.49125000834465027,0.476749986410141,0.476749986410141,0.43608036637306213,845532000
2008-06-27,0.47874999046325684,0.48475000262260437,0.46775001287460327,0.4819999933242798,0.4408825635910034,584140000
2008-06-30,0.476500004529953,0.4807499945163727,0.4647499918937683,0.46799999475479126,0.4280768930912018,653940000
2008-07-01,0.4625000059604645,0.46924999356269836,0.45399999618530273,0.46875,0.42876285314559937,881464000
2008-07-02,0.46650001406669617,0.46950000524520874,0.44999998807907104,0.4507499933242798,0.412298321723938,763196000
2008-07-03,0.3244999945163727,0.328249990940094,0.3100000023841858,0.3122499883174896,0.28561317920684814,2987520000
2008-07-07,0.31700000166893005,0.3190000057220459,0.2939999997615814,0.30250000953674316,0.2766950726509094,2202692000
2008-07-08,0.304500013589859,0.31200000643730164,0.29499998688697815,0.3007499873638153,0.27509427070617676,1805288000
2008-07-09,0.30149999260902405,0.3059999942779541,0.2955000102519989,0.2955000102519989,0.27029213309288025,1413168000
2008-07-10,0.296999990940094,0.3005000054836273,0.289249986410141,0.29475000500679016,0.2696060836315155,1056992000
2008-07-11,0.2887499928474426,0.29899999499320984,0.28299999237060547,0.2917500138282776,0.26686200499534607,807760000
2008-07-14,0.2939999997615814,0.29624998569488525,0.27649998664855957,0.2784999907016754,0.2547423541545868,882316000
2008-07-15,0.2759999930858612,0.28725001215934753,0.26750001311302185,0.2815000116825104,0.2574863135814667,1122484000
2008-07-16,0.2824999988079071,0.2904999852180481,0.2747499942779541,0.28299999237060547,0.2588583528995514,1034392000
2008-07-17,0.2874999940395355,0.2874999940395355,0.27300000190734863,0.2840000092983246,0.25977298617362976,862080000
2008-07-18,0.28200000524520874,0.29074999690055847,0.27399998903274536,0.289000004529953,0.2643466889858246,899720000
2008-07-21,0.29350000619888306,0.29774999618530273,0.28824999928474426,0.29074999690055847,0.26594722270965576,571636000
2008-07-22,0.2879999876022339,0.289249986410141,0.27900001406669617,0.28450000286102295,0.26023051142692566,555924000
2008-07-23,0.2865000069141388,0.29600000381469727,0.2852500081062317,0.2930000126361847,0.2680053114891052,594876000
2008-07-24,0.28999999165534973,0.2927500009536743,0.2750000059604645,0.2757500112056732,0.25222688913345337,705628000
2008-07-25,0.2784999907016754,0.28999999165534973,0.27274999022483826,0.289000004529953,0.2643466889858246,1039600000
2008-07-28,0.2852500081062317,0.29774999618530273,0.2840000092983246,0.28824999928474426,0.2636606991291046,734808000
2008-07-29,0.2887499928474426,0.2985000014305115,0.2854999899864197,0.29124999046325684,0.26640456914901733,764636000
2008-07-30,0.296999990940094,0.29750001430511475,0.28049999475479126,0.28700000047683716,0.2625170946121216,588492000
2008-07-31,0.2862499952316284,0.29225000739097595,0.28299999237060547,0.28600001335144043,0.2616025507450104,487236000
2008-08-01,0.2784999907016754,0.27950000762939453,0.26750001311302185,0.2709999978542328,0.24788224697113037,881060000
2008-08-04,0.2709999978542328,0.27250000834465027,0.26374998688697815,0.2644999921321869,0.24193662405014038,522052000
2008-08-05,0.2694999873638153,0.2797499895095825,0.26649999618530273,0.2797499895095825,0.25588569045066833,685844000
2008-08-06,0.28049999475479126,0.28975000977516174,0.27149999141693115,0.28725001215934753,0.26274579763412476,814864000
2008-08-07,0.2847500145435333,0.29750001430511475,0.27950000762939453,0.2827500104904175,0.25862979888916016,819232000
2008-08-08,0.2849999964237213,0.2874999940395355,0.27399998903274536,0.2750000059604645,0.25154075026512146,853764000
2008-08-11,0.2770000100135803,0.2874999940395355,0.2759999930858612,0.28075000643730164,0.25680044293403625,1196436000
2008-08-12,0.28299999237060547,0.2837499976158142,0.27274999022483826,0.27674999833106995,0.2531415820121765,1410868000
2008-08-13,0.29875001311302185,0.3109999895095825,0.2915000021457672,0.30649998784065247,0.28035369515419006,2095260000
2008-08-14,0.30425000190734863,0.3372499942779541,0.30425000190734863,0.32499998807907104,0.297275573015213,1635304000
2008-08-15,0.3307499885559082,0.3345000147819519,0.3217499852180481,0.3240000009536743,0.2963608205318451,777652000
2008-08-18,0.32624998688697815,0.3334999978542328,0.3227500021457672,0.3305000066757202,0.3023063838481903,893968000
2008-08-19,0.32374998927116394,0.3375000059604645,0.32374998927116394,0.33550000190734863,0.3068798780441284,1014140000
2008-08-20,0.34049999713897705,0.3529999852180481,0.33799999952316284,0.35199999809265137,0.32197239995002747,1143692000
2008-08-21,0.34575000405311584,0.34850001335144043,0.3334999978542328,0.34049999713897705,0.31145334243774414,1021560000
2008-08-22,0.34299999475479126,0.34700000286102295,0.3330000042915344,0.3402499854564667,0.31122466921806335,459264000
2008-08-25,0.3382500112056732,0.3462499976158142,0.33425000309944153,0.33524999022483826,0.3066510856151581,471600000
2008-08-26,0.3370000123977661,0.3372499942779541,0.32374998927116394,0.32725000381469727,0.29933375120162964,613112000
2008-08-27,0.31975001096725464,0.33375000953674316,0.3167499899864197,0.3297500014305115,0.30162036418914795,454620000
2008-08-28,0.33024999499320984,0.33375000953674316,0.3252499997615814,0.32850000262260437,0.3004770576953888,365192000
2008-08-29,0.3240000009536743,0.32499998807907104,0.3149999976158142,0.3160000145435333,0.2890433669090271,516004000
2008-09-02,0.32124999165534973,0.3240000009536743,0.30375000834465027,0.30799999833106995,0.28172567486763,693928000
2008-09-03,0.30375000834465027,0.3050000071525574,0.2887499928474426,0.2915000021457672,0.2666333019733429,714856000
2008-09-04,0.28824999928474426,0.29124999046325684,0.28575000166893005,0.2874999940395355,0.26297464966773987,716128000
2008-09-05,0.2849999964237213,0.29249998927116394,0.2847500145435333,0.2917500138282776,0.26686200499534607,791100000
2008-09-08,0.2944999933242798,0.2944999933242798,0.2750000059604645,0.2797499895095825,0.25588569045066833,1314840000
2008-09-09,0.2787500023841858,0.2957499921321869,0.2692500054836273,0.27024999260902405,0.2471960037946701,1098296000
2008-09-10,0.273499995470047,0.27900001406669617,0.26875001192092896,0.2705000042915344,0.24742470681667328,644284000
2008-09-11,0.2549999952316284,0.2630000114440918,0.24899999797344208,0.2574999928474426,0.23553378880023956,1066976000
2008-09-12,0.2552500069141388,0.25699999928474426,0.24025000631809235,0.25475001335144043,0.23301832377910614,1209200000
2008-09-15,0.24574999511241913,0.24950000643730164,0.22949999570846558,0.23250000178813934,0.21266639232635498,863984000
2008-09-16,0.22425000369548798,0.24150000512599945,0.2199999988079071,0.2397499978542328,0.219297856092453,1240840000
2008-09-17,0.2342499941587448,0.2554999887943268,0.23199999332427979,0.25,0.22867348790168762,1392580000
2008-09-18,0.2529999911785126,0.2854999899864197,0.2524999976158142,0.2722499966621399,0.24902546405792236,1611060000
2008-09-19,0.2852500081062317,0.2874999940395355,0.27250000834465027,0.2852500081062317,0.260916531085968,1107344000
2008-09-22,0.28299999237060547,0.29124999046325684,0.2777499854564667,0.27924999594688416,0.2554282546043396,700072000
2008-09-23,0.2770000100135803,0.28725001215934753,0.27024999260902405,0.27125000953674316,0.24811072647571564,821468000
2008-09-24,0.26774999499320984,0.2867499887943268,0.26625001430511475,0.28125,0.25725775957107544,866036000
2008-09-25,0.28125,0.29350000619888306,0.27649998664855957,0.2867499887943268,0.2622884511947632,588328000
2008-09-26,0.2797499895095825,0.2942500114440918,0.2745000123977661,0.29225000739097595,0.26731929183006287,646852000
2008-09-29,0.28450000286102295,0.2879999876022339,0.25,0.2524999976158142,0.23096023499965668,975240000
2008-09-30,0.2565000057220459,0.27024999260902405,0.2537499964237213,0.26774999499320984,0.24490924179553986,659044000
2008-10-01,0.26374998688697815,0.2685000002384186,0.2554999887943268,0.2602500021457672,0.23804911971092224,557208000
2008-10-02,0.2619999945163727,0.2619999945163727,0.23199999332427979,0.23325000703334808,0.21335239708423615,787728000
2008-10-03,0.2370000034570694,0.24375000596046448,0.22425000369548798,0.22574999928474426,0.20649215579032898,915828000
2008-10-06,0.2150000035762787,0.21549999713897705,0.18275000154972076,0.19625000655651093,0.17950868606567383,1677440000
2008-10-07,0.2032500058412552,0.20374999940395355,0.17949999868869781,0.1809999942779541,0.16555963456630707,1059984000
2008-10-08,0.1745000034570694,0.19550000131130219,0.17274999618530273,0.1847500056028366,0.16898968815803528,1219456000
2008-10-09,0.1914999932050705,0.19425000250339508,0.17100000381469727,0.17299999296665192,0.15824207663536072,909636000
2008-10-10,0.15800000727176666,0.18324999511241913,0.15700000524520874,0.17024999856948853,0.15572667121887207,1200252000
2008-10-13,0.1847500056028366,0.20149999856948853,0.18250000476837158,0.20125000178813934,0.18408218026161194,916536000
2008-10-14,0.20874999463558197,0.20999999344348907,0.1912499964237213,0.1967500001192093,0.1799660623073578,1209012000
2008-10-15,0.19550000131130219,0.1965000033378601,0.17550000548362732,0.17550000548362732,0.16052885353565216,854064000
2008-10-16,0.18074999749660492,0.19349999725818634,0.17249999940395355,0.19249999523162842,0.17607855796813965,1019820000
2008-10-17,0.18700000643730164,0.20225000381469727,0.1835000067949295,0.1912499964237213,0.1749352365732193,839416000
2008-10-20,0.1977500021457672,0.1992499977350235,0.1902499943971634,0.19499999284744263,0.1783653050661087,595764000
2008-10-21,0.1912499964237213,0.19325000047683716,0.17900000512599945,0.18000000715255737,0.16464489698410034,659116000
2008-10-22,0.17749999463558197,0.1850000023841858,0.16850000619888306,0.1732500046491623,0.1584707498550415,600996000
2008-10-23,0.17274999618530273,0.1770000010728836,0.15649999678134918,0.16349999606609344,0.14955244958400726,832192000
2008-10-24,0.15000000596046448,0.17374999821186066,0.14925000071525574,0.1652500033378601,0.15115319192409515,798336000
2008-10-27,0.16425000131130219,0.18449999392032623,0.1589999943971634,0.17425000667572021,0.15938544273376465,698936000
2008-10-28,0.1835000067949295,0.20074999332427979,0.18025000393390656,0.2004999965429306,0.18339616060256958,849920000
2008-10-29,0.1992499977350235,0.2199999988079071,0.19824999570846558,0.2070000022649765,0.1893417090177536,977284000
2008-10-30,0.21875,0.2199999988079071,0.20250000059604645,0.21574999392032623,0.19734524190425873,657176000
2008-10-31,0.20900000631809235,0.22325000166893005,0.2084999978542328,0.21899999678134918,0.20031800866127014,608672000
2008-11-03,0.22374999523162842,0.2277500033378601,0.20749999582767487,0.210999995470047,0.1930004209280014,723924000
2008-11-04,0.21825000643730164,0.22450000047683716,0.21250000596046448,0.22450000047683716,0.20534881949424744,619560000
2008-11-05,0.2162500023841858,0.2224999964237213,0.21275000274181366,0.21275000274181366,0.19460108876228333,787620000
2008-11-06,0.20024999976158142,0.20774999260902405,0.1899999976158142,0.19050000607967377,0.17424918711185455,797936000
2008-11-07,0.21699999272823334,0.22675000131130219,0.20250000059604645,0.21799999475479126,0.1994033008813858,1132068000
2008-11-10,0.22624999284744263,0.22750000655651093,0.1992499977350235,0.20399999618530273,0.1865975558757782,576396000
2008-11-11,0.20100000500679016,0.20250000059604645,0.19300000369548798,0.19499999284744263,0.1783653050661087,576484000
2008-11-12,0.1889999955892563,0.19349999725818634,0.18125000596046448,0.1835000067949295,0.16784636676311493,646092000
2008-11-13,0.17499999701976776,0.19875000417232513,0.17149999737739563,0.19850000739097595,0.18156678974628448,797228000
2008-11-14,0.19050000607967377,0.1914999932050705,0.1784999966621399,0.17925000190734863,0.16395890712738037,741024000
2008-11-17,0.17749999463558197,0.1822499930858612,0.17374999821186066,0.17550000548362732,0.16052885353565216,388224000
2008-11-18,0.17900000512599945,0.18000000715255737,0.164000004529953,0.16975000500679016,0.15526936948299408,564488000
2008-11-19,0.16824999451637268,0.17249999940395355,0.1550000011920929,0.15575000643730164,0.1424635946750641,500220000
2008-11-20,0.15449999272823334,0.16224999725818634,0.1457500010728836,0.14749999344348907,0.13491736352443695,847036000
2008-11-21,0.1522500067949295,0.15950000286102295,0.14374999701976776,0.15950000286102295,0.14589369297027588,599064000
2008-11-24,0.1692499965429306,0.1720000058412552,0.1599999964237213,0.17000000178813934,0.1554979830980301,600308000
2008-11-25,0.17749999463558197,0.17800000309944153,0.16975000500679016,0.17475000023841858,0.15984277427196503,528256000
2008-11-26,0.1717499941587448,0.19075000286102295,0.17075000703334808,0.1902499943971634,0.17402061820030212,600792000
2008-11-28,0.18725000321865082,0.1899999976158142,0.18424999713897705,0.18674999475479126,0.17081908881664276,175248000
2008-12-01,0.17925000190734863,0.1809999942779541,0.1704999953508377,0.17075000703334808,0.15618400275707245,547112000
2008-12-02,0.17399999499320984,0.18250000476837158,0.1717499941587448,0.18025000393390656,0.16487357020378113,479988000
2008-12-03,0.1732500046491623,0.18975000083446503,0.1717499941587448,0.18950000405311584,0.173334538936615,584632000
2008-12-04,0.18574999272823334,0.19499999284744263,0.17274999618530273,0.1770000010728836,0.1619008481502533,466292000
2008-12-05,0.17149999737739563,0.1847500056028366,0.16850000619888306,0.18400000035762787,0.1683037132024765,438484000
2008-12-08,0.1875,0.1912499964237213,0.17374999821186066,0.17800000309944153,0.16281551122665405,707992000
2008-12-09,0.1757500022649765,0.20225000381469727,0.17374999821186066,0.195250004529953,0.17859399318695068,829760000
2008-12-10,0.19900000095367432,0.21875,0.19574999809265137,0.21375000476837158,0.19551585614681244,961124000
2008-12-11,0.21250000596046448,0.2199999988079071,0.20225000381469727,0.20475000143051147,0.18728363513946533,582700000
2008-12-12,0.19875000417232513,0.2162500023841858,0.19474999606609344,0.2150000035762787,0.19665925204753876,679268000
2008-12-15,0.2162500023841858,0.2175000011920929,0.20125000178813934,0.20800000429153442,0.19025635719299316,476996000
2008-12-16,0.20999999344348907,0.2224999964237213,0.20800000429153442,0.22200000286102295,0.203062042593956,521940000
2008-12-17,0.21799999475479126,0.23624999821186066,0.2150000035762787,0.2329999953508377,0.21312378346920013,674180000
2008-12-18,0.23149999976158142,0.23225000500679016,0.20874999463558197,0.21150000393390656,0.19345779716968536,550808000
2008-12-19,0.21424999833106995,0.2224999964237213,0.2122499942779541,0.21299999952316284,0.1948298215866089,593120000
2008-12-22,0.2162500023841858,0.21674999594688416,0.1927500069141388,0.2004999965429306,0.18339616060256958,522464000
2008-12-23,0.2017499953508377,0.20600000023841858,0.19474999606609344,0.1977500021457672,0.18088074028491974,377452000
2008-12-24,0.19374999403953552,0.19850000739097595,0.1889999955892563,0.19300000369548798,0.1765359491109848,146616000
2008-12-26,0.19300000369548798,0.19550000131130219,0.18250000476837158,0.18774999678134918,0.1717337816953659,226156000
2008-12-29,0.1902499943971634,0.19374999403953552,0.17800000309944153,0.19374999403953552,0.17722196877002716,460168000
2008-12-30,0.19625000655651093,0.20350000262260437,0.19175000488758087,0.2004999965429306,0.18339616060256958,409860000
2008-12-31,0.1979999989271164,0.20675000548362732,0.19449999928474426,0.2017499953508377,0.1845395267009735,441580000
2009-01-02,0.2017499953508377,0.21924999356269836,0.20100000500679016,0.21774999797344208,0.19917462766170502,497124000
2009-01-05,0.21525000035762787,0.22675000131130219,0.21375000476837158,0.22175000607967377,0.2028333991765976,705736000
2009-01-06,0.22824999690055847,0.2357500046491623,0.22325000166893005,0.2292499989271164,0.20969358086585999,657904000
2009-01-07,0.2240000069141388,0.2240000069141388,0.20774999260902405,0.21549999713897705,0.19711655378341675,870096000
2009-01-08,0.21275000274181366,0.21275000274181366,0.19699999690055847,0.20999999344348907,0.19208574295043945,1014496000
2009-01-09,0.20999999344348907,0.20999999344348907,0.1977500021457672,0.19824999570846558,0.18133807182312012,761352000
2009-01-12,0.19824999570846558,0.1992499977350235,0.1875,0.1902499943971634,0.17402061820030212,645532000
2009-01-13,0.1837500035762787,0.19850000739097595,0.18025000393390656,0.1912499964237213,0.1749352365732193,1824424000
2009-01-14,0.18449999392032623,0.18674999475479126,0.18000000715255737,0.18275000154972076,0.16716036200523376,974908000
2009-01-15,0.1837500035762787,0.19224999845027924,0.18000000715255737,0.18925000727176666,0.17310592532157898,998204000
2009-01-16,0.19449999928474426,0.20149999856948853,0.18825000524520874,0.19975000619888306,0.18271014094352722,831324000
2009-01-20,0.1992499977350235,0.20000000298023224,0.17874999344348907,0.18025000393390656,0.16487357020378113,705788000
2009-01-21,0.1837500035762787,0.1902499943971634,0.1770000010728836,0.1889999955892563,0.17287717759609222,648472000
2009-01-22,0.18299999833106995,0.19050000607967377,0.17874999344348907,0.18549999594688416,0.16967569291591644,547656000
2009-01-23,0.18025000393390656,0.19850000739097595,0.18000000715255737,0.1927500069141388,0.17630723118782043,633616000
2009-01-26,0.19374999403953552,0.20499999821186066,0.19050000607967377,0.1992499977350235,0.18225282430648804,581748000
2009-01-27,0.20250000059604645,0.21250000596046448,0.2017499953508377,0.210999995470047,0.1930004209280014,725300000
2009-01-28,0.21850000321865082,0.22325000166893005,0.21150000393390656,0.21975000202655792,0.2010039985179901,723752000
2009-01-29,0.21250000596046448,0.2150000035762787,0.20600000023841858,0.2070000022649765,0.1893417090177536,413128000
2009-01-30,0.20550000667572021,0.210999995470047,0.19625000655651093,0.19875000417232513,0.1817953884601593,506760000
2009-02-02,0.19574999809265137,0.21175000071525574,0.19474999606609344,0.2094999998807907,0.19162839651107788,577992000
2009-02-03,0.20999999344348907,0.21375000476837158,0.20424999296665192,0.21199999749660492,0.19391517341136932,396948000
2009-02-04,0.21250000596046448,0.22875000536441803,0.21250000596046448,0.21799999475479126,0.1994033008813858,779232000
2009-02-05,0.2122499942779541,0.23649999499320984,0.20999999344348907,0.23399999737739563,0.2140384465456009,919192000
2009-02-06,0.23475000262260437,0.24824999272823334,0.23074999451637268,0.24674999713897705,0.2257007211446762,1157880000
2009-02-09,0.24574999511241913,0.24924999475479126,0.23675000667572021,0.2434999942779541,0.22272801399230957,716128000
2009-02-10,0.24324999749660492,0.24650000035762787,0.22849999368190765,0.2329999953508377,0.21312378346920013,1129664000
2009-02-11,0.21449999511241913,0.22224999964237213,0.1965000033378601,0.20374999940395355,0.18636885285377502,1983400000
2009-02-12,0.1992499977350235,0.20925000309944153,0.1965000033378601,0.20800000429153442,0.19025635719299316,1024020000
2009-02-13,0.2032500058412552,0.21025000512599945,0.2017499953508377,0.20774999260902405,0.19002765417099,764304000
2009-02-17,0.20000000298023224,0.20475000143051147,0.19499999284744263,0.19574999809265137,0.17905133962631226,779576000
2009-02-18,0.19574999809265137,0.20749999582767487,0.19550000131130219,0.20100000500679016,0.18385347723960876,646252000
2009-02-19,0.20499999821186066,0.20675000548362732,0.18549999594688416,0.18549999594688416,0.16967569291591644,743988000
2009-02-20,0.18299999833106995,0.19325000047683716,0.18125000596046448,0.1902499943971634,0.17402061820030212,770056000
2009-02-23,0.19349999725818634,0.19449999928474426,0.18025000393390656,0.18150000274181366,0.16601692140102386,679548000
2009-02-24,0.18250000476837158,0.1979999989271164,0.1822499930858612,0.1977500021457672,0.18088074028491974,659524000
2009-02-25,0.19724999368190765,0.20600000023841858,0.19050000607967377,0.20000000298023224,0.1829388588666916,702360000
2009-02-26,0.2070000022649765,0.2134999930858612,0.20399999618530273,0.20649999380111694,0.18888425827026367,1117556000
2009-02-27,0.20125000178813934,0.21175000071525574,0.19975000619888306,0.2070000022649765,0.1893417090177536,755444000
2009-03-02,0.20200000703334808,0.20624999701976776,0.1887499988079071,0.18950000405311584,0.173334538936615,700064000
2009-03-03,0.19300000369548798,0.2045000046491623,0.18674999475479126,0.19699999690055847,0.18019475042819977,1041372000
2009-03-04,0.20225000381469727,0.2175000011920929,0.2004999965429306,0.21150000393390656,0.19345779716968536,1108668000
2009-03-05,0.2084999978542328,0.21699999272823334,0.20550000667572021,0.20649999380111694,0.18888425827026367,955252000
2009-03-06,0.20649999380111694,0.2172500044107437,0.20374999940395355,0.2097499966621399,0.19185712933540344,974756000
2009-03-09,0.2082500010728836,0.2240000069141388,0.2070000022649765,0.20749999582767487,0.18979905545711517,682768000
2009-03-10,0.2150000035762787,0.23025000095367432,0.21299999952316284,0.22624999284744263,0.20694950222969055,1254800000
2009-03-11,0.22624999284744263,0.29624998569488525,0.2224999964237213,0.23250000178813934,0.21266639232635498,864916000
2009-03-12,0.2317499965429306,0.2487500011920929,0.22875000536441803,0.2462500035762787,0.22524340450763702,1604604000
2009-03-13,0.24275000393390656,0.2485000044107437,0.23874999582767487,0.24500000476837158,0.22410008311271667,1195156000
2009-03-16,0.2475000023841858,0.24774999916553497,0.23350000381469727,0.23549999296665192,0.21541047096252441,699344000
2009-03-17,0.23624999821186066,0.24774999916553497,0.23325000703334808,0.2472500056028366,0.22615812718868256,1005384000
2009-03-18,0.2434999942779541,0.26225000619888306,0.24324999749660492,0.2549999952316284,0.23324701189994812,1359560000
2009-03-19,0.2567499876022339,0.2567499876022339,0.2502500116825104,0.25200000405311584,0.23050296306610107,822648000
2009-03-20,0.25575000047683716,0.25600001215934753,0.2317499965429306,0.2382500022649765,0.21792589128017426,1093672000
2009-03-23,0.24574999511241913,0.25600001215934753,0.24025000631809235,0.2554999887943268,0.2337043136358261,816048000
2009-03-24,0.24924999475479126,0.2515000104904175,0.24324999749660492,0.24449999630451202,0.22364267706871033,1114868000
2009-03-25,0.25200000405311584,0.25999999046325684,0.23899999260902405,0.2485000044107437,0.22730153799057007,1243852000
2009-03-26,0.2524999976158142,0.2644999921321869,0.24975000321865082,0.2639999985694885,0.24147920310497284,1333664000
2009-03-27,0.26124998927116394,0.26774999499320984,0.2574999928474426,0.2615000009536743,0.23919251561164856,731892000
2009-03-30,0.2515000104904175,0.25475001335144043,0.24124999344348907,0.2447499930858612,0.22387133538722992,780052000
2009-03-31,0.2485000044107437,0.2524999976158142,0.2447499930858612,0.24650000035762787,0.2254721075296402,805272000
2009-04-01,0.2434999942779541,0.2549999952316284,0.2342499941587448,0.2527500092983246,0.23118893802165985,887920000
2009-04-02,0.26225000619888306,0.2692500054836273,0.25850000977516174,0.2644999921321869,0.24193662405014038,1002860000
2009-04-03,0.26475000381469727,0.2837499976158142,0.2602500021457672,0.28299999237060547,0.2588583528995514,1003208000
2009-04-06,0.2782500088214874,0.2862499952316284,0.2745000123977661,0.2837499976158142,0.2595444619655609,887288000
2009-04-07,0.2782500088214874,0.28125,0.2722499966621399,0.27399998903274536,0.25062617659568787,607804000
2009-04-08,0.2770000100135803,0.28600001335144043,0.2747499942779541,0.2852500081062317,0.260916531085968,731652000
2009-04-09,0.29249998927116394,0.3019999861717224,0.2902500033378601,0.3009999990463257,0.27532291412353516,904412000
2009-04-13,0.29725000262260437,0.29750001430511475,0.2847500145435333,0.29124999046325684,0.26640456914901733,767628000
2009-04-14,0.28725001215934753,0.30000001192092896,0.28600001335144043,0.2930000126361847,0.2680053114891052,711960000
2009-04-15,0.2827500104904175,0.28600001335144043,0.27274999022483826,0.2847500145435333,0.2604590952396393,1045368000
2009-04-16,0.28999999165534973,0.2955000102519989,0.27900001406669617,0.2919999957084656,0.2670905888080597,1038772000
2009-04-17,0.2919999957084656,0.296750009059906,0.2849999964237213,0.2939999997615814,0.2689201235771179,695764000
2009-04-20,0.2827500104904175,0.2852500081062317,0.2747499942779541,0.2762500047683716,0.25268426537513733,590660000
2009-04-21,0.27250000834465027,0.28700000047683716,0.2685000002384186,0.27549999952316284,0.2519981563091278,932184000
2009-04-22,0.27300000190734863,0.2952499985694885,0.2685000002384186,0.2837499976158142,0.2595444619655609,916404000
2009-04-23,0.2865000069141388,0.289000004529953,0.2705000042915344,0.27924999594688416,0.2554282546043396,753952000
2009-04-24,0.28200000524520874,0.2877500057220459,0.27524998784065247,0.28575000166893005,0.26137393712997437,759508000
2009-04-27,0.28200000524520874,0.28999999165534973,0.2737500071525574,0.27549999952316284,0.2519981563091278,787024000
2009-04-28,0.2720000147819519,0.28200000524520874,0.2694999873638153,0.2762500047683716,0.25268426537513733,634392000
2009-04-29,0.2775000035762787,0.2787500023841858,0.26875001192092896,0.2720000147819519,0.24879679083824158,859668000
2009-04-30,0.2772499918937683,0.29499998688697815,0.2750000059604645,0.28700000047683716,0.2625170946121216,1110276000
2009-05-01,0.2862499952316284,0.2985000014305115,0.28600001335144043,0.2917500138282776,0.26686200499534607,840548000
2009-05-04,0.296750009059906,0.3097499907016754,0.2927500009536743,0.3075000047683716,0.2812683582305908,927704000
2009-05-05,0.3007499873638153,0.30274999141693115,0.2887499928474426,0.29499998688697815,0.2698347270488739,837076000
2009-05-06,0.2982499897480011,0.3009999990463257,0.28325000405311584,0.289000004529953,0.2643466889858246,935088000
2009-05-07,0.2955000102519989,0.2955000102519989,0.2644999921321869,0.2682499885559082,0.2453666776418686,1289196000
2009-05-08,0.26249998807907104,0.26249998807907104,0.2277500033378601,0.23125000298023224,0.21152298152446747,2930564000
2009-05-11,0.22750000655651093,0.24150000512599945,0.22550000250339508,0.2357500046491623,0.2156391143798828,1038596000
2009-05-12,0.2409999966621399,0.2409999966621399,0.2199999988079071,0.22450000047683716,0.20534881949424744,1201384000
2009-05-13,0.22300000488758087,0.22425000369548798,0.2082500010728836,0.20999999344348907,0.19208574295043945,1305608000
2009-05-14,0.2097499966621399,0.2175000011920929,0.2082500010728836,0.21299999952316284,0.1948298215866089,1017864000
2009-05-15,0.21449999511241913,0.22599999606609344,0.21199999749660492,0.21850000321865082,0.19986067712306976,780308000
2009-05-18,0.2240000069141388,0.23325000703334808,0.22349999845027924,0.2317499965429306,0.21198035776615143,938320000
2009-05-19,0.23325000703334808,0.23899999260902405,0.22949999570846558,0.23624999821186066,0.2160964459180832,859768000
2009-05-20,0.24050000309944153,0.2562499940395355,0.2395000010728836,0.24324999749660492,0.22249934077262878,1309436000
2009-05-21,0.24025000631809235,0.24500000476837158,0.23499999940395355,0.24175000190734863,0.22112728655338287,965600000
2009-05-22,0.24175000190734863,0.24899999797344208,0.23725000023841858,0.24549999833106995,0.22455739974975586,718260000
2009-05-26,0.24324999749660492,0.2607499957084656,0.2407499998807907,0.25874999165534973,0.2366771548986435,865540000
2009-05-27,0.2574999928474426,0.2669999897480011,0.2549999952316284,0.2592499852180481,0.2371344268321991,814152000
2009-05-28,0.2632499933242798,0.26499998569488525,0.2515000104904175,0.2627499997615814,0.2403358817100525,995288000
2009-05-29,0.2630000114440918,0.26350000500679016,0.25174999237060547,0.2607499957084656,0.238506481051445,834232000
2009-06-01,0.26374998688697815,0.2750000059604645,0.2627499997615814,0.273499995470047,0.2501688301563263,1022764000
2009-06-02,0.273499995470047,0.27950000762939453,0.26625001430511475,0.27125000953674316,0.24811072647571564,907984000
2009-06-03,0.26774999499320984,0.26875001192092896,0.2562499940395355,0.2627499997615814,0.2403358817100525,735688000
2009-06-04,0.26350000500679016,0.27274999022483826,0.2632499933242798,0.2722499966621399,0.24902546405792236,673180000
2009-06-05,0.2772499918937683,0.2772499918937683,0.26750001311302185,0.2707499861717224,0.24765338003635406,559992000
2009-06-08,0.26875001192092896,0.27300000190734863,0.26249998807907104,0.2692500054836273,0.24628140032291412,473948000
2009-06-09,0.27300000190734863,0.28700000047683716,0.2709999978542328,0.2840000092983246,0.25977298617362976,725032000
2009-06-10,0.2854999899864197,0.29475000500679016,0.27924999594688416,0.2930000126361847,0.2680053114891052,833320000
2009-06-11,0.29374998807907104,0.3050000071525574,0.2874999940395355,0.289249986410141,0.26457518339157104,835156000
2009-06-12,0.2849999964237213,0.2887499928474426,0.2784999907016754,0.2877500057220459,0.26320329308509827,595000000
2009-06-15,0.2824999988079071,0.2862499952316284,0.27799999713897705,0.28299999237060547,0.2588583528995514,445164000
2009-06-16,0.28299999237060547,0.2865000069141388,0.27125000953674316,0.27524998784065247,0.2517695426940918,594912000
2009-06-17,0.27950000762939453,0.2847500145435333,0.26875001192092896,0.28200000524520874,0.2579437792301178,799016000
2009-06-18,0.2809999883174896,0.2862499952316284,0.273499995470047,0.27649998664855957,0.25291284918785095,566376000
2009-06-19,0.27924999594688416,0.2865000069141388,0.2757500112056732,0.27950000762939453,0.25565701723098755,747564000
2009-06-22,0.28049999475479126,0.28049999475479126,0.2627499997615814,0.26374998688697815,0.24125047028064728,574864000
2009-06-23,0.26625001430511475,0.2667500078678131,0.25224998593330383,0.26249998807907104,0.2401072382926941,589764000
2009-06-24,0.265749990940094,0.2775000035762787,0.265749990940094,0.27125000953674316,0.24811072647571564,515096000
2009-06-25,0.26875001192092896,0.28600001335144043,0.26600000262260437,0.2854999899864197,0.26114505529403687,870444000
2009-06-26,0.2842499911785126,0.2902500033378601,0.28174999356269836,0.289249986410141,0.26457518339157104,513956000
2009-06-29,0.28999999165534973,0.2944999933242798,0.2862499952316284,0.289249986410141,0.26457518339157104,510056000
2009-06-30,0.28824999928474426,0.29225000739097595,0.2770000100135803,0.28224998712539673,0.2581723928451538,589844000
2009-07-01,0.2840000092983246,0.28725001215934753,0.2787500023841858,0.28349998593330383,0.2593158185482025,696420000
2009-07-02,0.27425000071525574,0.2777499854564667,0.26875001192092896,0.27250000834465027,0.24925415217876434,552312000
2009-07-06,0.2722499966621399,0.27250000834465027,0.2592499852180481,0.26374998688697815,0.24125047028064728,752456000
2009-07-07,0.26475000381469727,0.26625001430511475,0.2515000104904175,0.25224998593330383,0.2307315319776535,1072996000
2009-07-08,0.2537499964237213,0.25450000166893005,0.24275000393390656,0.2527500092983246,0.23118893802165985,1205860000
2009-07-09,0.25699999928474426,0.26249998807907104,0.2562499940395355,0.25824999809265137,0.23621974885463715,714564000
2009-07-10,0.25824999809265137,0.26100000739097595,0.2527500092983246,0.2592499852180481,0.2371344268321991,520008000
2009-07-13,0.2644999921321869,0.2644999921321869,0.2487500011920929,0.26225000619888306,0.23987849056720734,556012000
2009-07-14,0.2642500102519989,0.26875001192092896,0.26124998927116394,0.26774999499320984,0.24490924179553986,452568000
2009-07-15,0.2775000035762787,0.2842499911785126,0.2750000059604645,0.2787500023841858,0.2549709677696228,1022808000
2009-07-16,0.28174999356269836,0.2942500114440918,0.28025001287460327,0.2932499945163727,0.2682340741157532,952076000
2009-07-17,0.2932499945163727,0.30274999141693115,0.2902500033378601,0.3017500042915344,0.27600905299186707,850356000
2009-07-20,0.30425000190734863,0.3087500035762787,0.30024999380111694,0.30550000071525574,0.2794390916824341,782756000
2009-07-21,0.304749995470047,0.3059999942779541,0.29225000739097595,0.2992500066757202,0.27372217178344727,941296000
2009-07-22,0.2932499945163727,0.3095000088214874,0.29124999046325684,0.30674999952316284,0.2805823087692261,600908000
2009-07-23,0.3072499930858612,0.32600000500679016,0.30399999022483826,0.32499998807907104,0.297275573015213,1046120000
2009-07-24,0.3149999976158142,0.32499998807907104,0.31299999356269836,0.3240000009536743,0.2963608205318451,650592000
2009-07-27,0.32100000977516174,0.33024999499320984,0.3179999887943268,0.3255000114440918,0.297732949256897,677484000
2009-07-28,0.3232499957084656,0.3294999897480011,0.320499986410141,0.32600000500679016,0.29819029569625854,563180000
2009-07-29,0.32225000858306885,0.3242500126361847,0.3162499964237213,0.31949999928474426,0.29224470257759094,373972000
2009-07-30,0.32499998807907104,0.3292500078678131,0.3192499876022339,0.32199999690055847,0.2945314645767212,468444000
2009-07-31,0.32199999690055847,0.32774999737739563,0.31450000405311584,0.3232499957084656,0.29567477107048035,541560000
2009-08-03,0.3310000002384186,0.335750013589859,0.32475000619888306,0.3319999873638153,0.303678423166275,471900000
2009-08-04,0.32624998688697815,0.3400000035762787,0.3257499933242798,0.33425000309944153,0.3057364821434021,695380000
2009-08-05,0.3322499990463257,0.3375000059604645,0.328249990940094,0.33500000834465027,0.3064225912094116,610768000
2009-08-06,0.3362500071525574,0.3422499895095825,0.32600000500679016,0.328000009059906,0.30001962184906006,957588000
2009-08-07,0.34575000405311584,0.3557499945163727,0.33799999952316284,0.34275001287460327,0.3135114312171936,1401872000
2009-08-10,0.3452500104904175,0.3502500057220459,0.3294999897480011,0.33149999380111694,0.3032211363315582,693312000
2009-08-11,0.3292500078678131,0.33425000309944153,0.32199999690055847,0.32374998927116394,0.29613232612609863,481884000
2009-08-12,0.3240000009536743,0.33924999833106995,0.32374998927116394,0.335750013589859,0.3071085810661316,634940000
2009-08-13,0.3382500112056732,0.34700000286102295,0.3322499990463257,0.34575000405311584,0.31625545024871826,564028000
2009-08-14,0.3452500104904175,0.34575000405311584,0.3310000002384186,0.33550000190734863,0.3068798780441284,427148000
2009-08-17,0.3252499997615814,0.32624998688697815,0.3179999887943268,0.3215000033378601,0.294074147939682,465032000
2009-08-18,0.3215000033378601,0.3370000123977661,0.32124999165534973,0.3332499861717224,0.3048217296600342,636200000
2009-08-19,0.328249990940094,0.33149999380111694,0.32499998807907104,0.3294999897480011,0.3013916611671448,552996000
2009-08-20,0.328000009059906,0.3440000116825104,0.32725000381469727,0.3425000011920929,0.3132826089859009,819840000
2009-08-21,0.3452500104904175,0.3487499952316284,0.3382500112056732,0.34825000166893005,0.3185422420501709,607324000
2009-08-24,0.3462499976158142,0.3499999940395355,0.33649998903274536,0.3384999930858612,0.30962395668029785,461456000
2009-08-25,0.3402499854564667,0.3449999988079071,0.3345000147819519,0.34150001406669617,0.3123680055141449,444088000
2009-08-26,0.3407500088214874,0.3462499976158142,0.3395000100135803,0.34549999237060547,0.31602683663368225,434308000
2009-08-27,0.34700000286102295,0.351749986410141,0.34325000643730164,0.3502500057220459,0.3203715980052948,551072000
2009-08-28,0.35975000262260437,0.37575000524520874,0.359250009059906,0.3682500123977661,0.3368360102176666,883992000
2009-08-31,0.36399999260902405,0.3657500147819519,0.3582499921321869,0.3630000054836273,0.33203384280204773,431796000
2009-09-01,0.36274999380111694,0.37299999594688416,0.3487499952316284,0.35074999928474426,0.3208288848400116,736856000
2009-09-02,0.3512499928474426,0.359250009059906,0.3492499887943268,0.3557499945163727,0.32540249824523926,404656000
2009-09-03,0.3557499945163727,0.3647499978542328,0.35475000739097595,0.3642500042915344,0.3331773281097412,534020000
2009-09-04,0.36274999380111694,0.3802500069141388,0.36274999380111694,0.3777500092983246,0.34552568197250366,513048000
2009-09-08,0.3804999887943268,0.3882499933242798,0.3774999976158142,0.3882499933242798,0.3551299571990967,549712000
2009-09-09,0.38749998807907104,0.3997499942779541,0.38199999928474426,0.39899998903274536,0.36496296525001526,571684000
2009-09-10,0.40024998784065247,0.41225001215934753,0.3957499861717224,0.4117499887943268,0.3766252398490906,607952000
2009-09-11,0.41075000166893005,0.41225001215934753,0.4050000011920929,0.40799999237060547,0.3731951117515564,712732000
2009-09-14,0.4020000100135803,0.40525001287460327,0.39774999022483826,0.4012500047683716,0.3670210838317871,490516000
2009-09-15,0.4050000011920929,0.41449999809265137,0.4012500047683716,0.40950000286102295,0.37456727027893066,546136000
2009-09-16,0.40849998593330383,0.4092499911785126,0.39250001311302185,0.398499995470047,0.3645056486129761,707064000
2009-09-17,0.39750000834465027,0.39750000834465027,0.37424999475479126,0.38100001215934753,0.3484983742237091,923096000
2009-09-18,0.38475000858306885,0.38749998807907104,0.3774999976158142,0.3804999887943268,0.34804123640060425,604740000
2009-09-21,0.37599998712539673,0.3852500021457672,0.37275001406669617,0.3787499964237213,0.34644046425819397,588776000
2009-09-22,0.3815000057220459,0.38374999165534973,0.3765000104904175,0.37950000166893005,0.34712639451026917,361388000
2009-09-23,0.3817499876022339,0.38499999046325684,0.37299999594688416,0.3734999895095825,0.3416381776332855,478936000
2009-09-24,0.37975001335144043,0.37975001335144043,0.367249995470047,0.3684999942779541,0.3370647430419922,552876000
2009-09-25,0.36649999022483826,0.3682500123977661,0.35975000262260437,0.36250001192092896,0.3315766155719757,377556000
2009-09-28,0.36375001072883606,0.3799999952316284,0.36375001072883606,0.3707500100135803,0.33912286162376404,467708000
2009-09-29,0.37299999594688416,0.3774999976158142,0.3632499873638153,0.36399999260902405,0.33294859528541565,470928000
2009-09-30,0.3714999854564667,0.3802500069141388,0.3632499873638153,0.37575000524520874,0.3436962962150574,875956000
2009-10-01,0.37450000643730164,0.37450000643730164,0.3487499952316284,0.3490000069141388,0.3192282021045685,999960000
2009-10-02,0.34549999237060547,0.35374999046325684,0.3434999883174896,0.3462499976158142,0.31671273708343506,612476000
2009-10-05,0.3499999940395355,0.3512499928474426,0.3384999930858612,0.34450000524520874,0.3151121735572815,754276000
2009-10-06,0.3487499952316284,0.35624998807907104,0.3462499976158142,0.3502500057220459,0.3203715980052948,761272000
2009-10-07,0.3477500081062317,0.351500004529953,0.34375,0.3474999964237213,0.317856103181839,459608000
2009-10-08,0.34950000047683716,0.3504999876022339,0.3372499942779541,0.34975001215934753,0.31991419196128845,1241524000
2009-10-09,0.3477500081062317,0.35475000739097595,0.3472500145435333,0.3542500138282776,0.32403039932250977,618540000
2009-10-12,0.34825000166893005,0.3569999933242798,0.3479999899864197,0.3502500057220459,0.3203715980052948,499008000
2009-10-13,0.35225000977516174,0.35624998807907104,0.34575000405311584,0.3490000069141388,0.3192282021045685,602124000
2009-10-14,0.36250001192092896,0.36250001192092896,0.3467499911785126,0.34850001335144043,0.3187708854675293,1101948000
2009-10-15,0.3479999899864197,0.3512499928474426,0.335999995470047,0.3382500112056732,0.30939531326293945,1092196000
2009-10-16,0.33399999141693115,0.33500000834465027,0.3244999945163727,0.3305000066757202,0.3023063838481903,1018832000
2009-10-19,0.3332499861717224,0.3452500104904175,0.3305000066757202,0.3425000011920929,0.3132826089859009,695588000
2009-10-20,0.34825000166893005,0.35074999928474426,0.3400000035762787,0.34275001287460327,0.3135114312171936,660180000
2009-10-21,0.34150001406669617,0.3467499911785126,0.33274999260902405,0.3345000147819519,0.30596521496772766,503956000
2009-10-22,0.33274999260902405,0.3384999930858612,0.3269999921321869,0.33675000071525574,0.30802321434020996,379328000
2009-10-23,0.3412500023841858,0.3412500023841858,0.3267500102519989,0.32875001430511475,0.3007057309150696,429528000
2009-10-26,0.33125001192092896,0.3362500071525574,0.3227500021457672,0.3244999945163727,0.29681819677352905,481652000
2009-10-27,0.3230000138282776,0.32774999737739563,0.31025001406669617,0.31349998712539673,0.28675660490989685,591836000
2009-10-28,0.30649998784065247,0.31349998712539673,0.29899999499320984,0.3005000054836273,0.2748655378818512,773632000
2009-10-29,0.30524998903274536,0.3152500092983246,0.30250000953674316,0.3137499988079071,0.28698521852493286,637100000
2009-10-30,0.3122499883174896,0.31349998712539673,0.29750001430511475,0.29899999499320984,0.27349355816841125,604144000
2009-11-02,0.2985000014305115,0.3082500100135803,0.2932499945163727,0.3017500042915344,0.27600905299186707,593136000
2009-11-03,0.2919999957084656,0.3017500042915344,0.289000004529953,0.30024999380111694,0.2746368944644928,876472000
2009-11-04,0.30250000953674316,0.3057500123977661,0.2982499897480011,0.2994999885559082,0.27395084500312805,916840000
2009-11-05,0.30300000309944153,0.3097499907016754,0.3019999861717224,0.30674999952316284,0.2805823087692261,955156000
2009-11-06,0.32600000500679016,0.335750013589859,0.32199999690055847,0.32899999618530273,0.3009343445301056,1641112000
2009-11-09,0.3334999978542328,0.3412500023841858,0.3332499861717224,0.33649998903274536,0.3077944815158844,818124000
2009-11-10,0.33774998784065247,0.33774998784065247,0.3240000009536743,0.328249990940094,0.30024829506874084,781472000
2009-11-11,0.33375000953674316,0.34549999237060547,0.3332499861717224,0.3375000059604645,0.30870920419692993,871512000
2009-11-12,0.34049999713897705,0.3462499976158142,0.33550000190734863,0.33649998903274536,0.3077944815158844,505864000
2009-11-13,0.3362500071525574,0.3407500088214874,0.3347499966621399,0.33899998664855957,0.3100813329219818,388524000
2009-11-16,0.34200000762939453,0.3477500081062317,0.3402499854564667,0.34375,0.3144261837005615,402820000
2009-11-17,0.3440000116825104,0.3440000116825104,0.33675000071525574,0.34325000643730164,0.3139687478542328,350124000
2009-11-18,0.3400000035762787,0.3412500023841858,0.3322499990463257,0.33799999952316284,0.3091665208339691,455516000
2009-11-19,0.3307499885559082,0.3307499885559082,0.31850001215934753,0.3244999945163727,0.29681819677352905,833840000
2009-11-20,0.31700000166893005,0.3240000009536743,0.3162499964237213,0.32249999046325684,0.29498887062072754,426748000
2009-11-23,0.32725000381469727,0.3332499861717224,0.32350000739097595,0.32499998807907104,0.297275573015213,390924000
2009-11-24,0.32350000739097595,0.3257499933242798,0.3177500069141388,0.3230000138282776,0.29544612765312195,418504000
2009-11-25,0.3267500102519989,0.33125001192092896,0.3244999945163727,0.3267500102519989,0.2988763153553009,441760000
2009-11-27,0.3149999976158142,0.32350000739097595,0.31325000524520874,0.31975001096725464,0.2924734354019165,279932000
2009-11-30,0.32100000977516174,0.3267500102519989,0.3174999952316284,0.3264999985694885,0.2986476421356201,509836000
2009-12-01,0.328249990940094,0.33675000071525574,0.3264999985694885,0.3330000042915344,0.3045929968357086,461936000
2009-12-02,0.33375000953674316,0.34375,0.3317500054836273,0.34299999475479126,0.3137401044368744,602292000
2009-12-03,0.34700000286102295,0.35324999690055847,0.3452500104904175,0.34575000405311584,0.31625545024871826,660036000
2009-12-04,0.35225000977516174,0.3580000102519989,0.3467499911785126,0.3564999997615814,0.32608839869499207,824564000
2009-12-07,0.39625000953674316,0.4112499952316284,0.3774999976158142,0.4022499918937683,0.3679357171058655,2732184000
2009-12-08,0.3957499861717224,0.39750000834465027,0.3804999887943268,0.382750004529953,0.3500990867614746,1075512000
2009-12-09,0.3867500126361847,0.39524999260902405,0.382999986410141,0.3922500014305115,0.3587888181209564,671588000
2009-12-10,0.39500001072883606,0.39750000834465027,0.3840000033378601,0.3852500021457672,0.352385938167572,417012000
2009-12-11,0.38850000500679016,0.3889999985694885,0.3792499899864197,0.3802500069141388,0.3478124439716339,416744000
2009-12-14,0.3857499957084656,0.3930000066757202,0.3815000057220459,0.3917500078678131,0.3583313822746277,405488000
2009-12-15,0.3889999985694885,0.39774999022483826,0.3880000114440918,0.39125001430511475,0.3578740656375885,446152000
2009-12-16,0.40525001287460327,0.4272499978542328,0.40299999713897705,0.42274999618530273,0.38668689131736755,1683400000
2009-12-17,0.42399999499320984,0.43700000643730164,0.41449999809265137,0.4207499921321869,0.38485750555992126,1016132000
2009-12-18,0.4242500066757202,0.4257499873638153,0.4154999852180481,0.4205000102519989,0.3846288323402405,812828000
2009-12-21,0.4230000078678131,0.4372499883174896,0.42250001430511475,0.43549999594688416,0.39834925532341003,427792000
2009-12-22,0.43549999594688416,0.4514999985694885,0.4350000023841858,0.44699999690055847,0.40886828303337097,793044000
2009-12-23,0.45124998688697815,0.4544999897480011,0.445499986410141,0.453249990940094,0.41458508372306824,442196000
2009-12-24,0.4544999897480011,0.45524999499320984,0.4505000114440918,0.45225000381469727,0.41367027163505554,136812000
2009-12-28,0.4514999985694885,0.4555000066757202,0.4404999911785126,0.4449999928474426,0.40703892707824707,465760000
2009-12-29,0.44350001215934753,0.4517500102519989,0.4424999952316284,0.4505000114440918,0.4120696783065796,475848000
2009-12-30,0.4547500014305115,0.46950000524520874,0.4514999985694885,0.46674999594688416,0.4269334375858307,704008000
2009-12-31,0.46775001287460327,0.4737499952316284,0.46650001406669617,0.46700000762939453,0.42716217041015625,700340000
2010-01-04,0.46274998784065247,0.46549999713897705,0.45274999737739563,0.4622499942779541,0.42281731963157654,800204000
2010-01-05,0.46050000190734863,0.4740000069141388,0.46050000190734863,0.4690000116825104,0.42899155616760254,728648000
2010-01-06,0.46875,0.4729999899864197,0.46424999833106995,0.47200000286102295,0.4317355751991272,649168000
2010-01-07,0.46950000524520874,0.4715000092983246,0.45925000309944153,0.46274998784065247,0.4232746958732605,547792000
2010-01-08,0.45899999141693115,0.46700000762939453,0.45625001192092896,0.4637500047683716,0.4241894781589508,478168000
2010-01-11,0.4662500023841858,0.46825000643730164,0.4507499933242798,0.4572499990463257,0.41824376583099365,556612000
2010-01-12,0.4505000114440918,0.45225000381469727,0.4322499930858612,0.4417499899864197,0.4040660262107849,627432000
2010-01-13,0.44475001096725464,0.4492500126361847,0.42750000953674316,0.4477500021457672,0.40955424308776855,508868000
2010-01-14,0.44225001335144043,0.445499986410141,0.4332500100135803,0.44075000286102295,0.4031514823436737,608524000
2010-01-15,0.4375,0.4412499964237213,0.421999990940094,0.42774999141693115,0.39126044511795044,818192000
2010-01-19,0.4244999885559082,0.43849998712539673,0.4232499897480011,0.43575000762939453,0.39857786893844604,545328000
2010-01-20,0.43024998903274536,0.43575000762939453,0.4244999885559082,0.4339999854564667,0.3969772160053253,719728000
2010-01-21,0.4337500035762787,0.4415000081062317,0.42225000262260437,0.42625001072883606,0.3898882567882538,608632000
2010-01-22,0.42124998569488525,0.42899999022483826,0.4090000092983246,0.4115000069141388,0.3763965964317322,1067916000
2010-01-25,0.4182499945163727,0.42649999260902405,0.4152500033378601,0.41850000619888306,0.3827994763851166,643676000
2010-01-26,0.4165000021457672,0.4192500114440918,0.4050000011920929,0.40525001287460327,0.3706797957420349,714636000
2010-01-27,0.4050000011920929,0.4177500009536743,0.40049999952316284,0.41624999046325684,0.3807414174079895,812504000
2010-01-28,0.4194999933242798,0.42100000381469727,0.39649999141693115,0.4022499918937683,0.3679357171058655,687764000
2010-01-29,0.40674999356269836,0.4112499952316284,0.3787499964237213,0.38475000858306885,0.35192856192588806,774700000
2010-02-01,0.38624998927116394,0.41499999165534973,0.382999986410141,0.414249986410141,0.37891197204589844,949832000
2010-02-02,0.4127500057220459,0.42375001311302185,0.4115000069141388,0.41850000619888306,0.3827994763851166,849812000
2010-02-03,0.41475000977516174,0.42375001311302185,0.4127500057220459,0.421999990940094,0.3860008418560028,562296000
2010-02-04,0.4182499945163727,0.4182499945163727,0.3930000066757202,0.39750000834465027,0.3635907769203186,783480000
2010-02-05,0.3970000147819519,0.4065000116825104,0.38999998569488525,0.40549999475479126,0.3709084391593933,604856000
2010-02-08,0.40424999594688416,0.41449999809265137,0.39675000309944153,0.4047499895095825,0.37022244930267334,445160000
2010-02-09,0.4112499952316284,0.41324999928474426,0.39750000834465027,0.40149998664855957,0.36724957823753357,930144000
2010-02-10,0.40400001406669617,0.4129999876022339,0.4012500047683716,0.4092499911785126,0.3743385672569275,535828000
2010-02-11,0.41574999690055847,0.4325000047683716,0.4127500057220459,0.42800000309944153,0.3914889991283417,695980000
2010-02-12,0.42500001192092896,0.4424999952316284,0.4202499985694885,0.4337500035762787,0.3967485725879669,780212000
2010-02-16,0.43950000405311584,0.44350001215934753,0.43424999713897705,0.4417499899864197,0.4040660262107849,457024000
2010-02-17,0.44725000858306885,0.44749999046325684,0.4332500100135803,0.44600000977516174,0.40795350074768066,876560000
2010-02-18,0.42149999737739563,0.42375001311302185,0.40525001287460327,0.4167500138282776,0.3811987638473511,1515508000
2010-02-19,0.41499999165534973,0.4194999933242798,0.4124999940395355,0.41449999809265137,0.3791406452655792,510548000
2010-02-22,0.41624999046325684,0.42250001430511475,0.4124999940395355,0.4152500033378601,0.3798265755176544,458084000
2010-02-23,0.4165000021457672,0.4182499945163727,0.4009999930858612,0.40525001287460327,0.3706797957420349,489764000
2010-02-24,0.4087499976158142,0.4177500009536743,0.4074999988079071,0.4137499928474426,0.37845465540885925,445868000
2010-02-25,0.40424999594688416,0.41100001335144043,0.39399999380111694,0.4099999964237213,0.3750245273113251,576972000
2010-02-26,0.40799999237060547,0.41100001335144043,0.4025000035762787,0.4050000011920929,0.3704509735107422,393396000
2010-03-01,0.40525001287460327,0.4232499897480011,0.4020000100135803,0.42124998569488525,0.38531479239463806,555868000
2010-03-02,0.42500001192092896,0.43024998903274536,0.4180000126361847,0.42100000381469727,0.3850862383842468,538648000
2010-03-03,0.4235000014305115,0.4257499873638153,0.41225001215934753,0.41574999690055847,0.38028398156166077,399300000
2010-03-04,0.41749998927116394,0.4207499921321869,0.4112499952316284,0.4165000021457672,0.3809700310230255,557396000
2010-03-05,0.41350001096725464,0.4322499930858612,0.41350001096725464,0.42925000190734863,0.39263251423835754,632832000
2010-03-08,0.429500013589859,0.4307500123977661,0.42124998569488525,0.4230000078678131,0.3869155943393707,439312000
2010-03-09,0.4272499978542328,0.4429999887943268,0.4269999861717224,0.4387499988079071,0.4013218283653259,830832000
2010-03-10,0.4375,0.44449999928474426,0.4372499883174896,0.43974998593330383,0.40223678946495056,418520000
2010-03-11,0.4362500011920929,0.4377500116825104,0.42800000309944153,0.429749995470047,0.39308983087539673,540660000
2010-03-12,0.4345000088214874,0.43575000762939453,0.42899999022483826,0.4312500059604645,0.3944617509841919,520352000
2010-03-15,0.4307500123977661,0.4350000023841858,0.42500001192092896,0.42899999022483826,0.3924036920070648,358904000
2010-03-16,0.42875000834465027,0.4465000033378601,0.4284999966621399,0.4440000057220459,0.406124085187912,664988000
2010-03-17,0.4465000033378601,0.4584999978542328,0.4465000033378601,0.45249998569488525,0.4138990044593811,651168000
2010-03-18,0.453249990940094,0.453249990940094,0.4325000047683716,0.43650001287460327,0.399263858795166,740964000
2010-03-19,0.4429999887943268,0.4442499876022339,0.4257499873638153,0.4312500059604645,0.3944617509841919,584612000
2010-03-22,0.4257499873638153,0.4399999976158142,0.4257499873638153,0.43825000524520874,0.40086454153060913,435336000
2010-03-23,0.4415000081062317,0.4494999945163727,0.43849998712539673,0.44725000858306885,0.409096896648407,493612000
2010-03-24,0.44350001215934753,0.44475001096725464,0.43149998784065247,0.4322499930858612,0.3953764736652374,436252000
2010-03-25,0.43849998712539673,0.4412499964237213,0.4325000047683716,0.4334999918937683,0.3965197205543518,495184000
2010-03-26,0.4372499883174896,0.4417499899864197,0.4300000071525574,0.4334999918937683,0.3965197205543518,344676000
2010-03-29,0.4362500011920929,0.4399999976158142,0.43024998903274536,0.4390000104904175,0.40155062079429626,394456000
2010-03-30,0.4440000057220459,0.44624999165534973,0.4332500100135803,0.44075000286102295,0.4031514823436737,324104000
2010-03-31,0.4390000104904175,0.4410000145435333,0.43274998664855957,0.4350000023841858,0.3978918790817261,389840000
2010-04-01,0.43700000643730164,0.44200000166893005,0.4259999990463257,0.43050000071525574,0.3937757909297943,339664000
2010-04-05,0.4332500100135803,0.4377500116825104,0.43274998664855957,0.43700000643730164,0.3997213542461395,413636000
2010-04-06,0.43149998784065247,0.4325000047683716,0.41874998807907104,0.42625001072883606,0.3898882567882538,809260000
2010-04-07,0.4235000014305115,0.4362500011920929,0.41999998688697815,0.42899999022483826,0.3924036920070648,817468000
2010-04-08,0.42625001072883606,0.429500013589859,0.41975000500679016,0.421999990940094,0.3860008418560028,1037600000
2010-04-09,0.42100000381469727,0.42625001072883606,0.41874998807907104,0.4247500002384186,0.388516366481781,817572000
2010-04-12,0.42524999380111694,0.43424999713897705,0.4244999885559082,0.4325000047683716,0.3956052362918854,546460000
2010-04-13,0.43424999713897705,0.4429999887943268,0.4325000047683716,0.4415000081062317,0.4038374125957489,648696000
2010-04-14,0.45100000500679016,0.453249990940094,0.4399999976158142,0.44699999690055847,0.40886828303337097,900720000
2010-04-15,0.44850000739097595,0.453000009059906,0.4440000057220459,0.4502499997615814,0.4118410646915436,957596000
2010-04-16,0.4320000112056732,0.4337500035762787,0.4169999957084656,0.42649999260902405,0.3901170492172241,1917736000
2010-04-19,0.4232499897480011,0.4257499873638153,0.4102500081062317,0.4244999885559082,0.38828760385513306,1094492000
2010-04-20,0.42750000953674316,0.4320000112056732,0.4205000102519989,0.4259999990463257,0.3896596431732178,678188000
2010-04-21,0.4282500147819519,0.42875000834465027,0.4099999964237213,0.41499999165534973,0.37959811091423035,895908000
2010-04-22,0.40825000405311584,0.4180000126361847,0.4025000035762787,0.4167500138282776,0.3811987638473511,656932000
2010-04-23,0.4154999852180481,0.4165000021457672,0.4037500023841858,0.41100001335144043,0.3759392499923706,752916000
2010-04-26,0.4115000069141388,0.41999998688697815,0.41075000166893005,0.41499999165534973,0.37959811091423035,491092000
2010-04-27,0.41200000047683716,0.41624999046325684,0.4020000100135803,0.4032500088214874,0.3688502907752991,606704000
2010-04-28,0.40299999713897705,0.4097500145435333,0.3957499861717224,0.40400001406669617,0.36953648924827576,672164000
2010-04-29,0.40525001287460327,0.4167500138282776,0.39925000071525574,0.41624999046325684,0.3807414174079895,987128000
2010-04-30,0.4112499952316284,0.41200000047683716,0.39250001311302185,0.39274999499320984,0.3592459559440613,1068048000
2010-05-03,0.3947499990463257,0.3970000147819519,0.3824999928474426,0.38850000500679016,0.35535866022109985,1078972000
2010-05-04,0.3824999928474426,0.38324999809265137,0.3632499873638153,0.3687500059604645,0.33729350566864014,1311376000
2010-05-05,0.36125001311302185,0.37174999713897705,0.3580000102519989,0.36250001192092896,0.3315766155719757,1330840000
2010-05-06,0.36000001430511475,0.3675000071525574,0.32600000500679016,0.35499998927116394,0.32471635937690735,1002888000
2010-05-07,0.3582499921321869,0.3582499921321869,0.33649998903274536,0.3490000069141388,0.3192282021045685,1153712000
2010-05-10,0.3700000047683716,0.37450000643730164,0.36000001430511475,0.36399999260902405,0.33294859528541565,979156000
2010-05-11,0.3605000078678131,0.367249995470047,0.35725000500679016,0.36000001430511475,0.3292897939682007,829124000
2010-05-12,0.36250001192092896,0.36899998784065247,0.36024999618530273,0.367000013589859,0.33569273352622986,901236000
2010-05-13,0.36550000309944153,0.38225001096725464,0.36274999380111694,0.36625000834465027,0.3350066542625427,1252000000
2010-05-14,0.34150001406669617,0.3425000011920929,0.3149999976158142,0.3240000009536743,0.2963608205318451,2493068000
2010-05-17,0.3244999945163727,0.32875001430511475,0.31450000405311584,0.32475000619888306,0.2970469295978546,856060000
2010-05-18,0.32749998569488525,0.3294999897480011,0.3122499883174896,0.3140000104904175,0.28721389174461365,674112000
2010-05-19,0.3125,0.31949999928474426,0.31025001406669617,0.3190000057220459,0.29178738594055176,826520000
2010-05-20,0.3097499907016754,0.3190000057220459,0.30024999380111694,0.31150001287460327,0.2849271893501282,1129136000
2010-05-21,0.30250000953674316,0.3269999921321869,0.30250000953674316,0.31825000047683716,0.2911013960838318,1069600000
2010-05-24,0.31725001335144043,0.32100000977516174,0.30799999833106995,0.3089999854564667,0.2826404571533203,664564000
2010-05-25,0.2992500066757202,0.3187499940395355,0.29624998569488525,0.31725001335144043,0.2901867628097534,966652000
2010-05-26,0.33000001311302185,0.3362500071525574,0.3177500069141388,0.3187499940395355,0.2915585935115814,995028000
2010-05-27,0.3267500102519989,0.3375000059604645,0.32600000500679016,0.3375000059604645,0.30870920419692993,713560000
2010-05-28,0.3370000123977661,0.3370000123977661,0.32350000739097595,0.32850000262260437,0.3004770576953888,545116000
2010-06-01,0.3240000009536743,0.32774999737739563,0.31424999237060547,0.31450000405311584,0.2876713275909424,527492000
2010-06-02,0.3149999976158142,0.31850001215934753,0.31299999356269836,0.3179999887943268,0.290872722864151,649088000
2010-06-03,0.31150001287460327,0.31825000047683716,0.31049999594688416,0.3174999952316284,0.2904154360294342,586360000
2010-06-04,0.3082500100135803,0.3137499988079071,0.3007499873638153,0.30250000953674316,0.2766950726509094,671456000
2010-06-07,0.30375000834465027,0.3057500123977661,0.2862499952316284,0.2874999940395355,0.26297464966773987,577248000
2010-06-08,0.2862499952316284,0.2862499952316284,0.2722499966621399,0.27950000762939453,0.25565701723098755,967636000
2010-06-09,0.2809999883174896,0.28850001096725464,0.27175000309944153,0.27274999022483826,0.24948278069496155,697152000
2010-06-10,0.2782500088214874,0.2849999964237213,0.2775000035762787,0.2837499976158142,0.2595444619655609,611768000
2010-06-11,0.28075000643730164,0.2915000021457672,0.2800000011920929,0.2902500033378601,0.2654898464679718,442104000
2010-06-14,0.2944999933242798,0.29499998688697815,0.28325000405311584,0.2840000092983246,0.25977298617362976,375080000
2010-06-15,0.28725001215934753,0.2994999885559082,0.2867499887943268,0.2980000078678131,0.2725788354873657,528632000
2010-06-16,0.29600000381469727,0.29875001311302185,0.2902500033378601,0.2942500114440918,0.26914870738983154,366480000
2010-06-17,0.304500013589859,0.3062500059604645,0.2939999997615814,0.30550000071525574,0.2794390916824341,859068000
2010-06-18,0.3072499930858612,0.3112500011920929,0.3050000071525574,0.3075000047683716,0.2812683582305908,932832000
2010-06-21,0.3140000104904175,0.31474998593330383,0.29750001430511475,0.30024999380111694,0.2746368944644928,579836000
2010-06-22,0.30399999022483826,0.30774998664855957,0.2874999940395355,0.289000004529953,0.2643466889858246,818164000
2010-06-23,0.2917500138282776,0.2952499985694885,0.28349998593330383,0.29225000739097595,0.26731929183006287,614060000
2010-06-24,0.2904999852180481,0.2919999957084656,0.27674999833106995,0.2777499854564667,0.2540562152862549,725028000
2010-06-25,0.2797499895095825,0.2800000011920929,0.27250000834465027,0.2770000100135803,0.253370076417923,507220000
2010-06-28,0.27900001406669617,0.2815000116825104,0.27250000834465027,0.2775000035762787,0.25382766127586365,372008000
2010-06-29,0.27149999141693115,0.27175000309944153,0.2602500021457672,0.2619999945163727,0.23964986205101013,660808000
2010-06-30,0.26249998807907104,0.26524999737739563,0.2552500069141388,0.2552500069141388,0.2334756702184677,623072000
2010-07-01,0.25600001215934753,0.26124998927116394,0.24824999272823334,0.25949999690055847,0.23736320436000824,737008000
2010-07-02,0.2605000138282776,0.26100000739097595,0.2475000023841858,0.2562499940395355,0.23439031839370728,737096000
2010-07-06,0.2552500069141388,0.26350000500679016,0.2512499988079071,0.2535000145435333,0.23187492787837982,712020000
2010-07-07,0.25450000166893005,0.2672500014305115,0.2540000081062317,0.265749990940094,0.2430800199508667,608412000
2010-07-08,0.26750001311302185,0.26774999499320984,0.25450000166893005,0.257750004529953,0.235762357711792,783272000
2010-07-09,0.2590000033378601,0.2605000138282776,0.2554999887943268,0.25874999165534973,0.2366771548986435,571516000
2010-07-12,0.25874999165534973,0.2667500078678131,0.25850000977516174,0.26350000500679016,0.24102191627025604,565396000
2010-07-13,0.26774999499320984,0.2747499942779541,0.26625001430511475,0.27300000190734863,0.24971149861812592,723316000
2010-07-14,0.2849999964237213,0.28700000047683716,0.27175000309944153,0.2757500112056732,0.25222688913345337,1355664000
2010-07-15,0.2759999930858612,0.2762500047683716,0.26475000381469727,0.2680000066757202,0.2451380044221878,953088000
2010-07-16,0.2680000066757202,0.26875001192092896,0.2502500116825104,0.2512499988079071,0.22981691360473633,1288604000
2010-07-19,0.25475001335144043,0.26249998807907104,0.2529999911785126,0.2615000009536743,0.23919251561164856,798440000
2010-07-20,0.25475001335144043,0.2694999873638153,0.2524999976158142,0.2680000066757202,0.2451380044221878,1160988000
2010-07-21,0.2705000042915344,0.2707499861717224,0.2567499876022339,0.2592499852180481,0.2371344268321991,624940000
2010-07-22,0.2619999945163727,0.26625001430511475,0.2605000138282776,0.26350000500679016,0.24102191627025604,462612000
2010-07-23,0.2632499933242798,0.26350000500679016,0.2565000057220459,0.2590000033378601,0.23690581321716309,817604000
2010-07-26,0.25824999809265137,0.26475000381469727,0.2542499899864197,0.26374998688697815,0.24125047028064728,683548000
2010-07-27,0.2644999921321869,0.26499998569488525,0.25824999809265137,0.2615000009536743,0.23919251561164856,683472000
2010-07-28,0.25725001096725464,0.2617500126361847,0.2524999976158142,0.25325000286102295,0.23164629936218262,1320808000
2010-07-29,0.23499999940395355,0.23999999463558197,0.22675000131130219,0.22824999690055847,0.20877888798713684,2664476000
2010-07-30,0.226500004529953,0.23375000059604645,0.22300000488758087,0.22975000739097595,0.21015092730522156,984288000
2010-08-02,0.23375000059604645,0.23475000262260437,0.22849999368190765,0.22949999570846558,0.20992231369018555,917020000
2010-08-03,0.2277500033378601,0.2280000001192093,0.22175000607967377,0.22349999845027924,0.20443414151668549,955444000
2010-08-04,0.22550000250339508,0.23375000059604645,0.22450000047683716,0.2329999953508377,0.21312378346920013,855496000
2010-08-05,0.23375000059604645,0.23649999499320984,0.22949999570846558,0.23600000143051147,0.2158677875995636,800504000
2010-08-06,0.23499999940395355,0.24124999344348907,0.2329999953508377,0.23874999582767487,0.21838317811489105,739904000
2010-08-09,0.24124999344348907,0.24150000512599945,0.23524999618530273,0.2409999966621399,0.2204412817955017,466456000
2010-08-10,0.2370000034570694,0.23749999701976776,0.23000000417232513,0.23100000619888306,0.21129433810710907,772560000
2010-08-11,0.22624999284744263,0.22624999284744263,0.2212499976158142,0.22200000286102295,0.203062042593956,796148000
2010-08-12,0.21799999475479126,0.2290000021457672,0.2162500023841858,0.2240000069141388,0.20489151775836945,1343584000
2010-08-13,0.23125000298023224,0.23800000548362732,0.23074999451637268,0.23475000262260437,0.21472440659999847,1797392000
2010-08-16,0.23149999976158142,0.23624999821186066,0.22574999928474426,0.22875000536441803,0.2092362344264984,814008000
2010-08-17,0.23100000619888306,0.23600000143051147,0.22875000536441803,0.2317499965429306,0.21198035776615143,481224000
2010-08-18,0.23100000619888306,0.23499999940395355,0.22949999570846558,0.2329999953508377,0.21312378346920013,352920000
2010-08-19,0.23549999296665192,0.24774999916553497,0.2342499941587448,0.24699999392032623,0.2259294092655182,1615100000
2010-08-20,0.24525000154972076,0.2552500069141388,0.24500000476837158,0.24924999475479126,0.22798749804496765,1305308000
2010-08-23,0.25,0.2562499940395355,0.2447499930858612,0.24549999833106995,0.22455739974975586,748620000
2010-08-24,0.23749999701976776,0.24549999833106995,0.2370000034570694,0.24300000071525574,0.222270667552948,641332000
2010-08-25,0.24025000631809235,0.25,0.23899999260902405,0.24799999594688416,0.22684408724308014,757532000
2010-08-26,0.2512499988079071,0.2540000081062317,0.24500000476837158,0.24500000476837158,0.22410008311271667,657596000
2010-08-27,0.24650000035762787,0.2549999952316284,0.24025000631809235,0.2529999911785126,0.23141759634017944,1060416000
2010-08-30,0.25,0.25200000405311584,0.2409999966621399,0.2409999966621399,0.2204412817955017,602804000
2010-08-31,0.23749999701976776,0.24500000476837158,0.23250000178813934,0.23325000703334808,0.21335239708423615,931488000
2010-09-01,0.23675000667572021,0.2397499978542328,0.23375000059604645,0.23499999940395355,0.21495312452316284,851440000
2010-09-02,0.2357500046491623,0.23999999463558197,0.23350000381469727,0.23925000429153442,0.21884050965309143,596292000
2010-09-03,0.24500000476837158,0.24824999272823334,0.24199999868869781,0.2475000023841858,0.22638674080371857,566484000
2010-09-07,0.24674999713897705,0.2554999887943268,0.2462500035762787,0.24975000321865082,0.22844481468200684,899820000
2010-09-08,0.2502500116825104,0.25975000858306885,0.2475000023841858,0.257999986410141,0.2359910011291504,1224156000
2010-09-09,0.26124998927116394,0.2615000009536743,0.2512499988079071,0.25450000166893005,0.2327895611524582,697748000
2010-09-10,0.2562499940395355,0.25699999928474426,0.24950000643730164,0.25174999237060547,0.2302742302417755,609292000
2010-09-13,0.2562499940395355,0.2692500054836273,0.2562499940395355,0.26600000262260437,0.24330860376358032,1015792000
2010-09-14,0.26374998688697815,0.2669999897480011,0.26124998927116394,0.26350000500679016,0.24102191627025604,698536000
2010-09-15,0.26100000739097595,0.2642500102519989,0.2574999928474426,0.2639999985694885,0.24147920310497284,555572000
2010-09-16,0.2605000138282776,0.26649999618530273,0.2605000138282776,0.2642500102519989,0.24170787632465363,365280000
2010-09-17,0.2667500078678131,0.2669999897480011,0.2630000114440918,0.26374998688697815,0.24125047028064728,416884000
2010-09-20,0.26374998688697815,0.26875001192092896,0.26124998927116394,0.26774999499320984,0.24490924179553986,443168000
2010-09-21,0.26625001430511475,0.2867499887943268,0.26625001430511475,0.28224998712539673,0.2581723928451538,1779624000
2010-09-22,0.28125,0.28725001215934753,0.27950000762939453,0.2847500145435333,0.2604590952396393,999996000
2010-09-23,0.2879999876022339,0.2994999885559082,0.2854999899864197,0.2904999852180481,0.26571857929229736,1240872000
2010-09-24,0.296999990940094,0.3075000047683716,0.29475000500679016,0.30649998784065247,0.28035369515419006,1086976000
2010-09-27,0.3087500035762787,0.3089999854564667,0.29600000381469727,0.30000001192092896,0.27440816164016724,999504000
2010-09-28,0.30024999380111694,0.3034999966621399,0.2939999997615814,0.2992500066757202,0.27372217178344727,723192000
2010-09-29,0.29649999737739563,0.3057500123977661,0.29374998807907104,0.296999990940094,0.2716640830039978,974904000
2010-09-30,0.3007499873638153,0.30425000190734863,0.28949999809265137,0.2919999957084656,0.2670905888080597,787632000
2010-10-01,0.29624998569488525,0.296750009059906,0.2815000116825104,0.2837499976158142,0.2595444619655609,999120000
2010-10-04,0.2809999883174896,0.28575000166893005,0.27524998784065247,0.2809999883174896,0.2570290267467499,749500000
2010-10-05,0.28700000047683716,0.2874999940395355,0.28224998712539673,0.28299999237060547,0.2588583528995514,753588000
2010-10-06,0.28299999237060547,0.2842499911785126,0.2667500078678131,0.2694999873638153,0.24650998413562775,1057604000
2010-10-07,0.2707499861717224,0.2709999978542328,0.25949999690055847,0.26750001311302185,0.2446807622909546,761488000
2010-10-08,0.26649999618530273,0.2737500071525574,0.2627499997615814,0.27149999141693115,0.24833935499191284,706932000
2010-10-11,0.27274999022483826,0.2750000059604645,0.26899999380111694,0.27024999260902405,0.2471960037946701,442680000
2010-10-12,0.2680000066757202,0.27674999833106995,0.265749990940094,0.27549999952316284,0.2519981563091278,605208000
2010-10-13,0.2800000011920929,0.2874999940395355,0.2770000100135803,0.28349998593330383,0.2593158185482025,968732000
2010-10-14,0.2837499976158142,0.2842499911785126,0.2777499854564667,0.27900001406669617,0.2551996111869812,599172000
2010-10-15,0.28349998593330383,0.2867499887943268,0.27900001406669617,0.28224998712539673,0.2581723928451538,639940000
2010-10-18,0.2824999988079071,0.2852500081062317,0.2775000035762787,0.2840000092983246,0.25977298617362976,448156000
2010-10-19,0.2777499854564667,0.2842499911785126,0.27549999952316284,0.28224998712539673,0.2581723928451538,866136000
2010-10-20,0.2824999988079071,0.28999999165534973,0.2775000035762787,0.28224998712539673,0.2581723928451538,763532000
2010-10-21,0.2824999988079071,0.28299999237060547,0.27300000190734863,0.2772499918937683,0.2535988986492157,1014428000
2010-10-22,0.27900001406669617,0.29725000262260437,0.2759999930858612,0.29499998688697815,0.2698347270488739,1322676000
2010-10-25,0.29725000262260437,0.30000001192092896,0.2944999933242798,0.29774999618530273,0.27235016226768494,673136000
2010-10-26,0.2942500114440918,0.30125001072883606,0.2917500138282776,0.296750009059906,0.2714354991912842,675248000
2010-10-27,0.2939999997615814,0.3019999861717224,0.2932499945163727,0.3009999990463257,0.27532291412353516,496796000
2010-10-28,0.3050000071525574,0.3059999942779541,0.2985000014305115,0.30125001072883606,0.27555155754089355,704448000
2010-10-29,0.3007499873638153,0.30375000834465027,0.29750001430511475,0.3005000054836273,0.2748655378818512,554664000
2010-11-01,0.30250000953674316,0.3072499930858612,0.2985000014305115,0.3009999990463257,0.27532291412353516,473920000
2010-11-02,0.3022499978542328,0.3122499883174896,0.3005000054836273,0.3072499930858612,0.28103965520858765,581036000
2010-11-03,0.30924999713897705,0.31150001287460327,0.30125001072883606,0.3095000088214874,0.28309786319732666,671748000
2010-11-04,0.3125,0.31575000286102295,0.3095000088214874,0.3100000023841858,0.28355517983436584,700016000
2010-11-05,0.3122499883174896,0.3179999887943268,0.31075000762939453,0.3152500092983246,0.2883572280406952,735116000
2010-11-08,0.3149999976158142,0.3192499876022339,0.3125,0.3165000081062317,0.28950071334838867,605156000
2010-11-09,0.3165000081062317,0.3190000057220459,0.31299999356269836,0.31474998593330383,0.28789985179901123,633964000
2010-11-10,0.31700000166893005,0.31850001215934753,0.3125,0.31850001215934753,0.29133015871047974,521016000
2010-11-11,0.3109999895095825,0.320499986410141,0.30674999952316284,0.3152500092983246,0.2883572280406952,1089980000
2010-11-12,0.32725000381469727,0.34200000762939453,0.3257499933242798,0.33149999380111694,0.3032211363315582,2142560000
2010-11-15,0.3330000042915344,0.33774998784065247,0.3267500102519989,0.32749998569488525,0.29956233501434326,733548000
2010-11-16,0.32199999690055847,0.3264999985694885,0.31725001335144043,0.3177500069141388,0.29064396023750305,739356000
2010-11-17,0.3174999952316284,0.3267500102519989,0.31450000405311584,0.3230000138282776,0.29544612765312195,551764000
2010-11-18,0.32725000381469727,0.3362500071525574,0.32725000381469727,0.3330000042915344,0.3045929968357086,993120000
2010-11-19,0.3322499990463257,0.3449999988079071,0.3317500054836273,0.34375,0.3144261837005615,716484000
2010-11-22,0.34150001406669617,0.34599998593330383,0.3384999930858612,0.3440000116825104,0.31465470790863037,462668000
2010-11-23,0.3400000035762787,0.3434999883174896,0.3334999978542328,0.335999995470047,0.30733710527420044,457832000
2010-11-24,0.3395000100135803,0.34549999237060547,0.33924999833106995,0.34424999356269836,0.31488341093063354,397784000
2010-11-26,0.3440000116825104,0.34599998593330383,0.3400000035762787,0.3400000035762787,0.3109959661960602,143104000
2010-11-29,0.3384999930858612,0.3449999988079071,0.3370000123977661,0.34375,0.3144261837005615,468192000
2010-11-30,0.3384999930858612,0.34200000762939453,0.33399999141693115,0.3402499854564667,0.31122466921806335,720936000
2010-12-01,0.34700000286102295,0.35749998688697815,0.3465000092983246,0.3552500009536743,0.32494494318962097,626536000
2010-12-02,0.3552500009536743,0.3617500066757202,0.35499998927116394,0.359499990940094,0.32883256673812866,529316000
2010-12-03,0.3577499985694885,0.3697499930858612,0.3569999933242798,0.3697499930858612,0.3382081687450409,606044000
2010-12-06,0.3709999918937683,0.37174999713897705,0.36125001311302185,0.36274999380111694,0.3318052887916565,438424000
2010-12-07,0.3712500035762787,0.38324999809265137,0.37049999833106995,0.37450000643730164,0.3425528109073639,1026812000
2010-12-08,0.37400001287460327,0.3817499876022339,0.3712500035762787,0.3777500092983246,0.34552568197250366,613252000
2010-12-09,0.3687500059604645,0.37400001287460327,0.3634999990463257,0.3714999854564667,0.33980876207351685,942408000
2010-12-10,0.3714999854564667,0.37724998593330383,0.37049999833106995,0.3737500011920929,0.3418669104576111,451900000
2010-12-13,0.3752500116825104,0.37599998712539673,0.3632499873638153,0.3642500042915344,0.3331773281097412,609108000
2010-12-14,0.3712500035762787,0.3779999911785126,0.3642500042915344,0.3647499978542328,0.33363470435142517,755160000
2010-12-15,0.36550000309944153,0.3700000047683716,0.35624998807907104,0.3567500114440918,0.32631716132164,624176000
2010-12-16,0.3605000078678131,0.36250001192092896,0.35624998807907104,0.35725000500679016,0.326774537563324,631872000
2010-12-17,0.35749998688697815,0.36125001311302185,0.35324999690055847,0.359250009059906,0.3286038935184479,593156000
2010-12-20,0.3605000078678131,0.3622500002384186,0.35749998688697815,0.3577499985694885,0.3272317945957184,344088000
2010-12-21,0.36125001311302185,0.37174999713897705,0.3610000014305115,0.37174999713897705,0.3400375247001648,466952000
2010-12-22,0.3709999918937683,0.3762499988079071,0.3675000071525574,0.37575000524520874,0.3436962962150574,477988000
2010-12-23,0.37575000524520874,0.37575000524520874,0.3714999854564667,0.37299999594688416,0.3411808907985687,273784000
2010-12-27,0.3720000088214874,0.3777500092983246,0.36524999141693115,0.375,0.3430102467536926,255500000
2010-12-28,0.375,0.3774999976158142,0.3712500035762787,0.3734999895095825,0.3416381776332855,194260000
2010-12-29,0.37325000762939453,0.3762499988079071,0.3700000047683716,0.3734999895095825,0.3416381776332855,177660000
2010-12-30,0.37299999594688416,0.37700000405311584,0.37174999713897705,0.3747499883174896,0.34278160333633423,174488000
2010-12-31,0.375,0.3855000138282776,0.37450000643730164,0.38499999046325684,0.3521571159362793,391252000
2011-01-03,0.3880000114440918,0.39925000071525574,0.38749998807907104,0.3955000042915344,0.3617614805698395,817448000
2011-01-04,0.39625000953674316,0.39800000190734863,0.3855000138282776,0.3942500054836273,0.36061808466911316,651384000
2011-01-05,0.40149998664855957,0.42500001192092896,0.39750000834465027,0.4244999885559082,0.38828760385513306,1428216000
2011-01-06,0.43549999594688416,0.48350000381469727,0.43424999713897705,0.4832499921321869,0.44202595949172974,3493312000
2011-01-07,0.4777500033378601,0.49825000762939453,0.46700000762939453,0.49674999713897705,0.454374223947525,2579984000
2011-01-10,0.48774999380111694,0.5167499780654907,0.48399999737739563,0.515749990940094,0.47175344824790955,1750348000
2011-01-11,0.5227500200271606,0.5277500152587891,0.49674999713897705,0.5077499747276306,0.464435875415802,2711088000
2011-01-12,0.5080000162124634,0.5842499732971191,0.5062500238418579,0.5837500095367432,0.5339527130126953,3431896000
2011-01-13,0.5774999856948853,0.5960000157356262,0.559499979019165,0.5847499966621399,0.5348672866821289,2695192000
2011-01-14,0.5747500061988831,0.5995000004768372,0.5712500214576721,0.5897499918937683,0.5394408106803894,1595352000
2011-01-18,0.5817499756813049,0.5857499837875366,0.5617499947547913,0.5759999752044678,0.5268638730049133,1813348000
2011-01-19,0.5762500166893005,0.5899999737739563,0.5590000152587891,0.5602499842643738,0.5124576091766357,1197896000
2011-01-20,0.5547500252723694,0.5640000104904175,0.5447499752044678,0.5607500076293945,0.5129147171974182,1111408000
2011-01-21,0.5667499899864197,0.5747500061988831,0.5544999837875366,0.5554999709129333,0.5081124305725098,739244000
2011-01-24,0.5809999704360962,0.6262500286102295,0.5745000243186951,0.6182500123977661,0.565509557723999,2056900000
2011-01-25,0.6154999732971191,0.621999979019165,0.5952500104904175,0.5992500185966492,0.5481303334236145,1086856000
2011-01-26,0.6054999828338623,0.625,0.6012499928474426,0.6134999990463257,0.5611646175384521,1074660000
2011-01-27,0.6222500205039978,0.6237499713897705,0.6000000238418579,0.6117500066757202,0.5595639944076538,657396000
2011-01-28,0.6132500171661377,0.6234999895095825,0.5799999833106995,0.593999981880188,0.5433281660079956,1094796000
2011-01-31,0.5950000286102295,0.606249988079071,0.5852500200271606,0.5979999899864197,0.5469871163368225,750160000
2011-02-01,0.6032500267028809,0.6162499785423279,0.5992500185966492,0.6117500066757202,0.5595639944076538,654104000
2011-02-02,0.6082500219345093,0.6542500257492065,0.6082500219345093,0.6395000219345093,0.584946870803833,1606616000
2011-02-03,0.640500009059906,0.640500009059906,0.6137499809265137,0.6274999976158142,0.5739704370498657,1030776000
2011-02-04,0.6362500190734863,0.6467499732971191,0.6337500214576721,0.6417499780654907,0.5870048403739929,872900000
2011-02-07,0.6330000162124634,0.6357499957084656,0.6127499938011169,0.6150000095367432,0.5625367164611816,934236000
2011-02-08,0.6157500147819519,0.6197500228881836,0.593999981880188,0.596750020980835,0.5458436608314514,1076584000
2011-02-09,0.5989999771118164,0.6050000190734863,0.5715000033378601,0.5822499990463257,0.5325806736946106,1277520000
2011-02-10,0.5692499876022339,0.5802500247955322,0.5649999976158142,0.5705000162124634,0.521833062171936,1042352000
2011-02-11,0.5684999823570251,0.6052500009536743,0.559249997138977,0.5867499709129333,0.5366966724395752,1359276000
2011-02-14,0.59375,0.612500011920929,0.5755000114440918,0.577750027179718,0.5284646153450012,1287828000
2011-02-15,0.5787500143051147,0.5807499885559082,0.5612499713897705,0.5637500286102295,0.5156587958335876,886980000
2011-02-16,0.5712500214576721,0.5927500128746033,0.5692499876022339,0.5845000147819519,0.5346385836601257,1318364000
2011-02-17,0.5680000185966492,0.6502500176429749,0.5652499794960022,0.6420000195503235,0.5872334241867065,3470096000
2011-02-18,0.6384999752044678,0.6487500071525574,0.6307500004768372,0.640749990940094,0.5860903859138489,1394412000
2011-02-22,0.6197500228881836,0.6215000152587891,0.578249990940094,0.5802500247955322,0.5307512879371643,1396648000
2011-02-23,0.5802500247955322,0.5857499837875366,0.5444999933242798,0.5527499914169312,0.5055971145629883,1491604000
2011-02-24,0.5554999709129333,0.5759999752044678,0.5515000224113464,0.5662500262260437,0.5179457068443298,1246120000
2011-02-25,0.5814999938011169,0.5874999761581421,0.5734999775886536,0.578000009059906,0.5286933779716492,775652000
2011-02-28,0.5874999761581421,0.5877500176429749,0.5534999966621399,0.5665000081062317,0.5181741714477539,903696000
2011-03-01,0.5674999952316284,0.5747500061988831,0.5412499904632568,0.5412499904632568,0.4950779974460602,988448000
2011-03-02,0.5404999852180481,0.5507500171661377,0.5062500238418579,0.518750011920929,0.4744974374771118,1718140000
2011-03-03,0.5307499766349792,0.5337499976158142,0.5059999823570251,0.5217499732971191,0.47724172472953796,1593704000
2011-03-04,0.5222499966621399,0.5274999737739563,0.5132499933242798,0.5189999938011169,0.4747264087200165,959760000
2011-03-07,0.5227500200271606,0.5245000123977661,0.4987500011920929,0.5117499828338623,0.46809470653533936,1019140000
2011-03-08,0.5172500014305115,0.5199999809265137,0.4779999852180481,0.48875001072883606,0.44705674052238464,1947184000
2011-03-09,0.4872500002384186,0.492000013589859,0.4742499887943268,0.47850000858306885,0.43768101930618286,1318976000
2011-03-10,0.4675000011920929,0.47099998593330383,0.44749999046325684,0.4480000138282776,0.4097830355167389,1722736000
2011-03-11,0.4517500102519989,0.4637500047683716,0.4415000081062317,0.45124998688697815,0.4127556085586548,1486832000
2011-03-14,0.4547500014305115,0.4662500023841858,0.44749999046325684,0.45500001311302185,0.41618582606315613,1003360000
2011-03-15,0.43274998664855957,0.4490000009536743,0.42524999380111694,0.4415000081062317,0.4038374125957489,1256280000
2011-03-16,0.4375,0.45875000953674316,0.4325000047683716,0.43825000524520874,0.40086454153060913,1476520000
2011-03-17,0.44999998807907104,0.4507499933242798,0.4300000071525574,0.4465000033378601,0.40841078758239746,1238516000
2011-03-18,0.45350000262260437,0.45500001311302185,0.4399999976158142,0.4404999911785126,0.40292271971702576,886960000
2011-03-21,0.44999998807907104,0.4544999897480011,0.43950000405311584,0.4440000057220459,0.406124085187912,751832000
2011-03-22,0.4427500069141388,0.44699999690055847,0.43424999713897705,0.4362500011920929,0.39903533458709717,718332000
2011-03-23,0.43549999594688416,0.4465000033378601,0.4259999990463257,0.445250004529953,0.4072675406932831,782396000
2011-03-24,0.4547500014305115,0.48625001311302185,0.45375001430511475,0.4807499945163727,0.4397391080856323,1780592000
2011-03-25,0.48500001430511475,0.48625001311302185,0.4650000035762787,0.4657500088214874,0.4260186553001404,1196392000
2011-03-28,0.476749986410141,0.4909999966621399,0.4724999964237213,0.4830000102519989,0.44179725646972656,1204284000
2011-03-29,0.4830000102519989,0.48475000262260437,0.4727500081062317,0.4792500138282776,0.4383670687675476,715764000
2011-03-30,0.4830000102519989,0.48500001430511475,0.45524999499320984,0.4612500071525574,0.4219026565551758,1176320000
2011-03-31,0.4620000123977661,0.46700000762939453,0.453000009059906,0.46149998903274536,0.42213138937950134,655112000
2011-04-01,0.4675000011920929,0.46799999475479126,0.44874998927116394,0.45500001311302185,0.41618582606315613,850072000
2011-04-04,0.45500001311302185,0.45625001192092896,0.43549999594688416,0.4387499988079071,0.4013218283653259,924328000
2011-04-05,0.445250004529953,0.44874998927116394,0.43849998712539673,0.43950000405311584,0.4020079970359802,821076000
2011-04-06,0.4427500069141388,0.44325000047683716,0.43274998664855957,0.43650001287460327,0.399263858795166,856984000
2011-04-07,0.4375,0.45524999499320984,0.43575000762939453,0.45249998569488525,0.4138990044593811,1021208000
2011-04-08,0.4560000002384186,0.4560000002384186,0.4375,0.4387499988079071,0.4013218283653259,746552000
2011-04-11,0.4404999911785126,0.4427500069141388,0.4282500147819519,0.43299999833106995,0.3960625231266022,546208000
2011-04-12,0.42875000834465027,0.4372499883174896,0.4207499921321869,0.43424999713897705,0.3972058594226837,840756000
2011-04-13,0.4387499988079071,0.4467499852180481,0.4332500100135803,0.4440000057220459,0.406124085187912,749588000
2011-04-14,0.4399999976158142,0.46299999952316284,0.4375,0.46274998784065247,0.4232746958732605,1254704000
2011-04-15,0.45925000309944153,0.47350001335144043,0.4569999873638153,0.46775001287460327,0.4278481900691986,969720000
2011-04-18,0.4567500054836273,0.4597499966621399,0.4449999928474426,0.45225000381469727,0.41367027163505554,743584000
2011-04-19,0.45249998569488525,0.4542500078678131,0.43825000524520874,0.4505000114440918,0.4120696783065796,659860000
2011-04-20,0.46700000762939453,0.4737499952316284,0.4567500054836273,0.46424999833106995,0.42464664578437805,650516000
2011-04-21,0.46924999356269836,0.4722500145435333,0.4620000123977661,0.46299999952316284,0.4235033094882965,421300000
2011-04-25,0.4650000035762787,0.4779999852180481,0.4647499918937683,0.4702500104904175,0.4301348328590393,619612000
2011-04-26,0.4742499887943268,0.4872500002384186,0.46950000524520874,0.48249998688697815,0.4413399398326874,676000000
2011-04-27,0.48500001430511475,0.48500001430511475,0.4724999964237213,0.48249998688697815,0.4413399398326874,450004000
2011-04-28,0.48249998688697815,0.4975000023841858,0.47699999809265137,0.48774999380111694,0.44614195823669434,684000000
2011-04-29,0.4909999966621399,0.5109999775886536,0.49024999141693115,0.5,0.45734697580337524,836000000
2011-05-02,0.5105000138282776,0.5107499957084656,0.4907500147819519,0.4932500123977661,0.451172798871994,613824000
2011-05-03,0.48750001192092896,0.48899999260902405,0.4637500047683716,0.46974998712539673,0.42967745661735535,808000000
2011-05-04,0.4712499976158142,0.476500004529953,0.45750001072883606,0.4662500023841858,0.4264761209487915,639356000
2011-05-05,0.4625000059604645,0.47200000286102295,0.45625001192092896,0.46650001406669617,0.4267047941684723,544000000
2011-05-06,0.4762499928474426,0.48750001192092896,0.4724999964237213,0.4830000102519989,0.44179725646972656,841080000
2011-05-09,0.484499990940094,0.4962500035762787,0.4832499921321869,0.4937500059604645,0.45163020491600037,706328000
2011-05-10,0.49775001406669617,0.49825000762939453,0.4894999861717224,0.4945000112056732,0.4523162543773651,690976000
2011-05-11,0.4970000088214874,0.5019999742507935,0.49000000953674316,0.49674999713897705,0.454374223947525,616000000
2011-05-12,0.4950000047683716,0.5130000114440918,0.4937500059604645,0.512499988079071,0.46878063678741455,1224000000
2011-05-13,0.47999998927116394,0.48124998807907104,0.453000009059906,0.45649999380111694,0.4175577759742737,2025192000
2011-05-16,0.45524999499320984,0.45625001192092896,0.44225001335144043,0.4424999952316284,0.40475210547447205,728188000
2011-05-17,0.4410000145435333,0.4412499964237213,0.42800000309944153,0.44075000286102295,0.4031514823436737,1420364000
2011-05-18,0.4424999952316284,0.4547500014305115,0.4410000145435333,0.45100000500679016,0.41252705454826355,658844000
2011-05-19,0.4544999897480011,0.4547500014305115,0.4377500116825104,0.44449999928474426,0.40658146142959595,650884000
2011-05-20,0.44350001215934753,0.453249990940094,0.4415000081062317,0.45225000381469727,0.41367027163505554,575820000
2011-05-23,0.44574999809265137,0.45500001311302185,0.4399999976158142,0.4517500102519989,0.41321301460266113,588000000
2011-05-24,0.45399999618530273,0.4717499911785126,0.45274999737739563,0.45350000262260437,0.414813756942749,720372000
2011-05-25,0.45124998688697815,0.4620000123977661,0.4467499852180481,0.45899999141693115,0.4198446273803711,545312000
2011-05-26,0.45899999141693115,0.47450000047683716,0.45774999260902405,0.47049999237060547,0.4303635358810425,706436000
2011-05-27,0.4724999964237213,0.4882499873638153,0.47200000286102295,0.48750001192092896,0.4459133744239807,658824000
2011-05-31,0.4970000088214874,0.5012500286102295,0.48500001430511475,0.5009999871253967,0.4582616984844208,1200716000
2011-06-01,0.4987500011920929,0.49950000643730164,0.47749999165534973,0.47850000858306885,0.43768101930618286,762208000
2011-06-02,0.4792500138282776,0.4827499985694885,0.47049999237060547,0.4762499928474426,0.43562307953834534,607592000
2011-06-03,0.47075000405311584,0.4749999940395355,0.45925000309944153,0.46149998903274536,0.42213138937950134,549300000
2011-06-06,0.460750013589859,0.4650000035762787,0.45124998688697815,0.4517500102519989,0.41321301460266113,435988000
2011-06-07,0.45524999499320984,0.45774999260902405,0.4494999945163727,0.4514999985694885,0.41298431158065796,433956000
2011-06-08,0.4492500126361847,0.4519999921321869,0.43575000762939453,0.43924999237060547,0.40177929401397705,569288000
2011-06-09,0.4390000104904175,0.4399999976158142,0.41850000619888306,0.43424999713897705,0.3972058594226837,741632000
2011-06-10,0.4350000023841858,0.4377500116825104,0.4244999885559082,0.42800000309944153,0.3914889991283417,493548000
2011-06-13,0.42800000309944153,0.4334999918937683,0.421999990940094,0.42500001192092896,0.38874495029449463,574760000
2011-06-14,0.42875000834465027,0.43799999356269836,0.4267500042915344,0.4284999966621399,0.39194628596305847,534576000
2011-06-15,0.42274999618530273,0.42524999380111694,0.4104999899864197,0.4192500114440918,0.3834855258464813,935916000
2011-06-16,0.4194999933242798,0.4259999990463257,0.3987500071525574,0.4047499895095825,0.37022244930267334,1024908000
2011-06-17,0.40950000286102295,0.4097500145435333,0.382750004529953,0.39524999260902405,0.3615327477455139,1467884000
2011-06-20,0.3917500078678131,0.4000000059604645,0.38749998807907104,0.390500009059906,0.35718798637390137,745960000
2011-06-21,0.3919999897480011,0.4020000100135803,0.3882499933242798,0.39899998903274536,0.36496296525001526,704276000
2011-06-22,0.39625000953674316,0.40149998664855957,0.39274999499320984,0.3935000002384186,0.3599321246147156,651720000
2011-06-23,0.38850000500679016,0.40799999237060547,0.38499999046325684,0.40525001287460327,0.3706797957420349,744024000
2011-06-24,0.4032500088214874,0.40674999356269836,0.39100000262260437,0.3935000002384186,0.3599321246147156,529052000
2011-06-27,0.3935000002384186,0.3959999978542328,0.3714999854564667,0.3852500021457672,0.352385938167572,1142152000
2011-06-28,0.3852500021457672,0.3919999897480011,0.3824999928474426,0.38749998807907104,0.3544439375400543,692200000
2011-06-29,0.38999998569488525,0.39750000834465027,0.3765000104904175,0.3935000002384186,0.3599321246147156,960544000
2011-06-30,0.3944999873638153,0.4027499854564667,0.38850000500679016,0.398499995470047,0.3645056486129761,652300000
2011-07-01,0.398499995470047,0.40525001287460327,0.390500009059906,0.4037500023841858,0.3693077266216278,540804000
2011-07-05,0.4032500088214874,0.40700000524520874,0.3935000002384186,0.3970000147819519,0.36313357949256897,535296000
2011-07-06,0.39675000309944153,0.39750000834465027,0.3869999945163727,0.3917500078678131,0.3583313822746277,529580000
2011-07-07,0.39375001192092896,0.3957499861717224,0.38624998927116394,0.3932499885559082,0.35970339179039,986136000
2011-07-08,0.3877499997615814,0.390500009059906,0.3824999928474426,0.3857499957084656,0.35284337401390076,619516000
2011-07-11,0.3785000145435333,0.3799999952316284,0.3712500035762787,0.3722499907016754,0.340494841337204,714388000
2011-07-12,0.37049999833106995,0.37400001287460327,0.3610000014305115,0.367249995470047,0.33592140674591064,867604000
2011-07-13,0.3722499907016754,0.3747499883174896,0.3630000054836273,0.36649999022483826,0.3352354168891907,634368000
2011-07-14,0.36800000071525574,0.37024998664855957,0.3502500057220459,0.35199999809265137,0.32197239995002747,1088996000
2011-07-15,0.3540000021457672,0.35624998807907104,0.3452500104904175,0.35249999165534973,0.32242971658706665,827736000
2011-07-18,0.34975001215934753,0.351749986410141,0.34049999713897705,0.3449999988079071,0.3155694305896759,818200000
2011-07-19,0.34599998593330383,0.35624998807907104,0.34599998593330383,0.3555000126361847,0.3251737952232361,602224000
2011-07-20,0.3567500114440918,0.35874998569488525,0.3499999940395355,0.35100001096725464,0.3210577070713043,662956000
2011-07-21,0.351500004529953,0.3700000047683716,0.3462499976158142,0.3675000071525574,0.3361501395702362,1143420000
2011-07-22,0.3707500100135803,0.3762499988079071,0.3659999966621399,0.375,0.3430102467536926,737192000
2011-07-25,0.36924999952316284,0.3707500100135803,0.36375001072883606,0.36899998784065247,0.3375219404697418,566920000
2011-07-26,0.35850000381469727,0.3675000071525574,0.35475000739097595,0.36000001430511475,0.3292897939682007,698276000
2011-07-27,0.35499998927116394,0.3567500114440918,0.34549999237060547,0.3465000092983246,0.316941499710083,652212000
2011-07-28,0.3452500104904175,0.3529999852180481,0.3397499918937683,0.34575000405311584,0.31625545024871826,648176000
2011-07-29,0.3422499895095825,0.3490000069141388,0.34049999713897705,0.34575000405311584,0.31625545024871826,677656000
2011-08-01,0.35374999046325684,0.36524999141693115,0.35074999928474426,0.3642500042915344,0.3331773281097412,1019620000
2011-08-02,0.3617500066757202,0.38449999690055847,0.3605000078678131,0.3605000078678131,0.32974714040756226,1356432000
2011-08-03,0.36125001311302185,0.3714999854564667,0.3577499985694885,0.37024998664855957,0.33866551518440247,765236000
2011-08-04,0.3634999990463257,0.3634999990463257,0.33500000834465027,0.33500000834465027,0.3064225912094116,979732000
2011-08-05,0.34275001287460327,0.34700000286102295,0.3149999976158142,0.32374998927116394,0.29613232612609863,1270588000
2011-08-08,0.30799999833106995,0.3190000057220459,0.29624998569488525,0.2982499897480011,0.27280744910240173,1084180000
2011-08-09,0.30399999022483826,0.32374998927116394,0.30000001192092896,0.3232499957084656,0.29567477107048035,1329832000
2011-08-10,0.3137499988079071,0.3227500021457672,0.30674999952316284,0.3084999918937683,0.2821831703186035,1140052000
2011-08-11,0.3084999918937683,0.3397499918937683,0.3084999918937683,0.33524999022483826,0.3066510856151581,1078792000
2011-08-12,0.3709999918937683,0.3714999854564667,0.3167499899864197,0.32199999690055847,0.2945314645767212,3195784000
2011-08-15,0.3252499997615814,0.33500000834465027,0.32350000739097595,0.33425000309944153,0.3057364821434021,864152000
2011-08-16,0.3305000066757202,0.33500000834465027,0.3187499940395355,0.32475000619888306,0.2970469295978546,716868000
2011-08-17,0.3257499933242798,0.33125001192092896,0.3160000145435333,0.320250004529953,0.29293063282966614,553328000
2011-08-18,0.3057500123977661,0.3087500035762787,0.29499998688697815,0.2985000014305115,0.27303624153137207,802564000
2011-08-19,0.29350000619888306,0.3097499907016754,0.29124999046325684,0.2932499945163727,0.2682340741157532,761332000
2011-08-22,0.30149999260902405,0.3050000071525574,0.2952499985694885,0.2985000014305115,0.27303624153137207,611876000
2011-08-23,0.3057500123977661,0.3310000002384186,0.30524998903274536,0.3307499885559082,0.3025350570678711,938312000
2011-08-24,0.33000001311302185,0.3310000002384186,0.3174999952316284,0.32600000500679016,0.29819029569625854,687500000
2011-08-25,0.31949999928474426,0.3252499997615814,0.31150001287460327,0.31200000643730164,0.28538456559181213,690968000
2011-08-26,0.31075000762939453,0.32850000262260437,0.30524998903274536,0.3252499997615814,0.297504186630249,732660000
2011-08-29,0.3345000147819519,0.33524999022483826,0.3267500102519989,0.33399999141693115,0.30550774931907654,601528000
2011-08-30,0.3317500054836273,0.34474998712539673,0.3294999897480011,0.34200000762939453,0.31282538175582886,684760000
2011-08-31,0.34450000524520874,0.3479999899864197,0.33000001311302185,0.33274999260902405,0.30436447262763977,705808000
2011-09-01,0.3372499942779541,0.34450000524520874,0.3317500054836273,0.3319999873638153,0.303678423166275,762312000
2011-09-02,0.3244999945163727,0.32899999618530273,0.320499986410141,0.3230000138282776,0.29544612765312195,471356000
2011-09-06,0.3125,0.33024999499320984,0.3095000088214874,0.3294999897480011,0.3013916611671448,696248000
2011-09-07,0.35624998807907104,0.3659999966621399,0.3465000092983246,0.35624998807907104,0.3258596956729889,1606620000
2011-09-08,0.3527500033378601,0.36125001311302185,0.3487499952316284,0.3544999957084656,0.32425904273986816,880164000
2011-09-09,0.351500004529953,0.3610000014305115,0.3440000116825104,0.34700000286102295,0.3173988461494446,869828000
2011-09-12,0.3422499895095825,0.3582499921321869,0.3422499895095825,0.3552500009536743,0.32494494318962097,916480000
2011-09-13,0.3582499921321869,0.36500000953674316,0.3527500033378601,0.3632499873638153,0.33226266503334045,853836000
2011-09-14,0.37275001406669617,0.3867500126361847,0.3725000023841858,0.38199999928474426,0.3494131565093994,1547192000
2011-09-15,0.390500009059906,0.39250001311302185,0.3840000033378601,0.38749998807907104,0.3544439375400543,752908000
2011-09-16,0.3882499933242798,0.4025000035762787,0.38449999690055847,0.3865000009536743,0.353529155254364,1391588000
2011-09-19,0.3799999952316284,0.382750004529953,0.3687500059604645,0.3785000145435333,0.34621185064315796,968204000
2011-09-20,0.38324999809265137,0.38475000858306885,0.367000013589859,0.3687500059604645,0.33729350566864014,792436000
2011-09-21,0.3707500100135803,0.37724998593330383,0.36149999499320984,0.3617500066757202,0.33089059591293335,715252000
2011-09-22,0.3474999964237213,0.3479999899864197,0.33125001192092896,0.33774998784065247,0.3089379072189331,1314632000
2011-09-23,0.335750013589859,0.3544999957084656,0.33375000953674316,0.34474998712539673,0.31534072756767273,1011440000
2011-09-26,0.3490000069141388,0.3499999940395355,0.33000001311302185,0.34549999237060547,0.31602683663368225,972124000
2011-09-27,0.3542500138282776,0.35725000500679016,0.34325000643730164,0.34599998593330383,0.31648415327072144,781388000
2011-09-28,0.3467499911785126,0.3555000126361847,0.33000001311302185,0.33550000190734863,0.3068798780441284,1236532000
2011-09-29,0.34150001406669617,0.3472500145435333,0.3187499940395355,0.32725000381469727,0.29933375120162964,866416000
2011-09-30,0.32199999690055847,0.32374998927116394,0.3122499883174896,0.3127500116825104,0.2860705852508545,677784000
2011-10-03,0.3087500035762787,0.31850001215934753,0.2952499985694885,0.2952499985694885,0.2700633704662323,949896000
2011-10-04,0.2879999876022339,0.32249999046325684,0.2867499887943268,0.32249999046325684,0.29498887062072754,1361548000
2011-10-05,0.3217499852180481,0.3370000123977661,0.3152500092983246,0.33399999141693115,0.30550774931907654,856708000
2011-10-06,0.335750013589859,0.34825000166893005,0.33524999022483826,0.3472500145435333,0.317627489566803,773192000
2011-10-07,0.3487499952316284,0.35899999737739563,0.34150001406669617,0.35374999046325684,0.3235730826854706,806976000
2011-10-10,0.35975000262260437,0.3695000112056732,0.35899999737739563,0.3695000112056732,0.33797937631607056,534376000
2011-10-11,0.36649999022483826,0.3725000023841858,0.3642500042915344,0.36550000309944153,0.33432072401046753,816080000
2011-10-12,0.3725000023841858,0.37275001406669617,0.36500000953674316,0.36524999141693115,0.3340919613838196,612064000
2011-10-13,0.3634999990463257,0.38725000619888306,0.36250001192092896,0.3865000009536743,0.353529155254364,854832000
2011-10-14,0.3932499885559082,0.3972499966621399,0.38350000977516174,0.3930000066757202,0.35947489738464355,702452000
2011-10-17,0.38850000500679016,0.38850000500679016,0.3714999854564667,0.3734999895095825,0.3416381776332855,611780000
2011-10-18,0.3714999854564667,0.3880000114440918,0.36924999952316284,0.3869999945163727,0.353986531496048,590916000
2011-10-19,0.38749998807907104,0.3942500054836273,0.37825000286102295,0.3792499899864197,0.346897691488266,557568000
2011-10-20,0.36899998784065247,0.37049999833106995,0.34599998593330383,0.36024999618530273,0.32951855659484863,990308000
2011-10-21,0.3647499978542328,0.3707500100135803,0.35600000619888306,0.3619999885559082,0.33111926913261414,628428000
2011-10-24,0.3634999990463257,0.3812499940395355,0.36274999380111694,0.37549999356269836,0.3434675633907318,535256000
2011-10-25,0.37024998664855957,0.37325000762939453,0.3605000078678131,0.36125001311302185,0.3304332196712494,577996000
2011-10-26,0.3682500123977661,0.37024998664855957,0.35499998927116394,0.36550000309944153,0.33432072401046753,503116000
2011-10-27,0.3790000081062317,0.38499999046325684,0.37049999833106995,0.3812499940395355,0.34872713685035706,577732000
2011-10-28,0.3779999911785126,0.3935000002384186,0.37700000405311584,0.38999998569488525,0.3567306101322174,490156000
2011-10-31,0.3774999976158142,0.37975001335144043,0.3700000047683716,0.3700000047683716,0.3384367823600769,519984000
2011-11-01,0.3564999997615814,0.35749998688697815,0.3479999899864197,0.351500004529953,0.32151493430137634,790824000
2011-11-02,0.35499998927116394,0.3567500114440918,0.3382500112056732,0.34549999237060547,0.31602683663368225,961608000
2011-11-03,0.3492499887943268,0.367000013589859,0.3400000035762787,0.36625000834465027,0.3350066542625427,749372000
2011-11-04,0.3630000054836273,0.37174999713897705,0.35725000500679016,0.37049999833106995,0.3388941287994385,654840000
2011-11-07,0.36774998903274536,0.37400001287460327,0.36000001430511475,0.3684999942779541,0.3370647430419922,613536000
2011-11-08,0.37325000762939453,0.3792499899864197,0.367249995470047,0.37700000405311584,0.3448396325111389,549728000
2011-11-09,0.3682500123977661,0.37299999594688416,0.3564999997615814,0.3580000102519989,0.3274604380130768,532244000
2011-11-10,0.36675000190734863,0.37049999833106995,0.3527500033378601,0.3617500066757202,0.33089059591293335,990484000
2011-11-11,0.3720000088214874,0.3774999976158142,0.351749986410141,0.37450000643730164,0.3425528109073639,1751560000
2011-11-14,0.37450000643730164,0.37825000286102295,0.36625000834465027,0.367249995470047,0.33592140674591064,500292000
2011-11-15,0.36375001072883606,0.3747499883174896,0.36274999380111694,0.3720000088214874,0.3402661383152008,505660000
2011-11-16,0.36500000953674316,0.3747499883174896,0.3632499873638153,0.3644999861717224,0.33340588212013245,512420000
2011-11-17,0.36375001072883606,0.3647499978542328,0.3449999988079071,0.351500004529953,0.32151493430137634,657504000
2011-11-18,0.35350000858306885,0.35350000858306885,0.34450000524520874,0.34825000166893005,0.3185422420501709,501352000
2011-11-21,0.34275001287460327,0.36924999952316284,0.3375000059604645,0.3657500147819519,0.3345493674278259,1330788000
2011-11-22,0.3697499930858612,0.3790000081062317,0.36774998903274536,0.37700000405311584,0.3448396325111389,1287480000
2011-11-23,0.37299999594688416,0.37575000524520874,0.3607499897480011,0.3610000014305115,0.3302046060562134,825340000
2011-11-25,0.35624998807907104,0.3644999861717224,0.3499999940395355,0.35100001096725464,0.3210577070713043,406620000
2011-11-28,0.36250001192092896,0.3762499988079071,0.36250001192092896,0.3707500100135803,0.33912286162376404,690616000
2011-11-29,0.37024998664855957,0.3774999976158142,0.36675000190734863,0.37275001406669617,0.3409522473812103,623440000
2011-11-30,0.3840000033378601,0.3917500078678131,0.38075000047683716,0.390749990940094,0.3574167490005493,730324000
2011-12-01,0.38749998807907104,0.39649999141693115,0.3857499957084656,0.3955000042915344,0.3617614805698395,529760000
2011-12-02,0.3997499942779541,0.4012500047683716,0.3892500102519989,0.3930000066757202,0.35947489738464355,546464000
2011-12-05,0.3995000123977661,0.4000000059604645,0.38374999165534973,0.3869999945163727,0.353986531496048,644696000
2011-12-06,0.3892500102519989,0.38999998569488525,0.3774999976158142,0.3815000057220459,0.3489556908607483,573832000
2011-12-07,0.3790000081062317,0.38199999928474426,0.3712500035762787,0.3792499899864197,0.346897691488266,510016000
2011-12-08,0.37549999356269836,0.3817499876022339,0.3659999966621399,0.367249995470047,0.33592140674591064,491488000
2011-12-09,0.3644999861717224,0.37549999356269836,0.359499990940094,0.3725000023841858,0.34072351455688477,555840000
2011-12-12,0.3644999861717224,0.3659999966621399,0.3564999997615814,0.3632499873638153,0.33226266503334045,573208000
2011-12-13,0.36800000071525574,0.3725000023841858,0.35100001096725464,0.35324999690055847,0.32311564683914185,516596000
2011-12-14,0.3502500057220459,0.35225000977516174,0.335750013589859,0.3395000100135803,0.31053873896598816,636020000
2011-12-15,0.3452500104904175,0.3474999964237213,0.335750013589859,0.33649998903274536,0.3077944815158844,435148000
2011-12-16,0.33924999833106995,0.34575000405311584,0.3362500071525574,0.33774998784065247,0.3089379072189331,619116000
2011-12-19,0.33924999833106995,0.34325000643730164,0.32774999737739563,0.32899999618530273,0.3009343445301056,463276000
2011-12-20,0.33649998903274536,0.3487499952316284,0.33649998903274536,0.3474999964237213,0.317856103181839,445208000
2011-12-21,0.34549999237060547,0.3492499887943268,0.3362500071525574,0.34299999475479126,0.3137401044368744,548424000
2011-12-22,0.3440000116825104,0.35874998569488525,0.3440000116825104,0.3577499985694885,0.3272317945957184,576560000
2011-12-23,0.359499990940094,0.36000001430511475,0.3512499928474426,0.3542500138282776,0.32403039932250977,248948000
2011-12-27,0.3527500033378601,0.3569999933242798,0.3504999876022339,0.351500004529953,0.32151493430137634,195712000
2011-12-28,0.351500004529953,0.35225000977516174,0.3425000011920929,0.34275001287460327,0.3135114312171936,233960000
2011-12-29,0.3462499976158142,0.3499999940395355,0.3412500023841858,0.3492499887943268,0.31945693492889404,211112000
2011-12-30,0.3479999899864197,0.351749986410141,0.34599998593330383,0.3465000092983246,0.316941499710083,186956000
2012-01-03,0.35749998688697815,0.36000001430511475,0.3502500057220459,0.35100001096725464,0.3210577070713043,468044000
2012-01-04,0.3512499928474426,0.3564999997615814,0.3479999899864197,0.35499998927116394,0.32471635937690735,347372000
2012-01-05,0.35324999690055847,0.3695000112056732,0.351749986410141,0.36774998903274536,0.33637866377830505,563548000
2012-01-06,0.3675000071525574,0.36774998903274536,0.359250009059906,0.3634999990463257,0.3324912190437317,533252000
2012-01-09,0.36375001072883606,0.37049999833106995,0.3610000014305115,0.3634999990463257,0.3324912190437317,508244000
2012-01-10,0.36899998784065247,0.36924999952316284,0.359499990940094,0.3619999885559082,0.33111926913261414,546328000
2012-01-11,0.35874998569488525,0.3619999885559082,0.35324999690055847,0.35475000739097595,0.32448768615722656,484272000
2012-01-12,0.3555000126361847,0.3557499945163727,0.34474998712539673,0.35249999165534973,0.32242971658706665,652364000
2012-01-13,0.3499999940395355,0.35074999928474426,0.34150001406669617,0.34325000643730164,0.3139687478542328,504300000
2012-01-17,0.34850001335144043,0.34850001335144043,0.3375000059604645,0.33799999952316284,0.3091665208339691,627176000
2012-01-18,0.34450000524520874,0.35225000977516174,0.34275001287460327,0.34950000047683716,0.31968554854393005,632676000
2012-01-19,0.35249999165534973,0.359250009059906,0.3487499952316284,0.35874998569488525,0.3281465768814087,608312000
2012-01-20,0.3582499921321869,0.36250001192092896,0.3542500138282776,0.3555000126361847,0.3251737952232361,546272000
2012-01-23,0.3557499945163727,0.36550000309944153,0.3512499928474426,0.36524999141693115,0.3340919613838196,562792000
2012-01-24,0.36274999380111694,0.375,0.36250001192092896,0.3734999895095825,0.3416381776332855,730920000
2012-01-25,0.3634999990463257,0.3722499907016754,0.3529999852180481,0.3712500035762787,0.33958008885383606,1274152000
2012-01-26,0.37674999237060547,0.38100001215934753,0.3657500147819519,0.36774998903274536,0.33637866377830505,799672000
2012-01-27,0.36550000309944153,0.3747499883174896,0.36250001192092896,0.37275001406669617,0.3409522473812103,449996000
2012-01-30,0.36625000834465027,0.37174999713897705,0.3607499897480011,0.3700000047683716,0.3384367823600769,399076000
2012-01-31,0.3709999918937683,0.3712500035762787,0.36274999380111694,0.36924999952316284,0.33775076270103455,357900000
2012-02-01,0.3734999895095825,0.3774999976158142,0.3682500123977661,0.37325000762939453,0.3414095640182495,428020000
2012-02-02,0.3752500116825104,0.38874998688697815,0.3714999854564667,0.38725000619888306,0.35421520471572876,696236000
2012-02-03,0.3930000066757202,0.3987500071525574,0.3922500014305115,0.3955000042915344,0.3617614805698395,495232000
2012-02-06,0.3935000002384186,0.39399999380111694,0.3889999985694885,0.39250001311302185,0.35901737213134766,278868000
2012-02-07,0.3930000066757202,0.3957499861717224,0.3865000009536743,0.3935000002384186,0.3599321246147156,410296000
2012-02-08,0.3935000002384186,0.4154999852180481,0.39149999618530273,0.4077500104904175,0.3729665279388428,847612000
2012-02-09,0.4127500057220459,0.41499999165534973,0.40674999356269836,0.4074999988079071,0.37273770570755005,561944000
2012-02-10,0.4034999907016754,0.4050000011920929,0.39524999260902405,0.39750000834465027,0.3635907769203186,440268000
2012-02-13,0.4074999988079071,0.4090000092983246,0.3955000042915344,0.4037500023841858,0.3693077266216278,610668000
2012-02-14,0.4037500023841858,0.40950000286102295,0.40024998784065247,0.4059999883174896,0.37136581540107727,453756000
2012-02-15,0.4097500145435333,0.42250001430511475,0.4032500088214874,0.40424999594688416,0.3697649836540222,1110856000
2012-02-16,0.3765000104904175,0.41449999809265137,0.375,0.4112499952316284,0.3761678636074066,1888588000
2012-02-17,0.4115000069141388,0.414249986410141,0.39250001311302185,0.39625000953674316,0.3624475598335266,1020360000
2012-02-21,0.3959999978542328,0.40799999237060547,0.39524999260902405,0.398250013589859,0.3642768859863281,518176000
2012-02-22,0.39625000953674316,0.4059999883174896,0.39500001072883606,0.3955000042915344,0.3617614805698395,492432000
2012-02-23,0.39625000953674316,0.4000000059604645,0.38999998569488525,0.39774999022483826,0.3638194799423218,323968000
2012-02-24,0.39899998903274536,0.3995000123977661,0.3930000066757202,0.3947499990463257,0.3610752820968628,366668000
2012-02-27,0.38975000381469727,0.39149999618530273,0.3812499940395355,0.3867500126361847,0.35375794768333435,745268000
2012-02-28,0.3867500126361847,0.39125001430511475,0.3792499899864197,0.38324999809265137,0.35055646300315857,699884000
2012-02-29,0.38449999690055847,0.39100000262260437,0.3785000145435333,0.3787499964237213,0.34644046425819397,689196000
2012-03-01,0.3802500069141388,0.3857499957084656,0.3787499964237213,0.3812499940395355,0.34872713685035706,449944000
2012-03-02,0.3799999952316284,0.38999998569488525,0.3799999952316284,0.38449999690055847,0.3516997992992401,684076000
2012-03-05,0.3817499876022339,0.3824999928474426,0.3687500059604645,0.3714999854564667,0.33980876207351685,514848000
2012-03-06,0.367249995470047,0.37024998664855957,0.36149999499320984,0.36800000071525574,0.336607426404953,471400000
2012-03-07,0.3700000047683716,0.37174999713897705,0.36500000953674316,0.37024998664855957,0.33866551518440247,441984000
2012-03-08,0.3712500035762787,0.3752500116825104,0.36924999952316284,0.3714999854564667,0.33980876207351685,430852000
2012-03-09,0.3725000023841858,0.3752500116825104,0.3684999942779541,0.37049999833106995,0.3388941287994385,367836000
2012-03-12,0.3720000088214874,0.37450000643730164,0.36375001072883606,0.3647499978542328,0.33363470435142517,299948000
2012-03-13,0.36625000834465027,0.37174999713897705,0.3644999861717224,0.3697499930858612,0.3382081687450409,553288000
2012-03-14,0.3697499930858612,0.37049999833106995,0.3580000102519989,0.359250009059906,0.3286038935184479,735708000
2012-03-15,0.36024999618530273,0.36649999022483826,0.35899999737739563,0.3644999861717224,0.33340588212013245,382380000
2012-03-16,0.3647499978542328,0.36649999022483826,0.36274999380111694,0.36500000953674316,0.3338632881641388,428340000
2012-03-19,0.367000013589859,0.3687500059604645,0.3642500042915344,0.3659999966621399,0.3347780108451843,405400000
2012-03-20,0.36399999260902405,0.36399999260902405,0.3567500114440918,0.36000001430511475,0.3292897939682007,449616000
2012-03-21,0.36000001430511475,0.3647499978542328,0.35600000619888306,0.36149999499320984,0.33066174387931824,467840000
2012-03-22,0.35874998569488525,0.36399999260902405,0.3577499985694885,0.3610000014305115,0.3302046060562134,425372000
2012-03-23,0.36000001430511475,0.3647499978542328,0.35749998688697815,0.36375001072883606,0.33271992206573486,315456000
2012-03-26,0.367249995470047,0.3697499930858612,0.36375001072883606,0.36800000071525574,0.336607426404953,288600000
2012-03-27,0.3695000112056732,0.375,0.3687500059604645,0.37049999833106995,0.3388941287994385,419968000
2012-03-28,0.3752500116825104,0.3840000033378601,0.3725000023841858,0.3790000081062317,0.34666907787323,892448000
2012-03-29,0.3785000145435333,0.38374999165534973,0.3737500011920929,0.38075000047683716,0.34826982021331787,372700000
2012-03-30,0.3840000033378601,0.38725000619888306,0.3785000145435333,0.38499999046325684,0.3521571159362793,527240000
2012-04-02,0.3840000033378601,0.38725000619888306,0.3777500092983246,0.38324999809265137,0.35055646300315857,407776000
2012-04-03,0.38600000739097595,0.3865000009536743,0.375,0.37700000405311584,0.3448396325111389,430476000
2012-04-04,0.3712500035762787,0.37599998712539673,0.36399999260902405,0.36625000834465027,0.3350066542625427,495896000
2012-04-05,0.36675000190734863,0.3712500035762787,0.3644999861717224,0.3657500147819519,0.3345493674278259,369424000
2012-04-09,0.36000001430511475,0.3622500002384186,0.3540000021457672,0.3610000014305115,0.3302046060562134,365504000
2012-04-10,0.359499990940094,0.3644999861717224,0.35225000977516174,0.3540000021457672,0.3238016963005066,470360000
2012-04-11,0.35874998569488525,0.36625000834465027,0.35749998688697815,0.35850000381469727,0.32791781425476074,372960000
2012-04-12,0.35899999737739563,0.36899998784065247,0.35749998688697815,0.367000013589859,0.33569273352622986,384868000
2012-04-13,0.36375001072883606,0.3657500147819519,0.35374999046325684,0.3540000021457672,0.3238016963005066,311324000
2012-04-16,0.3564999997615814,0.35749998688697815,0.3440000116825104,0.34975001215934753,0.31991419196128845,463468000
2012-04-17,0.35074999928474426,0.35499998927116394,0.3492499887943268,0.3504999876022339,0.3206002712249756,460696000
2012-04-18,0.34825000166893005,0.3499999940395355,0.3425000011920929,0.3467499911785126,0.31717023253440857,400764000
2012-04-19,0.3422499895095825,0.3552500009536743,0.3397499918937683,0.34150001406669617,0.3123680055141449,667188000
2012-04-20,0.3434999883174896,0.34450000524520874,0.33399999141693115,0.3347499966621399,0.30619382858276367,509592000
2012-04-23,0.32899999618530273,0.3322499990463257,0.3227500021457672,0.3307499885559082,0.3025350570678711,706244000
2012-04-24,0.3317500054836273,0.3345000147819519,0.3187499940395355,0.320499986410141,0.2931593656539917,730440000
2012-04-25,0.3252499997615814,0.3294999897480011,0.3192499876022339,0.3269999921321869,0.2991048991680145,727112000
2012-04-26,0.3267500102519989,0.33000001311302185,0.3244999945163727,0.32725000381469727,0.29933375120162964,539208000
2012-04-27,0.3267500102519989,0.32875001430511475,0.32100000977516174,0.3244999945163727,0.29681819677352905,475356000
2012-04-30,0.3227500021457672,0.3267500102519989,0.320499986410141,0.32499998807907104,0.297275573015213,262268000
2012-05-01,0.3232499957084656,0.33425000309944153,0.3232499957084656,0.3307499885559082,0.3025350570678711,408680000
2012-05-02,0.3294999897480011,0.3307499885559082,0.31949999928474426,0.32124999165534973,0.29384544491767883,684008000
2012-05-03,0.32199999690055847,0.3240000009536743,0.3137499988079071,0.31575000286102295,0.2888147830963135,419536000
2012-05-04,0.3137499988079071,0.3154999911785126,0.30649998784065247,0.30649998784065247,0.28035369515419006,545092000
2012-05-07,0.31200000643730164,0.31725001335144043,0.30924999713897705,0.31174999475479126,0.2851558029651642,604440000
2012-05-08,0.3089999854564667,0.31349998712539673,0.3034999966621399,0.31150001287460327,0.2849271893501282,462312000
2012-05-09,0.3059999942779541,0.3152500092983246,0.30300000309944153,0.3127500116825104,0.2860705852508545,520608000
2012-05-10,0.31575000286102295,0.3162499964237213,0.30550000071525574,0.31049999594688416,0.2840125560760498,597092000
2012-05-11,0.3362500071525574,0.34200000762939453,0.32899999618530273,0.33024999499320984,0.30207762122154236,1435140000
2012-05-14,0.32749998569488525,0.3332499861717224,0.32074999809265137,0.328249990940094,0.30024829506874084,437472000
2012-05-15,0.328249990940094,0.33550000190734863,0.32350000739097595,0.32499998807907104,0.297275573015213,599940000
2012-05-16,0.3255000114440918,0.3292500078678131,0.3174999952316284,0.31850001215934753,0.29133015871047974,470484000
2012-05-17,0.31975001096725464,0.3227500021457672,0.3162499964237213,0.3162499964237213,0.2892720103263855,335364000
2012-05-18,0.31700000166893005,0.31850001215934753,0.3005000054836273,0.3019999861717224,0.2762377858161926,567288000
2012-05-21,0.30250000953674316,0.3087500035762787,0.3005000054836273,0.3072499930858612,0.28103965520858765,416260000
2012-05-22,0.3070000112056732,0.3075000047683716,0.29899999499320984,0.3034999966621399,0.277609646320343,410140000
2012-05-23,0.30024999380111694,0.31150001287460327,0.2957499921321869,0.3109999895095825,0.284469872713089,496000000
2012-05-24,0.3127500116825104,0.31325000524520874,0.3005000054836273,0.30274999141693115,0.27692365646362305,520420000
2012-05-25,0.30250000953674316,0.3125,0.30250000953674316,0.3100000023841858,0.28355517983436584,391752000
2012-05-29,0.3149999976158142,0.3199999928474426,0.3137499988079071,0.3179999887943268,0.290872722864151,310000000
2012-05-30,0.31450000405311584,0.3167499899864197,0.3087500035762787,0.31424999237060547,0.2874424457550049,379792000
2012-05-31,0.31424999237060547,0.3154999911785126,0.30674999952316284,0.31075000762939453,0.2842411398887634,358192000
2012-06-01,0.30425000190734863,0.3072499930858612,0.29899999499320984,0.2994999885559082,0.27395084500312805,440984000
2012-06-04,0.3009999990463257,0.30274999141693115,0.29074999690055847,0.2932499945163727,0.2682340741157532,432856000
2012-06-05,0.2917500138282776,0.30250000953674316,0.2917500138282776,0.3017500042915344,0.27600905299186707,365224000
2012-06-06,0.30399999022483826,0.31049999594688416,0.3017500042915344,0.3097499907016754,0.28332650661468506,368968000
2012-06-07,0.31424999237060547,0.3160000145435333,0.296999990940094,0.29725000262260437,0.2718927562236786,526780000
2012-06-08,0.2982499897480011,0.30399999022483826,0.29774999618530273,0.30300000309944153,0.27715229988098145,370308000
2012-06-11,0.3127500116825104,0.31825000047683716,0.3057500123977661,0.30649998784065247,0.28035369515419006,839080000
2012-06-12,0.3100000023841858,0.31575000286102295,0.3095000088214874,0.3127500116825104,0.2860705852508545,496128000
2012-06-13,0.3125,0.31325000524520874,0.30300000309944153,0.304500013589859,0.2785242795944214,494276000
2012-06-14,0.30399999022483826,0.30649998784065247,0.29774999618530273,0.3007499873638153,0.27509427070617676,589884000
2012-06-15,0.30300000309944153,0.3075000047683716,0.30024999380111694,0.3072499930858612,0.28103965520858765,385288000
2012-06-18,0.3050000071525574,0.3125,0.30250000953674316,0.3100000023841858,0.28355517983436584,304424000
2012-06-19,0.3227500021457672,0.335750013589859,0.32124999165534973,0.3310000002384186,0.3027636408805847,960476000
2012-06-20,0.33425000309944153,0.3425000011920929,0.3322499990463257,0.3362500071525574,0.30756592750549316,972720000
2012-06-21,0.335999995470047,0.335999995470047,0.320250004529953,0.32100000977516174,0.29361671209335327,516376000
2012-06-22,0.32499998807907104,0.32875001430511475,0.320499986410141,0.32499998807907104,0.297275573015213,865360000
2012-06-25,0.3252499997615814,0.32624998688697815,0.31349998712539673,0.31474998593330383,0.28789985179901123,494616000
2012-06-26,0.3165000081062317,0.320499986410141,0.31200000643730164,0.31825000047683716,0.2911013960838318,437152000
2012-06-27,0.31850001215934753,0.3307499885559082,0.31850001215934753,0.32850000262260437,0.3004770576953888,506064000
2012-06-28,0.3255000114440918,0.3330000042915344,0.3227500021457672,0.3310000002384186,0.3027636408805847,545896000
2012-06-29,0.3387500047683716,0.3462499976158142,0.3384999930858612,0.34549999237060547,0.31602683663368225,616508000
2012-07-02,0.3472500145435333,0.3474999964237213,0.3334999978542328,0.3362500071525574,0.30756592750549316,581684000
2012-07-03,0.3362500071525574,0.34575000405311584,0.335999995470047,0.3449999988079071,0.3155694305896759,219284000
2012-07-05,0.34275001287460327,0.34424999356269836,0.3362500071525574,0.34150001406669617,0.3123680055141449,280076000
2012-07-06,0.33899998664855957,0.3400000035762787,0.33125001192092896,0.33500000834465027,0.3064225912094116,382760000
2012-07-09,0.3330000042915344,0.3345000147819519,0.32774999737739563,0.3305000066757202,0.3023063838481903,306336000
2012-07-10,0.3269999921321869,0.33675000071525574,0.3179999887943268,0.320499986410141,0.2931593656539917,512028000
2012-07-11,0.3215000033378601,0.3255000114440918,0.3137499988079071,0.3152500092983246,0.2883572280406952,485216000
2012-07-12,0.31174999475479126,0.3122499883174896,0.3072499930858612,0.3100000023841858,0.28355517983436584,472160000
2012-07-13,0.31025001406669617,0.3154999911785126,0.3082500100135803,0.3140000104904175,0.28721389174461365,324260000
2012-07-16,0.31200000643730164,0.3174999952316284,0.3089999854564667,0.3149999976158142,0.2881285846233368,334460000
2012-07-17,0.3160000145435333,0.3177500069141388,0.30399999022483826,0.30924999713897705,0.2828691601753235,447476000
2012-07-18,0.3084999918937683,0.3310000002384186,0.3070000112056732,0.3264999985694885,0.2986476421356201,616008000
2012-07-19,0.32875001430511475,0.33399999141693115,0.3264999985694885,0.3297500014305115,0.30162036418914795,403036000
2012-07-20,0.32774999737739563,0.33000001311302185,0.3167499899864197,0.320250004529953,0.29293063282966614,451000000
2012-07-23,0.31174999475479126,0.3267500102519989,0.3082500100135803,0.3244999945163727,0.29681819677352905,451584000
2012-07-24,0.32499998807907104,0.3269999921321869,0.31725001335144043,0.32100000977516174,0.29361671209335327,351164000
2012-07-25,0.3199999928474426,0.3305000066757202,0.31850001215934753,0.32725000381469727,0.29933375120162964,415044000
2012-07-26,0.3332499861717224,0.3370000123977661,0.32624998688697815,0.32875001430511475,0.3007057309150696,338440000
2012-07-27,0.33000001311302185,0.33799999952316284,0.32749998569488525,0.3370000123977661,0.3082517981529236,376516000
2012-07-30,0.3370000123977661,0.3412500023841858,0.3305000066757202,0.3332499861717224,0.3048217296600342,363552000
2012-07-31,0.3332499861717224,0.34325000643730164,0.33274999260902405,0.3384999930858612,0.30962395668029785,387788000
2012-08-01,0.34049999713897705,0.34375,0.3332499861717224,0.3347499966621399,0.30619382858276367,335912000
2012-08-02,0.3330000042915344,0.3409999907016754,0.32749998569488525,0.335999995470047,0.30733710527420044,367912000
2012-08-03,0.3412500023841858,0.3465000092983246,0.3332499861717224,0.34299999475479126,0.3137401044368744,326548000
2012-08-06,0.3462499976158142,0.35199999809265137,0.34575000405311584,0.3502500057220459,0.3203715980052948,360324000
2012-08-07,0.3544999957084656,0.35749998688697815,0.351749986410141,0.35374999046325684,0.3235730826854706,407340000
2012-08-08,0.35350000858306885,0.359499990940094,0.35249999165534973,0.3557499945163727,0.32540249824523926,517064000
2012-08-09,0.35624998807907104,0.3684999942779541,0.3557499945163727,0.36774998903274536,0.33637866377830505,822300000
2012-08-10,0.3774999976158142,0.3804999887943268,0.3607499897480011,0.36550000309944153,0.33432072401046753,1278744000
2012-08-13,0.3659999966621399,0.37049999833106995,0.3644999861717224,0.37024998664855957,0.33866551518440247,447244000
2012-08-14,0.3714999854564667,0.3720000088214874,0.3632499873638153,0.3647499978542328,0.33363470435142517,388828000
2012-08-15,0.3659999966621399,0.36899998784065247,0.36024999618530273,0.3619999885559082,0.33111926913261414,594404000
2012-08-16,0.36524999141693115,0.3707500100135803,0.36399999260902405,0.3695000112056732,0.33797937631607056,371008000
2012-08-17,0.3695000112056732,0.3695000112056732,0.3630000054836273,0.36625000834465027,0.3350066542625427,309864000
2012-08-20,0.36500000953674316,0.36675000190734863,0.3607499897480011,0.36625000834465027,0.3350066542625427,314392000
2012-08-21,0.3675000071525574,0.3697499930858612,0.36149999499320984,0.36524999141693115,0.3340919613838196,340248000
2012-08-22,0.3630000054836273,0.3675000071525574,0.3617500066757202,0.3659999966621399,0.3347780108451843,313556000
2012-08-23,0.36524999141693115,0.36550000309944153,0.35624998807907104,0.3577499985694885,0.3272317945957184,379040000
2012-08-24,0.3577499985694885,0.36675000190734863,0.3569999933242798,0.36500000953674316,0.3338632881641388,347724000
2012-08-27,0.3647499978542328,0.3657500147819519,0.35850000381469727,0.35874998569488525,0.3281465768814087,340944000
2012-08-28,0.35600000619888306,0.3607499897480011,0.3552500009536743,0.35725000500679016,0.326774537563324,310764000
2012-08-29,0.3569999933242798,0.36024999618530273,0.35624998807907104,0.3580000102519989,0.3274604380130768,250412000
2012-08-30,0.35725000500679016,0.35850000381469727,0.34950000047683716,0.3512499928474426,0.32128629088401794,307488000
2012-08-31,0.35374999046325684,0.35624998807907104,0.3472500145435333,0.35074999928474426,0.3208288848400116,485064000
2012-09-04,0.3449999988079071,0.3462499976158142,0.32875001430511475,0.3319999873638153,0.303678423166275,694452000
2012-09-05,0.3332499861717224,0.33799999952316284,0.3294999897480011,0.3330000042915344,0.3045929968357086,480256000
2012-09-06,0.33550000190734863,0.35225000977516174,0.33524999022483826,0.34325000643730164,0.3139687478542328,657296000
2012-09-07,0.3345000147819519,0.3372499942779541,0.32374998927116394,0.33500000834465027,0.3064225912094116,781064000
2012-09-10,0.33425000309944153,0.33899998664855957,0.33125001192092896,0.3319999873638153,0.303678423166275,371108000
2012-09-11,0.3317500054836273,0.3412500023841858,0.3305000066757202,0.335999995470047,0.30733710527420044,382808000
2012-09-12,0.3387500047683716,0.34150001406669617,0.33550000190734863,0.3397499918937683,0.31076735258102417,322608000
2012-09-13,0.34275001287460327,0.3440000116825104,0.33550000190734863,0.34200000762939453,0.31282538175582886,433836000
2012-09-14,0.34174999594688416,0.35199999809265137,0.34174999594688416,0.34599998593330383,0.31648415327072144,339468000
2012-09-17,0.3467499911785126,0.3467499911785126,0.33274999260902405,0.33649998903274536,0.3077944815158844,493348000
2012-09-18,0.33274999260902405,0.34275001287460327,0.33250001072883606,0.3387500047683716,0.30985262989997864,359952000
2012-09-19,0.3395000100135803,0.3474999964237213,0.33550000190734863,0.34275001287460327,0.3135114312171936,451936000
2012-09-20,0.34200000762939453,0.34375,0.3375000059604645,0.3402499854564667,0.31122466921806335,320596000
2012-09-21,0.3407500088214874,0.34375,0.3395000100135803,0.34174999594688416,0.31259673833847046,340136000
2012-09-24,0.3362500071525574,0.34200000762939453,0.335750013589859,0.34150001406669617,0.3123680055141449,357832000
2012-09-25,0.34599998593330383,0.3474999964237213,0.3347499966621399,0.33524999022483826,0.3066510856151581,481544000
2012-09-26,0.33399999141693115,0.33425000309944153,0.3255000114440918,0.3294999897480011,0.3013916611671448,436812000
2012-09-27,0.33024999499320984,0.33250001072883606,0.32749998569488525,0.3319999873638153,0.303678423166275,558888000
2012-09-28,0.3305000066757202,0.3382500112056732,0.32624998688697815,0.3334999978542328,0.30505049228668213,485508000
2012-10-01,0.33500000834465027,0.3370000123977661,0.3267500102519989,0.328000009059906,0.30001962184906006,504236000
2012-10-02,0.33024999499320984,0.33024999499320984,0.3255000114440918,0.3292500078678131,0.3011630177497864,295492000
2012-10-03,0.33000001311302185,0.3310000002384186,0.3242500126361847,0.32600000500679016,0.29819029569625854,430872000
2012-10-04,0.3267500102519989,0.3425000011920929,0.32499998807907104,0.34049999713897705,0.31145334243774414,502608000
2012-10-05,0.34150001406669617,0.3449999988079071,0.33125001192092896,0.33250001072883606,0.30413585901260376,483068000
2012-10-08,0.33125001192092896,0.33274999260902405,0.3267500102519989,0.3292500078678131,0.3011630177497864,240596000
2012-10-09,0.32875001430511475,0.3297500014305115,0.32124999165534973,0.32225000858306885,0.294760137796402,366360000
2012-10-10,0.32074999809265137,0.32225000858306885,0.3154999911785126,0.3167499899864197,0.2897292673587799,326568000
2012-10-11,0.31975001096725464,0.32074999809265137,0.3160000145435333,0.31850001215934753,0.29133015871047974,320516000
2012-10-12,0.3162499964237213,0.3187499940395355,0.3137499988079071,0.31575000286102295,0.2888147830963135,260696000
2012-10-15,0.3162499964237213,0.3199999928474426,0.3125,0.31975001096725464,0.2924734354019165,249580000
2012-10-16,0.32249999046325684,0.33000001311302185,0.31949999928474426,0.32899999618530273,0.3009343445301056,367696000
2012-10-17,0.32499998807907104,0.328000009059906,0.3217499852180481,0.3264999985694885,0.2986476421356201,391752000
2012-10-18,0.3257499933242798,0.3257499933242798,0.320250004529953,0.3215000033378601,0.294074147939682,254772000
2012-10-19,0.3167499899864197,0.3190000057220459,0.3009999990463257,0.30274999141693115,0.27692365646362305,709412000
2012-10-22,0.30399999022483826,0.3057500123977661,0.296750009059906,0.2992500066757202,0.27372217178344727,480840000
2012-10-23,0.29649999737739563,0.31025001406669617,0.2957499921321869,0.3082500100135803,0.28195449709892273,573948000
2012-10-24,0.31025001406669617,0.31150001287460327,0.30125001072883606,0.30425000190734863,0.278295636177063,332916000
2012-10-25,0.30674999952316284,0.3100000023841858,0.3032500147819519,0.304500013589859,0.2785242795944214,307356000
2012-10-26,0.3050000071525574,0.30674999952316284,0.30125001072883606,0.30125001072883606,0.27555155754089355,389376000
2012-10-31,0.30250000953674316,0.3050000071525574,0.29875001311302185,0.2994999885559082,0.27395084500312805,347112000
2012-11-01,0.3009999990463257,0.3140000104904175,0.3007499873638153,0.3137499988079071,0.28698521852493286,473220000
2012-11-02,0.31700000166893005,0.3174999952316284,0.31025001406669617,0.3122499883174896,0.28561317920684814,256700000
2012-11-05,0.31150001287460327,0.3267500102519989,0.31150001287460327,0.3255000114440918,0.297732949256897,444840000
2012-11-06,0.32624998688697815,0.32624998688697815,0.31975001096725464,0.3252499997615814,0.297504186630249,350804000
2012-11-07,0.3227500021457672,0.32475000619888306,0.3137499988079071,0.3152500092983246,0.2883572280406952,324620000
2012-11-08,0.3187499940395355,0.3269999921321869,0.3162499964237213,0.31700000166893005,0.28995800018310547,839024000
2012-11-09,0.3187499940395355,0.32249999046325684,0.30375000834465027,0.304749995470047,0.2787531316280365,846280000
2012-11-12,0.30524998903274536,0.30649998784065247,0.29499998688697815,0.2980000078678131,0.2725788354873657,643624000
2012-11-13,0.29649999737739563,0.3032500147819519,0.2955000102519989,0.2957499921321869,0.2705208361148834,492120000
2012-11-14,0.29750001430511475,0.3005000054836273,0.28824999928474426,0.28850001096725464,0.26388928294181824,619300000
2012-11-15,0.2902500033378601,0.29774999618530273,0.2877500057220459,0.28975000977516174,0.26503264904022217,466688000
2012-11-16,0.28975000977516174,0.29074999690055847,0.2787500023841858,0.28450000286102295,0.26023051142692566,624552000
2012-11-19,0.28975000977516174,0.29350000619888306,0.2862499952316284,0.29249998927116394,0.26754796504974365,404092000
2012-11-20,0.28949999809265137,0.29074999690055847,0.2842499911785126,0.28725001215934753,0.26444104313850403,336976000
2012-11-21,0.28725001215934753,0.29624998569488525,0.28700000047683716,0.2955000102519989,0.2720359265804291,422312000
2012-11-23,0.296750009059906,0.3009999990463257,0.2952499985694885,0.29750001430511475,0.2738770842552185,276932000
2012-11-26,0.2980000078678131,0.3034999966621399,0.29750001430511475,0.30274999141693115,0.2787102460861206,364600000
2012-11-27,0.30149999260902405,0.3084999918937683,0.29899999499320984,0.30399999022483826,0.2798609137535095,451404000
2012-11-28,0.30274999141693115,0.30799999833106995,0.29899999499320984,0.30649998784065247,0.2821624279022217,398332000
2012-11-29,0.3070000112056732,0.3084999918937683,0.30000001192092896,0.3009999990463257,0.27709922194480896,488688000
2012-11-30,0.3007499873638153,0.30300000309944153,0.29750001430511475,0.2992500066757202,0.27548810839653015,460504000
2012-12-03,0.30300000309944153,0.30300000309944153,0.2930000126361847,0.29374998807907104,0.27042490243911743,391380000
2012-12-04,0.2942500114440918,0.30300000309944153,0.29249998927116394,0.30250000953674316,0.2784801423549652,528068000
2012-12-05,0.30000001192092896,0.3019999861717224,0.29475000500679016,0.29899999499320984,0.27525794506073,633024000
2012-12-06,0.2982499897480011,0.30149999260902405,0.29725000262260437,0.2994999885559082,0.27571821212768555,412896000
2012-12-07,0.2997500002384186,0.30125001072883606,0.2955000102519989,0.29899999499320984,0.27525794506073,338288000
2012-12-10,0.29899999499320984,0.3112500011920929,0.2982499897480011,0.3089999854564667,0.2844639718532562,513644000
2012-12-11,0.3100000023841858,0.320250004529953,0.30924999713897705,0.3162499964237213,0.291138231754303,816724000
2012-12-12,0.31725001335144043,0.3190000057220459,0.31174999475479126,0.31299999356269836,0.288146436214447,399404000
2012-12-13,0.3125,0.3192499876022339,0.31025001406669617,0.31325000524520874,0.28837648034095764,377556000
2012-12-14,0.31450000405311584,0.3179999887943268,0.3122499883174896,0.31474998593330383,0.2897573411464691,338660000
2012-12-17,0.3140000104904175,0.31575000286102295,0.3087500035762787,0.31349998712539673,0.28860658407211304,445232000
2012-12-18,0.31349998712539673,0.3174999952316284,0.3125,0.3140000104904175,0.2890668511390686,416436000
2012-12-19,0.3162499964237213,0.3199999928474426,0.3149999976158142,0.3162499964237213,0.291138231754303,458544000
2012-12-20,0.3174999952316284,0.3177500069141388,0.3125,0.3160000145435333,0.29090815782546997,334332000
2012-12-21,0.31174999475479126,0.31174999475479126,0.30524998903274536,0.3087500035762787,0.2842337191104889,462172000
2012-12-24,0.3084999918937683,0.3095000088214874,0.30524998903274536,0.3062500059604645,0.28193238377571106,127376000
2012-12-26,0.30550000071525574,0.31049999594688416,0.304749995470047,0.3059999942779541,0.28170210123062134,196740000
2012-12-27,0.30649998784065247,0.3070000112056732,0.3005000054836273,0.30399999022483826,0.2798609137535095,299804000
2012-12-28,0.30125001072883606,0.3072499930858612,0.3007499873638153,0.30250000953674316,0.2784801423549652,220600000
2012-12-31,0.30149999260902405,0.30774998664855957,0.3007499873638153,0.30649998784065247,0.2821624279022217,326460000
2013-01-02,0.3140000104904175,0.31825000047683716,0.3127500116825104,0.3179999887943268,0.29274919629096985,478836000
2013-01-03,0.3179999887943268,0.3217499852180481,0.31450000405311584,0.31825000047683716,0.2929794490337372,298888000
2013-01-04,0.3187499940395355,0.3297500014305115,0.3177500069141388,0.32875001430511475,0.30264589190483093,524968000
2013-01-07,0.32850000262260437,0.3294999897480011,0.31700000166893005,0.3192499876022339,0.2939000725746155,610732000
2013-01-08,0.3199999928474426,0.32100000977516174,0.3100000023841858,0.3122499883174896,0.2874557673931122,466424000
2013-01-09,0.31474998593330383,0.3162499964237213,0.3032500147819519,0.30524998903274536,0.28101181983947754,695020000
2013-01-10,0.30799999833106995,0.3095000088214874,0.30399999022483826,0.3057500123977661,0.28147193789482117,506368000
2013-01-11,0.3070000112056732,0.3072499930858612,0.3022499978542328,0.30524998903274536,0.28101181983947754,513172000
2013-01-14,0.3072499930858612,0.3072499930858612,0.30149999260902405,0.3050000071525574,0.28078165650367737,305684000
2013-01-15,0.3034999966621399,0.3034999966621399,0.29774999618530273,0.2994999885559082,0.27571821212768555,375888000
2013-01-16,0.29899999499320984,0.304749995470047,0.29899999499320984,0.3022499978542328,0.2782498002052307,337376000
2013-01-17,0.3032500147819519,0.3075000047683716,0.30250000953674316,0.3062500059604645,0.28193238377571106,580736000
2013-01-18,0.3062500059604645,0.3062500059604645,0.3005000054836273,0.30425000190734863,0.2800910770893097,397088000
2013-01-22,0.30399999022483826,0.30674999952316284,0.30125001072883606,0.30274999141693115,0.2787102460861206,308224000
2013-01-23,0.30375000834465027,0.30399999022483826,0.30000001192092896,0.3032500147819519,0.27917060256004333,421808000
2013-01-24,0.3022499978542328,0.3059999942779541,0.3007499873638153,0.304749995470047,0.28055137395858765,396980000
2013-01-25,0.30524998903274536,0.31049999594688416,0.30375000834465027,0.31025001406669617,0.28561466932296753,393920000
2013-01-28,0.31174999475479126,0.31725001335144043,0.3109999895095825,0.3152500092983246,0.29021766781806946,422492000
2013-01-29,0.3140000104904175,0.31474998593330383,0.3072499930858612,0.3084999918937683,0.28400370478630066,388872000
2013-01-30,0.3087500035762787,0.31299999356269836,0.3070000112056732,0.30799999833106995,0.28354331851005554,287592000
2013-01-31,0.30799999833106995,0.31150001287460327,0.304500013589859,0.30649998784065247,0.2821624279022217,470544000
2013-02-01,0.3089999854564667,0.31025001406669617,0.30649998784065247,0.30924999713897705,0.28469404578208923,288816000
2013-02-04,0.3075000047683716,0.3137499988079071,0.30375000834465027,0.30399999022483826,0.2798609137535095,511744000
2013-02-05,0.30550000071525574,0.3127500116825104,0.304500013589859,0.3109999895095825,0.2863050401210785,367296000
2013-02-06,0.3034999966621399,0.3109999895095825,0.3017500042915344,0.3084999918937683,0.28400370478630066,530688000
2013-02-07,0.3075000047683716,0.3100000023841858,0.30425000190734863,0.3072499930858612,0.2828529477119446,440000000
2013-02-08,0.30924999713897705,0.31174999475479126,0.3072499930858612,0.30924999713897705,0.28469404578208923,307232000
2013-02-11,0.31174999475479126,0.3160000145435333,0.3087500035762787,0.3127500116825104,0.28791624307632446,408308000
2013-02-12,0.3100000023841858,0.31424999237060547,0.3095000088214874,0.31075000762939453,0.2860751450061798,277804000
2013-02-13,0.3109999895095825,0.3167499899864197,0.3082500100135803,0.30924999713897705,0.28469404578208923,856396000
2013-02-14,0.3050000071525574,0.31850001215934753,0.30125001072883606,0.31825000047683716,0.2929794490337372,882096000
2013-02-15,0.3174999952316284,0.31975001096725464,0.3112500011920929,0.31825000047683716,0.2929794490337372,733860000
2013-02-19,0.31850001215934753,0.3187499940395355,0.31200000643730164,0.3140000104904175,0.2890668511390686,433552000
2013-02-20,0.3149999976158142,0.3199999928474426,0.3084999918937683,0.3095000088214874,0.284924179315567,713012000
2013-02-21,0.3089999854564667,0.3125,0.30649998784065247,0.3072499930858612,0.2828529477119446,580408000
2013-02-22,0.30924999713897705,0.31325000524520874,0.3075000047683716,0.31299999356269836,0.288146436214447,370148000
2013-02-25,0.3137499988079071,0.3162499964237213,0.3070000112056732,0.3075000047683716,0.28308287262916565,644444000
2013-02-26,0.3062500059604645,0.3109999895095825,0.30524998903274536,0.30924999713897705,0.2864406406879425,487504000
2013-02-27,0.30924999713897705,0.31725001335144043,0.3084999918937683,0.3149999976158142,0.29176655411720276,476980000
2013-02-28,0.3140000104904175,0.32124999165534973,0.3127500116825104,0.3165000081062317,0.2931559681892395,591392000
2013-03-01,0.31424999237060547,0.3187499940395355,0.31150001287460327,0.3177500069141388,0.29431381821632385,389396000
2013-03-04,0.3154999911785126,0.31949999928474426,0.31299999356269836,0.3165000081062317,0.2931559681892395,353680000
2013-03-05,0.31825000047683716,0.320499986410141,0.3167499899864197,0.3199999928474426,0.2963978052139282,366168000
2013-03-06,0.32199999690055847,0.32499998807907104,0.31825000047683716,0.31975001096725464,0.29616618156433105,342928000
2013-03-07,0.3215000033378601,0.32475000619888306,0.31725001335144043,0.3190000057220459,0.29547154903411865,314824000
2013-03-08,0.31975001096725464,0.32199999690055847,0.31825000047683716,0.320499986410141,0.29686087369918823,246464000
2013-03-11,0.31725001335144043,0.3187499940395355,0.31474998593330383,0.3174999952316284,0.29408201575279236,299748000
2013-03-12,0.31700000166893005,0.31949999928474426,0.3140000104904175,0.31850001215934753,0.2950083911418915,310856000
2013-03-13,0.31850001215934753,0.3240000009536743,0.3154999911785126,0.31850001215934753,0.2950083911418915,485840000
2013-03-14,0.320499986410141,0.3215000033378601,0.3167499899864197,0.3187499940395355,0.29523995518684387,383304000
2013-03-15,0.3187499940395355,0.3187499940395355,0.31474998593330383,0.3160000145435333,0.2926928997039795,355776000
2013-03-18,0.3140000104904175,0.3167499899864197,0.31150001287460327,0.3137499988079071,0.2906087636947632,298312000
2013-03-19,0.3140000104904175,0.3154999911785126,0.3095000088214874,0.31174999475479126,0.288756400346756,355480000
2013-03-20,0.31474998593330383,0.3165000081062317,0.31200000643730164,0.3154999911785126,0.29222965240478516,340588000
2013-03-21,0.3137499988079071,0.31424999237060547,0.3100000023841858,0.31049999594688416,0.287598580121994,339032000
2013-03-22,0.31150001287460327,0.31325000524520874,0.31025001406669617,0.31200000643730164,0.2889879047870636,232476000
2013-03-25,0.3137499988079071,0.3140000104904175,0.30799999833106995,0.31025001406669617,0.28736692667007446,362076000
2013-03-26,0.3109999895095825,0.3127500116825104,0.3097499907016754,0.3125,0.289451003074646,232540000
2013-03-27,0.3112500011920929,0.3179999887943268,0.31049999594688416,0.3162499964237213,0.29292434453964233,254944000
2013-03-28,0.3154999911785126,0.32100000977516174,0.31325000524520874,0.32074999809265137,0.297092467546463,349276000
2013-04-01,0.3199999928474426,0.3199999928474426,0.30799999833106995,0.31025001406669617,0.28736692667007446,442828000
2013-04-02,0.31049999594688416,0.3112500011920929,0.3050000071525574,0.3070000112056732,0.28435665369033813,371524000
2013-04-03,0.30649998784065247,0.3082500100135803,0.3009999990463257,0.3032500147819519,0.28088322281837463,353156000
2013-04-04,0.3022499978542328,0.3072499930858612,0.30125001072883606,0.3062500059604645,0.28366199135780334,294676000
2013-04-05,0.3017500042915344,0.31150001287460327,0.3009999990463257,0.31150001287460327,0.28852468729019165,551352000
2013-04-08,0.31174999475479126,0.31174999475479126,0.3050000071525574,0.31075000762939453,0.2878301441669464,326660000
2013-04-09,0.3109999895095825,0.3179999887943268,0.3087500035762787,0.31575000286102295,0.29246124625205994,380584000
2013-04-10,0.3160000145435333,0.32124999165534973,0.3152500092983246,0.32074999809265137,0.297092467546463,384688000
2013-04-11,0.3162499964237213,0.32124999165534973,0.3075000047683716,0.3192499876022339,0.29570311307907104,969220000
2013-04-12,0.32074999809265137,0.3307499885559082,0.3179999887943268,0.32725000381469727,0.30311301350593567,770548000
2013-04-15,0.32624998688697815,0.32725000381469727,0.31850001215934753,0.320499986410141,0.29686087369918823,430420000
2013-04-16,0.32350000739097595,0.32624998688697815,0.3217499852180481,0.3240000009536743,0.30010274052619934,468844000
2013-04-17,0.3215000033378601,0.3244999945163727,0.3177500069141388,0.31975001096725464,0.29616618156433105,532948000
2013-04-18,0.320499986410141,0.32249999046325684,0.31349998712539673,0.31349998712539673,0.2903772294521332,402548000
2013-04-19,0.31325000524520874,0.3152500092983246,0.30924999713897705,0.31424999237060547,0.29107192158699036,303028000
2013-04-22,0.3140000104904175,0.3174999952316284,0.31150001287460327,0.31474998593330383,0.291534960269928,245568000
2013-04-23,0.3174999952316284,0.32624998688697815,0.31700000166893005,0.3230000138282776,0.29917651414871216,376948000
2013-04-24,0.3240000009536743,0.33675000071525574,0.32374998927116394,0.33399999141693115,0.3093652129173279,556556000
2013-04-25,0.335750013589859,0.3375000059604645,0.33274999260902405,0.33675000071525574,0.3119123876094818,353224000
2013-04-26,0.3362500071525574,0.33675000071525574,0.3334999978542328,0.33524999022483826,0.31052300333976746,324332000
2013-04-29,0.335750013589859,0.34049999713897705,0.33425000309944153,0.33924999833106995,0.31422796845436096,269712000
2013-04-30,0.3400000035762787,0.34424999356269836,0.33774998784065247,0.34424999356269836,0.3188591003417969,276712000
2013-05-01,0.34424999356269836,0.3465000092983246,0.3400000035762787,0.3412500023841858,0.3160804510116577,341316000
2013-05-02,0.3409999907016754,0.3462499976158142,0.33899998664855957,0.3452500104904175,0.31978535652160645,323480000
2013-05-03,0.3474999964237213,0.3492499887943268,0.34549999237060547,0.3467499911785126,0.32117488980293274,293864000
2013-05-06,0.3467499911785126,0.3487499952316284,0.34375,0.34575000405311584,0.32024845480918884,217116000
2013-05-07,0.34575000405311584,0.3465000092983246,0.33799999952316284,0.3412500023841858,0.3160804510116577,448068000
2013-05-08,0.34174999594688416,0.34950000047683716,0.34049999713897705,0.3474999964237213,0.3218693733215332,334032000
2013-05-09,0.3412500023841858,0.3492499887943268,0.3407500088214874,0.3477500081062317,0.32210102677345276,566800000
2013-05-10,0.35499998927116394,0.36500000953674316,0.35499998927116394,0.3634999990463257,0.3366893529891968,861136000
2013-05-13,0.3610000014305115,0.36250001192092896,0.3544999957084656,0.35600000619888306,0.32974252104759216,289812000
2013-05-14,0.36024999618530273,0.3642500042915344,0.3567500114440918,0.36125001311302185,0.33460533618927,454140000
2013-05-15,0.359499990940094,0.3687500059604645,0.359499990940094,0.3675000071525574,0.3403942883014679,313172000
2013-05-16,0.367000013589859,0.3707500100135803,0.3644999861717224,0.3657500147819519,0.33877333998680115,308368000
2013-05-17,0.3675000071525574,0.37424999475479126,0.3647499978542328,0.37174999713897705,0.34433093667030334,312116000
2013-05-20,0.37024998664855957,0.3725000023841858,0.36899998784065247,0.3709999918937683,0.3436362147331238,236380000
2013-05-21,0.3712500035762787,0.37450000643730164,0.367000013589859,0.37299999594688416,0.34724360704421997,357784000
2013-05-22,0.37450000643730164,0.37450000643730164,0.35850000381469727,0.36000001430511475,0.33514127135276794,480404000
2013-05-23,0.3557499945163727,0.367000013589859,0.35475000739097595,0.3657500147819519,0.34049418568611145,393884000
2013-05-24,0.36375001072883606,0.36675000190734863,0.359499990940094,0.3634999990463257,0.33839961886405945,283304000
2013-05-28,0.36625000834465027,0.367249995470047,0.35975000262260437,0.3632499873638153,0.33816689252853394,279300000
2013-05-29,0.3610000014305115,0.3632499873638153,0.359499990940094,0.3610000014305115,0.33607223629951477,335052000
2013-05-30,0.3605000078678131,0.3695000112056732,0.359499990940094,0.3657500147819519,0.34049418568611145,284504000
2013-05-31,0.36375001072883606,0.36899998784065247,0.3617500066757202,0.3617500066757202,0.3367704749107361,577508000
2013-06-03,0.3622500002384186,0.36500000953674316,0.35374999046325684,0.36125001311302185,0.33630502223968506,444468000
2013-06-04,0.3634999990463257,0.3700000047683716,0.359499990940094,0.3617500066757202,0.3367704749107361,363676000
2013-06-05,0.36125001311302185,0.36399999260902405,0.3529999852180481,0.3540000021457672,0.32955560088157654,464520000
2013-06-06,0.3540000021457672,0.35899999737739563,0.35374999046325684,0.35624998807907104,0.33165013790130615,341044000
2013-06-07,0.35874998569488525,0.3634999990463257,0.35725000500679016,0.36125001311302185,0.33630502223968506,274584000
2013-06-10,0.36024999618530273,0.3632499873638153,0.3582499921321869,0.3610000014305115,0.33607223629951477,224148000
2013-06-11,0.35624998807907104,0.36125001311302185,0.3542500138282776,0.3542500138282776,0.32978832721710205,296336000
2013-06-12,0.35600000619888306,0.35899999737739563,0.3492499887943268,0.3512499928474426,0.32699546217918396,312588000
2013-06-13,0.3499999940395355,0.3610000014305115,0.34975001215934753,0.359250009059906,0.334443062543869,236256000
2013-06-14,0.3605000078678131,0.3610000014305115,0.35624998807907104,0.35874998569488525,0.33397766947746277,236012000
2013-06-17,0.36149999499320984,0.36550000309944153,0.359499990940094,0.3622500002384186,0.3372359871864319,255336000
2013-06-18,0.36399999260902405,0.36800000071525574,0.3569999933242798,0.36000001430511475,0.33514127135276794,486772000
2013-06-19,0.3632499873638153,0.3869999945163727,0.3619999885559082,0.3709999918937683,0.3453816771507263,1159588000
2013-06-20,0.36800000071525574,0.3684999942779541,0.35850000381469727,0.3610000014305115,0.33607223629951477,628696000
2013-06-21,0.3630000054836273,0.3642500042915344,0.3544999957084656,0.3605000078678131,0.3356068730354309,714228000
2013-06-24,0.3552500009536743,0.35975000262260437,0.3477500081062317,0.3529999852180481,0.32862457633018494,580772000
2013-06-25,0.3567500114440918,0.35749998688697815,0.351749986410141,0.3555000126361847,0.3309520483016968,457360000
2013-06-26,0.359499990940094,0.36000001430511475,0.35199999809265137,0.35350000858306885,0.3290901482105255,579752000
2013-06-27,0.3544999957084656,0.35499998927116394,0.3465000092983246,0.3502500057220459,0.32606467604637146,808036000
2013-06-28,0.3502500057220459,0.3544999957084656,0.34575000405311584,0.35100001096725464,0.32676276564598083,431536000
2013-07-01,0.35350000858306885,0.3542500138282776,0.3502500057220459,0.35249999165534973,0.3281591236591339,199524000
2013-07-02,0.3504999876022339,0.35749998688697815,0.3490000069141388,0.35225000977516174,0.327926367521286,256392000
2013-07-03,0.3492499887943268,0.35749998688697815,0.3492499887943268,0.35324999690055847,0.3288574516773224,140388000
2013-07-05,0.3542500138282776,0.3567500114440918,0.35199999809265137,0.35600000619888306,0.3314175009727478,184684000
2013-07-08,0.3569999933242798,0.35874998569488525,0.35225000977516174,0.3542500138282776,0.32978832721710205,262084000
2013-07-09,0.35499998927116394,0.3582499921321869,0.3540000021457672,0.35600000619888306,0.3314175009727478,157364000
2013-07-10,0.35600000619888306,0.3617500066757202,0.35499998927116394,0.3607499897480011,0.33583956956863403,208468000
2013-07-11,0.36274999380111694,0.36625000834465027,0.3619999885559082,0.3657500147819519,0.34049418568611145,239832000
2013-07-12,0.36500000953674316,0.3695000112056732,0.36375001072883606,0.3659999966621399,0.3407270014286041,216360000
2013-07-15,0.36675000190734863,0.36675000190734863,0.359499990940094,0.36524999141693115,0.34002870321273804,201332000
2013-07-16,0.36675000190734863,0.36924999952316284,0.36500000953674316,0.367249995470047,0.34189069271087646,162560000
2013-07-17,0.367249995470047,0.3684999942779541,0.3642500042915344,0.36524999141693115,0.34002870321273804,166100000
2013-07-18,0.3647499978542328,0.3659999966621399,0.35899999737739563,0.36375001072883606,0.33863240480422974,344488000
2013-07-19,0.36149999499320984,0.3632499873638153,0.35225000977516174,0.35600000619888306,0.3314175009727478,480532000
2013-07-22,0.35874998569488525,0.3619999885559082,0.3542500138282776,0.3557499945163727,0.33118483424186707,292384000
2013-07-23,0.36024999618530273,0.36024999618530273,0.35350000858306885,0.3552500009536743,0.3307192921638489,246792000
2013-07-24,0.35850000381469727,0.359499990940094,0.35475000739097595,0.3552500009536743,0.3307192921638489,284252000
2013-07-25,0.35499998927116394,0.36125001311302185,0.35249999165534973,0.3564999997615814,0.331883043050766,243320000
2013-07-26,0.35225000977516174,0.35725000500679016,0.35225000977516174,0.35499998927116394,0.33048659563064575,227360000
2013-07-29,0.3542500138282776,0.35874998569488525,0.35324999690055847,0.3542500138282776,0.32978832721710205,179540000
2013-07-30,0.3555000126361847,0.36500000953674316,0.3552500009536743,0.36024999618530273,0.33537405729293823,266076000
2013-07-31,0.35850000381469727,0.3644999861717224,0.3582499921321869,0.3610000014305115,0.33607223629951477,270160000
2013-08-01,0.3622500002384186,0.36675000190734863,0.3580000102519989,0.3659999966621399,0.3407270014286041,277648000
2013-08-02,0.36524999141693115,0.3697499930858612,0.36274999380111694,0.36899998784065247,0.3435198664665222,209628000
2013-08-05,0.36800000071525574,0.3720000088214874,0.3659999966621399,0.3707500100135803,0.34514904022216797,185188000
2013-08-06,0.3709999918937683,0.37174999713897705,0.3644999861717224,0.36524999141693115,0.34002870321273804,206608000
2013-08-07,0.3632499873638153,0.3687500059604645,0.3630000054836273,0.36500000953674316,0.3397960364818573,244380000
2013-08-08,0.367000013589859,0.36924999952316284,0.36274999380111694,0.3675000071525574,0.3421233892440796,345696000
2013-08-09,0.3529999852180481,0.36774998903274536,0.3527500033378601,0.3622500002384186,0.3372359871864319,906224000
2013-08-12,0.3474999964237213,0.3644999861717224,0.32774999737739563,0.359250009059906,0.334443062543869,257568000
2013-08-13,0.35975000262260437,0.3619999885559082,0.35749998688697815,0.3605000078678131,0.3356068730354309,197468000
2013-08-14,0.35975000262260437,0.3779999911785126,0.359499990940094,0.37575000524520874,0.34980374574661255,828508000
2013-08-15,0.37174999713897705,0.3812499940395355,0.37024998664855957,0.37825000286102295,0.3521310091018677,723616000
2013-08-16,0.3774999976158142,0.38499999046325684,0.37674999237060547,0.37975001335144043,0.35352757573127747,660456000
2013-08-19,0.3774999976158142,0.3787499964237213,0.3734999895095825,0.3737500011920929,0.3479418456554413,393432000
2013-08-20,0.37174999713897705,0.3762499988079071,0.3712500035762787,0.3737500011920929,0.3496960699558258,234192000
2013-08-21,0.3714999854564667,0.3762499988079071,0.37049999833106995,0.3720000088214874,0.348058819770813,261540000
2013-08-22,0.37174999713897705,0.3774999976158142,0.37174999713897705,0.37400001287460327,0.34993013739585876,129016000
2013-08-23,0.37450000643730164,0.3774999976158142,0.37325000762939453,0.37400001287460327,0.34993013739585876,245120000
2013-08-26,0.37424999475479126,0.37575000524520874,0.37325000762939453,0.3747499883174896,0.35063180327415466,300152000
2013-08-27,0.3712500035762787,0.3737500011920929,0.3687500059604645,0.3700000047683716,0.3461875021457672,277464000
2013-08-28,0.3707500100135803,0.3734999895095825,0.3684999942779541,0.3700000047683716,0.3461875021457672,318824000
2013-08-29,0.3687500059604645,0.37275001406669617,0.36774998903274536,0.36924999952316284,0.3454858064651489,276216000
2013-08-30,0.3695000112056732,0.37049999833106995,0.367000013589859,0.3687500059604645,0.34501802921295166,378120000
2013-09-03,0.3697499930858612,0.37424999475479126,0.36675000190734863,0.36899998784065247,0.34525182843208313,284680000
2013-09-04,0.36899998784065247,0.3747499883174896,0.3684999942779541,0.3725000023841858,0.34852662682533264,222080000
2013-09-05,0.3709999918937683,0.375,0.3707500100135803,0.3734999895095825,0.34946224093437195,174904000
2013-09-06,0.3737500011920929,0.37575000524520874,0.36924999952316284,0.3720000088214874,0.348058819770813,226756000
2013-09-09,0.375,0.37825000286102295,0.37400001287460327,0.37825000286102295,0.3539065718650818,246408000
2013-09-10,0.38100001215934753,0.3865000009536743,0.3792499899864197,0.38624998927116394,0.36139166355133057,292132000
2013-09-11,0.3857499957084656,0.39375001192092896,0.382999986410141,0.39274999499320984,0.36747345328330994,396164000
2013-09-12,0.390749990940094,0.39750000834465027,0.390749990940094,0.39250001311302185,0.36723941564559937,303808000
2013-09-13,0.39375001192092896,0.39675000309944153,0.39100000262260437,0.39500001072883606,0.36957859992980957,159696000
2013-09-16,0.398250013589859,0.4009999930858612,0.39375001192092896,0.39524999260902405,0.36981257796287537,231412000
2013-09-17,0.39675000309944153,0.3997499942779541,0.39500001072883606,0.39649999141693115,0.37098193168640137,168608000
2013-09-18,0.39675000309944153,0.4009999930858612,0.3947499990463257,0.4000000059604645,0.37425675988197327,268168000
2013-09-19,0.40174999833106995,0.4025000035762787,0.39649999141693115,0.398250013589859,0.3726194202899933,227572000
2013-09-20,0.39925000071525574,0.40174999833106995,0.39399999380111694,0.3947499990463257,0.3693445920944214,356036000
2013-09-23,0.3944999873638153,0.39774999022483826,0.38874998688697815,0.39100000262260437,0.3658359944820404,271244000
2013-09-24,0.39125001430511475,0.39399999380111694,0.3889999985694885,0.39250001311302185,0.36723941564559937,229732000
2013-09-25,0.3917500078678131,0.3959999978542328,0.38999998569488525,0.3930000066757202,0.36770734190940857,233156000
2013-09-26,0.39399999380111694,0.3947499990463257,0.3894999921321869,0.3917500078678131,0.36653777956962585,148816000
2013-09-27,0.38874998688697815,0.3919999897480011,0.38725000619888306,0.3894999921321869,0.36443254351615906,151920000
2013-09-30,0.3855000138282776,0.3917500078678131,0.38324999809265137,0.3889999985694885,0.36396482586860657,226640000
2013-10-01,0.3894999921321869,0.39125001430511475,0.3865000009536743,0.38874998688697815,0.36373084783554077,226976000
2013-10-02,0.38475000858306885,0.38999998569488525,0.38475000858306885,0.38850000500679016,0.36349689960479736,162036000
2013-10-03,0.38874998688697815,0.3922500014305115,0.382750004529953,0.38449999690055847,0.3597542941570282,436768000
2013-10-04,0.3840000033378601,0.3930000066757202,0.382999986410141,0.38975000381469727,0.36466649174690247,246228000
2013-10-07,0.3882499933242798,0.39250001311302185,0.38624998927116394,0.38975000381469727,0.36466649174690247,169952000
2013-10-08,0.38874998688697815,0.3942500054836273,0.38350000977516174,0.3865000009536743,0.3616255521774292,290712000
2013-10-09,0.3889999985694885,0.3892500102519989,0.3785000145435333,0.3804999887943268,0.3560117483139038,275860000
2013-10-10,0.38324999809265137,0.3857499957084656,0.3804999887943268,0.38475000858306885,0.3599883019924164,223484000
2013-10-11,0.3787499964237213,0.38350000977516174,0.3774999976158142,0.3815000057220459,0.3569473624229431,213704000
2013-10-14,0.3804999887943268,0.38725000619888306,0.3804999887943268,0.38725000619888306,0.36232733726501465,166628000
2013-10-15,0.38725000619888306,0.3894999921321869,0.38499999046325684,0.3852500021457672,0.3604559600353241,208820000
2013-10-16,0.38749998807907104,0.39149999618530273,0.3869999945163727,0.38999998569488525,0.3649003505706787,210072000
2013-10-17,0.3869999945163727,0.3917500078678131,0.3869999945163727,0.390749990940094,0.3656020760536194,213324000
2013-10-18,0.38999998569488525,0.39649999141693115,0.38850000500679016,0.39524999260902405,0.36981257796287537,255068000
2013-10-21,0.4000000059604645,0.40024998784065247,0.39500001072883606,0.39625000953674316,0.37074804306030273,195008000
2013-10-22,0.39625000953674316,0.39649999141693115,0.390749990940094,0.3942500054836273,0.3688768446445465,179452000
2013-10-23,0.3935000002384186,0.3935000002384186,0.38624998927116394,0.38749998807907104,0.36256125569343567,252216000
2013-10-24,0.38850000500679016,0.39100000262260437,0.3840000033378601,0.38475000858306885,0.3599883019924164,236436000
2013-10-25,0.3867500126361847,0.3869999945163727,0.37975001335144043,0.38100001215934753,0.35647958517074585,330492000
2013-10-28,0.3804999887943268,0.38225001096725464,0.375,0.3802500069141388,0.35577788949012756,394024000
2013-10-29,0.37975001335144043,0.3815000057220459,0.3762499988079071,0.38075000047683716,0.35624563694000244,387952000
2013-10-30,0.38199999928474426,0.38374999165534973,0.37724998593330383,0.3804999887943268,0.3560117483139038,204032000
2013-10-31,0.38100001215934753,0.38374999165534973,0.3790000081062317,0.37975001335144043,0.35531002283096313,293368000
2013-11-01,0.3817499876022339,0.38324999809265137,0.3787499964237213,0.3815000057220459,0.3569473624229431,206136000
2013-11-04,0.382750004529953,0.382750004529953,0.3697499930858612,0.37049999833106995,0.34665536880493164,410264000
2013-11-05,0.3682500123977661,0.37174999713897705,0.3642500042915344,0.3700000047683716,0.3461875021457672,422368000
2013-11-06,0.3700000047683716,0.37275001406669617,0.36625000834465027,0.3725000023841858,0.34852662682533264,198044000
2013-11-07,0.3712500035762787,0.3722499907016754,0.3630000054836273,0.36375001072883606,0.340339720249176,553076000
2013-11-08,0.375,0.39024999737739563,0.3734999895095825,0.3889999985694885,0.36396482586860657,734532000
2013-11-11,0.38749998807907104,0.3932499885559082,0.3867500126361847,0.3922500014305115,0.36700552701950073,297624000
2013-11-12,0.39399999380111694,0.39625000953674316,0.38850000500679016,0.3930000066757202,0.36770734190940857,316032000
2013-11-13,0.3919999897480011,0.4037500023841858,0.39125001430511475,0.4037500023841858,0.3777655065059662,332792000
2013-11-14,0.4025000035762787,0.40799999237060547,0.4022499918937683,0.40549999475479126,0.37940269708633423,307980000
2013-11-15,0.40700000524520874,0.4074999988079071,0.40024998784065247,0.40424999594688416,0.3782331943511963,450332000
2013-11-18,0.3955000042915344,0.39899998903274536,0.3935000002384186,0.3944999873638153,0.36911070346832275,316948000
2013-11-19,0.390500009059906,0.39399999380111694,0.3855000138282776,0.38600000739097595,0.36311379075050354,206716000
2013-11-20,0.38624998927116394,0.38725000619888306,0.37950000166893005,0.3802500069141388,0.35770469903945923,204776000
2013-11-21,0.38075000047683716,0.3840000033378601,0.3790000081062317,0.38324999809265137,0.36052682995796204,213568000
2013-11-22,0.38374999165534973,0.38374999165534973,0.3787499964237213,0.37950000166893005,0.35699912905693054,158668000
2013-11-25,0.37950000166893005,0.3882499933242798,0.37950000166893005,0.3877499997615814,0.3647599518299103,248208000
2013-11-26,0.3919999897480011,0.39524999260902405,0.3894999921321869,0.39100000262260437,0.367817223072052,753176000
2013-11-27,0.390749990940094,0.39375001192092896,0.3882499933242798,0.39250001311302185,0.3692282736301422,181272000
2013-11-29,0.39250001311302185,0.3935000002384186,0.38749998807907104,0.38999998569488525,0.3668765723705292,116964000
2013-12-02,0.38850000500679016,0.39649999141693115,0.3877499997615814,0.39375001192092896,0.3704042136669159,373872000
2013-12-03,0.39375001192092896,0.39899998903274536,0.39100000262260437,0.3935000002384186,0.3701689839363098,290560000
2013-12-04,0.39250001311302185,0.3997499942779541,0.39149999618530273,0.39899998903274536,0.3753429353237152,493176000
2013-12-05,0.3997499942779541,0.3997499942779541,0.3919999897480011,0.39250001311302185,0.3692282736301422,271812000
2013-12-06,0.3972499966621399,0.3972499966621399,0.3857499957084656,0.3867500126361847,0.36381933093070984,281000000
2013-12-09,0.3867500126361847,0.3880000114440918,0.37950000166893005,0.3802500069141388,0.35770469903945923,385220000
2013-12-10,0.3802500069141388,0.390749990940094,0.37975001335144043,0.3889999985694885,0.36593589186668396,524268000
2013-12-11,0.38975000381469727,0.39024999737739563,0.38449999690055847,0.3852500021457672,0.36240819096565247,414156000
2013-12-12,0.3840000033378601,0.38600000739097595,0.37700000405311584,0.3777500092983246,0.3553527891635895,258724000
2013-12-13,0.3785000145435333,0.3812499940395355,0.375,0.37549999356269836,0.35323628783226013,184588000
2013-12-16,0.37575000524520874,0.3792499899864197,0.37549999356269836,0.37599998712539673,0.35370656847953796,237620000
2013-12-17,0.37575000524520874,0.3787499964237213,0.3725000023841858,0.3777500092983246,0.3553527891635895,274104000
2013-12-18,0.3785000145435333,0.38374999165534973,0.3737500011920929,0.382999986410141,0.36029160022735596,426232000
2013-12-19,0.3824999928474426,0.38499999046325684,0.3799999952316284,0.38449999690055847,0.36170271039009094,258544000
2013-12-20,0.3852500021457672,0.39250001311302185,0.3842499852180481,0.3922500014305115,0.36899322271347046,382080000
2013-12-23,0.3944999873638153,0.39774999022483826,0.39125001430511475,0.3944999873638153,0.3711096942424774,168568000
2013-12-24,0.39675000309944153,0.39675000309944153,0.39149999618530273,0.3955000042915344,0.37205061316490173,79600000
2013-12-26,0.3970000147819519,0.398250013589859,0.390749990940094,0.3917500078678131,0.36852285265922546,168920000
2013-12-27,0.39375001192092896,0.3947499990463257,0.39149999618530273,0.39399999380111694,0.3706393837928772,210976000
2013-12-30,0.3942500054836273,0.3995000123977661,0.39375001192092896,0.39925000071525574,0.3755781352519989,248180000
2013-12-31,0.4000000059604645,0.4025000035762787,0.39750000834465027,0.40049999952316284,0.3767540454864502,235776000
2014-01-02,0.39800000190734863,0.3995000123977661,0.3930000066757202,0.39649999141693115,0.3729911148548126,260092000
2014-01-03,0.3972499966621399,0.39800000190734863,0.390500009059906,0.3917500078678131,0.36852285265922546,259332000
2014-01-06,0.3957499861717224,0.4000000059604645,0.3919999897480011,0.3970000147819519,0.3734615743160248,409492000
2014-01-07,0.4009999930858612,0.4050000011920929,0.398250013589859,0.4034999907016754,0.37957605719566345,333288000
2014-01-08,0.4050000011920929,0.41100001335144043,0.4034999907016754,0.4090000092983246,0.38475003838539124,308192000
2014-01-09,0.4027499854564667,0.4034999907016754,0.39250001311302185,0.39375001192092896,0.3704042136669159,292172000
2014-01-10,0.39500001072883606,0.39774999022483826,0.38975000381469727,0.3932499885559082,0.3699338734149933,218492000
2014-01-13,0.3932499885559082,0.3957499861717224,0.38324999809265137,0.3840000033378601,0.36123237013816833,243332000
2014-01-14,0.38600000739097595,0.39675000309944153,0.3842499852180481,0.3959999978542328,0.37252077460289,241828000
2014-01-15,0.39774999022483826,0.40174999833106995,0.3959999978542328,0.40024998784065247,0.3765188753604889,175044000
2014-01-16,0.40024998784065247,0.4022499918937683,0.398499995470047,0.40149998664855957,0.37769466638565063,220652000
2014-01-17,0.40149998664855957,0.40625,0.3972499966621399,0.3997499942779541,0.3760484457015991,340400000
2014-01-21,0.40024998784065247,0.4037500023841858,0.3970000147819519,0.4012500047683716,0.37745949625968933,246076000
2014-01-22,0.4020000100135803,0.4025000035762787,0.3959999978542328,0.4007500112056732,0.3769891858100891,337940000
2014-01-23,0.3995000123977661,0.4037500023841858,0.39625000953674316,0.39925000071525574,0.3755781352519989,185028000
2014-01-24,0.3959999978542328,0.39750000834465027,0.3889999985694885,0.3889999985694885,0.36593589186668396,246696000
2014-01-27,0.3889999985694885,0.3944999873638153,0.3842499852180481,0.3865000009536743,0.3635839819908142,233812000
2014-01-28,0.3857499957084656,0.390500009059906,0.3842499852180481,0.39024999737739563,0.3671116828918457,167996000
2014-01-29,0.38874998688697815,0.39100000262260437,0.38624998927116394,0.3865000009536743,0.3635839819908142,162944000
2014-01-30,0.38874998688697815,0.39375001192092896,0.38749998807907104,0.3930000066757202,0.36969879269599915,202896000
2014-01-31,0.38749998807907104,0.3947499990463257,0.38725000619888306,0.39250001311302185,0.3692282736301422,335348000
2014-02-03,0.39524999260902405,0.3957499861717224,0.3857499957084656,0.38725000619888306,0.3642895817756653,431728000
2014-02-04,0.3869999945163727,0.39024999737739563,0.38499999046325684,0.3894999921321869,0.36640626192092896,280692000
2014-02-05,0.3867500126361847,0.3880000114440918,0.382999986410141,0.38600000739097595,0.36311379075050354,214676000
2014-02-06,0.3865000009536743,0.3919999897480011,0.38600000739097595,0.39100000262260437,0.367817223072052,168380000
2014-02-07,0.3919999897480011,0.3972499966621399,0.38850000500679016,0.39675000309944153,0.3732262849807739,157248000
2014-02-10,0.39625000953674316,0.4032500088214874,0.3959999978542328,0.39800000190734863,0.3744022846221924,324372000
2014-02-11,0.40024998784065247,0.40724998712539673,0.398250013589859,0.40625,0.3821631371974945,235384000
2014-02-12,0.4074999988079071,0.42375001311302185,0.4074999988079071,0.4207499921321869,0.3958033621311188,744528000
2014-02-13,0.4312500059604645,0.43650001287460327,0.42375001311302185,0.4339999854564667,0.40826767683029175,902836000
2014-02-14,0.4300000071525574,0.44874998927116394,0.429749995470047,0.4477500021457672,0.42120254039764404,817536000
2014-02-18,0.4480000138282776,0.4494999945163727,0.4437499940395355,0.44749999046325684,0.4209672510623932,428988000
2014-02-19,0.44749999046325684,0.45750001072883606,0.445499986410141,0.45350000262260437,0.42661163210868835,450340000
2014-02-20,0.4544999897480011,0.47049999237060547,0.45375001430511475,0.46950000524520874,0.44166299700737,398088000
2014-02-21,0.46875,0.47475001215934753,0.46299999952316284,0.4659999907016754,0.4383704364299774,451052000
2014-02-24,0.4650000035762787,0.4762499928474426,0.460750013589859,0.4727500081062317,0.4447202980518341,403112000
2014-02-25,0.4699999988079071,0.47200000286102295,0.4634999930858612,0.4684999883174896,0.4427122175693512,242184000
2014-02-26,0.4675000011920929,0.47450000047683716,0.4662500023841858,0.46775001287460327,0.4420035183429718,360884000
2014-02-27,0.46775001287460327,0.4724999964237213,0.4612500071525574,0.4625000059604645,0.4370424747467041,388848000
2014-02-28,0.46000000834465027,0.4645000100135803,0.45274999737739563,0.4595000147819519,0.4342075288295746,321692000
2014-03-03,0.4492500126361847,0.4572499990463257,0.445250004529953,0.4572499990463257,0.4320813715457916,375948000
2014-03-04,0.4595000147819519,0.4650000035762787,0.45875000953674316,0.4620000123977661,0.4365699291229248,260344000
2014-03-05,0.46149998903274536,0.4662500023841858,0.4595000147819519,0.4659999907016754,0.4403497278690338,241472000
2014-03-06,0.46674999594688416,0.46924999356269836,0.45875000953674316,0.4595000147819519,0.4342075288295746,290144000
2014-03-07,0.46149998903274536,0.4622499942779541,0.4555000066757202,0.45899999141693115,0.4337351620197296,268452000
2014-03-10,0.45750001072883606,0.4595000147819519,0.4502499997615814,0.45225000381469727,0.42735666036605835,300888000
2014-03-11,0.4544999897480011,0.460750013589859,0.453000009059906,0.4567500054836273,0.43160900473594666,297220000
2014-03-12,0.4544999897480011,0.460750013589859,0.45274999737739563,0.4580000042915344,0.43279018998146057,239428000
2014-03-13,0.45899999141693115,0.460750013589859,0.4412499964237213,0.44350001215934753,0.4190881550312042,385172000
2014-03-14,0.4390000104904175,0.4494999945163727,0.4390000104904175,0.445499986410141,0.42097821831703186,460048000
2014-03-17,0.4467499852180481,0.44999998807907104,0.4449999928474426,0.445499986410141,0.42097821831703186,299656000
2014-03-18,0.44725000858306885,0.45899999141693115,0.445250004529953,0.4560000002384186,0.43090030550956726,293904000
2014-03-19,0.4595000147819519,0.4727500081062317,0.4582499861717224,0.46399998664855957,0.43845993280410767,366168000
2014-03-20,0.46149998903274536,0.46825000643730164,0.4595000147819519,0.46424999833106995,0.43869611620903015,191800000
2014-03-21,0.46825000643730164,0.47200000286102295,0.460999995470047,0.4634999930858612,0.43798741698265076,566116000
2014-03-24,0.4637500047683716,0.4675000011920929,0.4544999897480011,0.4612500071525574,0.4358612895011902,306096000
2014-03-25,0.4662500023841858,0.46674999594688416,0.45774999260902405,0.4612500071525574,0.4358612895011902,304424000
2014-03-26,0.46549999713897705,0.4742499887943268,0.4467499852180481,0.4507499933242798,0.42593929171562195,557756000
2014-03-27,0.44975000619888306,0.45350000262260437,0.43974998593330383,0.44475001096725464,0.4202693700790405,540728000
2014-03-28,0.4440000057220459,0.4502499997615814,0.4427500069141388,0.44749999046325684,0.42286810278892517,398820000
2014-03-31,0.4482499957084656,0.45225000381469727,0.445250004529953,0.4477500021457672,0.4231044054031372,273404000
2014-04-01,0.4620000123977661,0.4717499911785126,0.45649999380111694,0.4662500023841858,0.4405860900878906,656272000
2014-04-02,0.4662500023841858,0.4672499895095825,0.4612500071525574,0.4632500112056732,0.4377511739730835,239948000
2014-04-03,0.46424999833106995,0.4794999957084656,0.46399998664855957,0.46825000643730164,0.4424760043621063,599548000
2014-04-04,0.47075000405311584,0.47350001335144043,0.4517500102519989,0.45375001430511475,0.42877402901649475,368032000
2014-04-07,0.45399999618530273,0.46399998664855957,0.4514999985694885,0.45524999499320984,0.4301915168762207,428576000
2014-04-08,0.45524999499320984,0.4727500081062317,0.4544999897480011,0.4715000092983246,0.4455471634864807,470692000
2014-04-09,0.4737499952316284,0.4777500033378601,0.4672499895095825,0.47099998593330383,0.4450746178627014,421968000
2014-04-10,0.4690000116825104,0.4754999876022339,0.4580000042915344,0.4595000147819519,0.4342075288295746,372748000
2014-04-11,0.4560000002384186,0.46299999952316284,0.44699999690055847,0.453000009059906,0.42806529998779297,353112000
2014-04-14,0.4560000002384186,0.4597499966621399,0.453000009059906,0.4580000042915344,0.43279018998146057,290184000
2014-04-15,0.4584999978542328,0.4637500047683716,0.45399999618530273,0.4612500071525574,0.4358612895011902,304636000
2014-04-16,0.4634999930858612,0.46399998664855957,0.45649999380111694,0.4622499942779541,0.43680626153945923,235136000
2014-04-17,0.46050000190734863,0.46825000643730164,0.4595000147819519,0.46399998664855957,0.43845993280410767,153532000
2014-04-21,0.46424999833106995,0.4690000116825104,0.4612500071525574,0.46775001287460327,0.4420035183429718,117004000
2014-04-22,0.4684999883174896,0.47475001215934753,0.4659999907016754,0.4717499911785126,0.4457833468914032,255120000
2014-04-23,0.4724999964237213,0.47850000858306885,0.4717499911785126,0.47725000977516174,0.4509805142879486,261580000
2014-04-24,0.4805000126361847,0.48649999499320984,0.4805000126361847,0.4814999997615814,0.4549967050552368,391492000
2014-04-25,0.4805000126361847,0.48500001430511475,0.4672499895095825,0.46825000643730164,0.4424760043621063,313600000
2014-04-28,0.47200000286102295,0.47450000047683716,0.46050000190734863,0.4662500023841858,0.4405860900878906,226788000
2014-04-29,0.46799999475479126,0.4690000116825104,0.4620000123977661,0.4672499895095825,0.44153109192848206,171300000
2014-04-30,0.46650001406669617,0.46700000762939453,0.460750013589859,0.46175000071525574,0.4363337457180023,305740000
2014-05-01,0.46875,0.46974998712539673,0.46050000190734863,0.46424999833106995,0.43869611620903015,198104000
2014-05-02,0.46650001406669617,0.46650001406669617,0.4580000042915344,0.460750013589859,0.43538883328437805,156376000
2014-05-05,0.46024999022483826,0.46924999356269836,0.4597499966621399,0.4657500088214874,0.44011354446411133,239260000
2014-05-06,0.4702500104904175,0.4742499887943268,0.45500001311302185,0.45625001192092896,0.43113648891448975,416188000
2014-05-07,0.45625001192092896,0.46050000190734863,0.4517500102519989,0.4567500054836273,0.43160900473594666,293900000
2014-05-08,0.45500001311302185,0.46974998712539673,0.45274999737739563,0.4625000059604645,0.4370424747467041,432728000
2014-05-09,0.44850000739097595,0.45274999737739563,0.4427500069141388,0.45124998688697815,0.4264117479324341,539532000
2014-05-12,0.45225000381469727,0.46549999713897705,0.4519999921321869,0.4645000100135803,0.4389324486255646,299856000
2014-05-13,0.4582499861717224,0.4657500088214874,0.4555000066757202,0.4569999873638153,0.43184518814086914,221104000
2014-05-14,0.4572499990463257,0.45899999141693115,0.45225000381469727,0.45249998569488525,0.42759278416633606,214320000
2014-05-15,0.4514999985694885,0.45399999618530273,0.445499986410141,0.44999998807907104,0.42523056268692017,325896000
2014-05-16,0.4465000033378601,0.45225000381469727,0.4465000033378601,0.4490000009536743,0.4242855906486511,283960000
2014-05-19,0.45375001430511475,0.4659999907016754,0.4517500102519989,0.4634999930858612,0.43798741698265076,360076000
2014-05-20,0.46149998903274536,0.46274998784065247,0.45375001430511475,0.4560000002384186,0.43288493156433105,256200000
2014-05-21,0.45774999260902405,0.46175000071525574,0.453249990940094,0.4560000002384186,0.43288493156433105,216712000
2014-05-22,0.45500001311302185,0.46050000190734863,0.45500001311302185,0.4580000042915344,0.43478354811668396,130364000
2014-05-23,0.46050000190734863,0.4645000100135803,0.45774999260902405,0.4622499942779541,0.43881815671920776,182656000
2014-05-27,0.4650000035762787,0.47049999237060547,0.4634999930858612,0.47049999237060547,0.4466499388217926,209680000
2014-05-28,0.4722500145435333,0.47749999165534973,0.46775001287460327,0.47450000047683716,0.4504471719264984,224676000
2014-05-29,0.4742499887943268,0.47824999690055847,0.4727500081062317,0.4737499952316284,0.44973522424697876,171884000
2014-05-30,0.4737499952316284,0.4762499928474426,0.4712499976158142,0.4749999940395355,0.45092177391052246,239128000
2014-06-02,0.476500004529953,0.4794999957084656,0.46950000524520874,0.47350001335144043,0.4494978189468384,181500000
2014-06-03,0.47450000047683716,0.4749999940395355,0.4652499854564667,0.4715000092983246,0.4475992023944855,243212000
2014-06-04,0.4702500104904175,0.4754999876022339,0.4699999988079071,0.47200000286102295,0.44807395339012146,161236000
2014-06-05,0.4727500081062317,0.4754999876022339,0.4699999988079071,0.4740000069141388,0.4499724805355072,188696000
2014-06-06,0.4762499928474426,0.47999998927116394,0.47450000047683716,0.47574999928474426,0.4516337811946869,161052000
2014-06-09,0.4752500057220459,0.4807499945163727,0.47200000286102295,0.4762499928474426,0.4521082639694214,247456000
2014-06-10,0.47450000047683716,0.48100000619888306,0.4724999964237213,0.47874999046325684,0.4544816017150879,217608000
2014-06-11,0.47699999809265137,0.48625001311302185,0.47699999809265137,0.48500001430511475,0.460414856672287,266228000
2014-06-12,0.48500001430511475,0.49024999141693115,0.4807499945163727,0.4880000054836273,0.4632628262042999,337148000
2014-06-13,0.49300000071525574,0.4932500123977661,0.48374998569488525,0.4884999990463257,0.46373751759529114,227852000
2014-06-16,0.48625001311302185,0.49024999141693115,0.4827499985694885,0.4869999885559082,0.4623134136199951,198620000
2014-06-17,0.48750001192092896,0.492249995470047,0.48500001430511475,0.49024999141693115,0.4653986096382141,157608000
2014-06-18,0.48899999260902405,0.492000013589859,0.484499990940094,0.4897499978542328,0.46492400765419006,215536000
2014-06-19,0.4807499945163727,0.4832499921321869,0.4749999940395355,0.47850000858306885,0.45424434542655945,474592000
2014-06-20,0.47975000739097595,0.4814999997615814,0.46950000524520874,0.47325000166893005,0.449260413646698,353148000
2014-06-23,0.46700000762939453,0.46799999475479126,0.46149998903274536,0.46775001287460327,0.44403934478759766,414200000
2014-06-24,0.46700000762939453,0.47075000405311584,0.4584999978542328,0.46050000190734863,0.43715670704841614,275780000
2014-06-25,0.46175000071525574,0.46549999713897705,0.45750001072883606,0.4652499854564667,0.44166603684425354,215420000
2014-06-26,0.4652499854564667,0.46549999713897705,0.45750001072883606,0.45899999141693115,0.4357329308986664,256908000
2014-06-27,0.4584999978542328,0.4622499942779541,0.4557499885559082,0.4595000147819519,0.43620747327804565,302820000
2014-06-30,0.45774999260902405,0.4647499918937683,0.45774999260902405,0.4634999930858612,0.44000473618507385,180512000
2014-07-01,0.46299999952316284,0.4715000092983246,0.46149998903274536,0.46875,0.44498851895332336,321180000
2014-07-02,0.46700000762939453,0.4690000116825104,0.46424999833106995,0.46700000762939453,0.44332727789878845,179284000
2014-07-03,0.46274998784065247,0.4724999964237213,0.46274998784065247,0.4712499976158142,0.4473618268966675,136892000
2014-07-07,0.47200000286102295,0.4722500145435333,0.46674999594688416,0.4675000011920929,0.44380199909210205,127496000
2014-07-08,0.4662500023841858,0.46825000643730164,0.45925000309944153,0.4637500047683716,0.4402419924736023,221940000
2014-07-09,0.46775001287460327,0.47975000739097595,0.46424999833106995,0.4777500033378601,0.453532338142395,387668000
2014-07-10,0.46875,0.47725000977516174,0.4650000035762787,0.4752500057220459,0.45115897059440613,266308000
2014-07-11,0.47574999928474426,0.4777500033378601,0.4740000069141388,0.4762499928474426,0.4521082639694214,191188000
2014-07-14,0.47824999690055847,0.48350000381469727,0.476500004529953,0.48225000500679016,0.45780429244041443,272636000
2014-07-15,0.4830000102519989,0.4855000078678131,0.47975000739097595,0.484250009059906,0.4597027897834778,395440000
2014-07-16,0.48625001311302185,0.49000000953674316,0.48100000619888306,0.48374998569488525,0.45922818779945374,319728000
2014-07-17,0.47824999690055847,0.48750001192092896,0.47824999690055847,0.48249998688697815,0.45804160833358765,324832000
2014-07-18,0.4724999964237213,0.4762499928474426,0.46024999022483826,0.460999995470047,0.43763142824172974,567816000
2014-07-21,0.45925000309944153,0.46700000762939453,0.45925000309944153,0.4637500047683716,0.4402419924736023,243364000
2014-07-22,0.4672499895095825,0.46974998712539673,0.460750013589859,0.46175000071525574,0.4383433759212494,298816000
2014-07-23,0.4620000123977661,0.4622499942779541,0.4514999985694885,0.4519999921321869,0.42908766865730286,297352000
2014-07-24,0.4544999897480011,0.4557499885559082,0.4494999945163727,0.45274999737739563,0.4297997057437897,254576000
2014-07-25,0.45124998688697815,0.45225000381469727,0.4440000057220459,0.44475001096725464,0.4222051203250885,266132000
2014-07-28,0.4467499852180481,0.4467499852180481,0.43549999594688416,0.4429999887943268,0.42054396867752075,330352000
2014-07-29,0.44325000047683716,0.4505000114440918,0.4429999887943268,0.44449999928474426,0.4219678044319153,217972000
2014-07-30,0.44725000858306885,0.453249990940094,0.44600000977516174,0.4519999921321869,0.42908766865730286,246184000
2014-07-31,0.4465000033378601,0.44999998807907104,0.43674999475479126,0.4375,0.4153227210044861,401880000
2014-08-01,0.4375,0.44475001096725464,0.4359999895095825,0.44225001335144043,0.41983190178871155,219884000
2014-08-04,0.4417499899864197,0.445499986410141,0.4390000104904175,0.4412499964237213,0.4188826382160187,241724000
2014-08-05,0.4399999976158142,0.4480000138282776,0.4362500011920929,0.4415000081062317,0.41911986470222473,298136000
2014-08-06,0.43849998712539673,0.4465000033378601,0.43525001406669617,0.4410000145435333,0.41864529252052307,223456000
2014-08-07,0.44475001096725464,0.44874998927116394,0.4334999918937683,0.43650001287460327,0.41437336802482605,407696000
2014-08-08,0.4555000066757202,0.47749999165534973,0.4555000066757202,0.4749999940395355,0.45092177391052246,894348000
2014-08-11,0.4754999876022339,0.47749999165534973,0.4712499976158142,0.4724999964237213,0.44854846596717834,344624000
2014-08-12,0.4722500145435333,0.4749999940395355,0.4672499895095825,0.4724999964237213,0.44854846596717834,296152000
2014-08-13,0.47325000166893005,0.4792500138282776,0.4702500104904175,0.4752500057220459,0.45115897059440613,256596000
2014-08-14,0.47699999809265137,0.47699999809265137,0.46799999475479126,0.4699999988079071,0.446175217628479,255992000
2014-08-15,0.4715000092983246,0.47874999046325684,0.46700000762939453,0.47600001096725464,0.4518710672855377,369796000
2014-08-18,0.4779999852180481,0.4830000102519989,0.47325000166893005,0.48249998688697815,0.45804160833358765,284076000
2014-08-19,0.4805000126361847,0.4867500066757202,0.47874999046325684,0.484250009059906,0.4617363512516022,248260000
2014-08-20,0.48249998688697815,0.48475000262260437,0.47999998927116394,0.48124998807907104,0.458875834941864,221468000
2014-08-21,0.47999998927116394,0.48249998688697815,0.47600001096725464,0.476749986410141,0.45458507537841797,272796000
2014-08-22,0.4762499928474426,0.48100000619888306,0.47325000166893005,0.47699999809265137,0.4548235237598419,251224000
2014-08-25,0.4790000021457672,0.48225000500679016,0.476749986410141,0.4777500033378601,0.45553866028785706,153380000
2014-08-26,0.4790000021457672,0.4872500002384186,0.47725000977516174,0.48625001311302185,0.4636434316635132,269636000
2014-08-27,0.4832499921321869,0.4869999885559082,0.47999998927116394,0.4807499945163727,0.4583991467952728,182972000
2014-08-28,0.47975000739097595,0.4857499897480011,0.47824999690055847,0.48475000262260437,0.4622131586074829,179704000
2014-08-29,0.48649999499320984,0.4872500002384186,0.48124998807907104,0.48625001311302185,0.4636434316635132,207932000
2014-09-02,0.48750001192092896,0.48750001192092896,0.4830000102519989,0.48750001192092896,0.4648353159427643,192636000
2014-09-03,0.49000000953674316,0.4937500059604645,0.4867500066757202,0.492000013589859,0.4691261351108551,259456000
2014-09-04,0.49125000834465027,0.5037500262260437,0.4909999966621399,0.5007500052452087,0.47746941447257996,491832000
2014-09-05,0.500249981880188,0.5024999976158142,0.4959999918937683,0.49924999475479126,0.47603896260261536,253792000
2014-09-08,0.4987500011920929,0.4997499883174896,0.49274998903274536,0.4947499930858612,0.4717482924461365,319288000
2014-09-09,0.4925000071525574,0.4957500100135803,0.4880000054836273,0.4884999990463257,0.4657888412475586,198588000
2014-09-10,0.49125000834465027,0.492000013589859,0.4857499897480011,0.49024999141693115,0.46745744347572327,172376000
2014-09-11,0.4867500066757202,0.4884999990463257,0.47999998927116394,0.48524999618530273,0.46268990635871887,250720000
2014-09-12,0.4882499873638153,0.4882499873638153,0.47749999165534973,0.4779999852180481,0.4557768702507019,262536000
2014-09-15,0.4794999957084656,0.4802500009536743,0.46950000524520874,0.4715000092983246,0.4495792090892792,294152000
2014-09-16,0.4702500104904175,0.48100000619888306,0.46875,0.47850000858306885,0.45625364780426025,219936000
2014-09-17,0.47725000977516174,0.4832499921321869,0.4749999940395355,0.47874999046325684,0.4564921259880066,173584000
2014-09-18,0.4817500114440918,0.48649999499320984,0.4802500009536743,0.4860000014305115,0.4634050130844116,219604000
2014-09-19,0.48750001192092896,0.4880000054836273,0.4762499928474426,0.47699999809265137,0.4548235237598419,601316000
2014-09-22,0.4867500066757202,0.4867500066757202,0.4717499911785126,0.4722500145435333,0.45029428601264954,221464000
2014-09-23,0.46974998712539673,0.4754999876022339,0.46799999475479126,0.4702500104904175,0.4483872950077057,196144000
2014-09-24,0.4699999988079071,0.47450000047683716,0.46950000524520874,0.4729999899864197,0.45100948214530945,159592000
2014-09-25,0.4724999964237213,0.4737499952316284,0.46175000071525574,0.46274998784065247,0.44123589992523193,298440000
2014-09-26,0.46424999833106995,0.4672499895095825,0.4622499942779541,0.4637500047683716,0.4421895444393158,241188000
2014-09-29,0.46000000834465027,0.4662500023841858,0.4555000066757202,0.46299999952316284,0.4414742887020111,208540000
2014-09-30,0.460999995470047,0.4645000100135803,0.4557499885559082,0.4612500071525574,0.4398057162761688,277204000
2014-10-01,0.4620000123977661,0.4652499854564667,0.4555000066757202,0.4567500054836273,0.435514897108078,350976000
2014-10-02,0.4560000002384186,0.4582499861717224,0.4442499876022339,0.4547500014305115,0.4336079955101013,288996000
2014-10-03,0.45750001072883606,0.4637500047683716,0.4557499885559082,0.4557499885559082,0.43456143140792847,239140000
2014-10-06,0.45750001072883606,0.4612500071525574,0.44999998807907104,0.453000009059906,0.43193918466567993,199032000
2014-10-07,0.45100000500679016,0.4555000066757202,0.4477500021457672,0.4482499957084656,0.4274100959300995,301896000
2014-10-08,0.4477500021457672,0.45875000953674316,0.4442499876022339,0.45649999380111694,0.4352765381336212,260172000
2014-10-09,0.4544999897480011,0.45500001311302185,0.4440000057220459,0.4477500021457672,0.42693331837654114,306956000
2014-10-10,0.4442499876022339,0.44574999809265137,0.42100000381469727,0.42124998569488525,0.4016653597354889,691376000
2014-10-13,0.42399999499320984,0.4325000047683716,0.4192500114440918,0.41975000500679016,0.400235116481781,397628000
2014-10-14,0.4255000054836273,0.4412499964237213,0.4230000078678131,0.429500013589859,0.40953177213668823,376620000
2014-10-15,0.4232499897480011,0.43825000524520874,0.4205000102519989,0.4359999895095825,0.4157296419143677,404428000
2014-10-16,0.4282500147819519,0.4412499964237213,0.4272499978542328,0.4362500011920929,0.41596800088882446,351116000
2014-10-17,0.4415000081062317,0.4465000033378601,0.4337500035762787,0.43549999594688416,0.41525280475616455,290716000
2014-10-20,0.43549999594688416,0.44325000047683716,0.4325000047683716,0.43924999237060547,0.41882848739624023,200336000
2014-10-21,0.4424999952316284,0.4584999978542328,0.4412499964237213,0.4580000042915344,0.4367068409919739,351092000
2014-10-22,0.4572499990463257,0.45875000953674316,0.44725000858306885,0.44725000858306885,0.42645666003227234,239512000
2014-10-23,0.45500001311302185,0.46050000190734863,0.4517500102519989,0.4572499990463257,0.4359915852546692,214476000
2014-10-24,0.46000000834465027,0.4647499918937683,0.4572499990463257,0.4620000123977661,0.4405207931995392,210156000
2014-10-27,0.46175000071525574,0.46399998664855957,0.4567500054836273,0.4622499942779541,0.44075924158096313,145092000
2014-10-28,0.460999995470047,0.4737499952316284,0.46050000190734863,0.47325000166893005,0.45124784111976624,192580000
2014-10-29,0.4712499976158142,0.4740000069141388,0.4659999907016754,0.4702500104904175,0.4483872950077057,168340000
2014-10-30,0.4690000116825104,0.47099998593330383,0.4612500071525574,0.4672499895095825,0.44552671909332275,170260000
2014-10-31,0.4779999852180481,0.48875001072883606,0.4754999876022339,0.4884999990463257,0.4657888412475586,256316000
2014-11-03,0.4997499883174896,0.5015000104904175,0.49424999952316284,0.49674999713897705,0.4736553132534027,308732000
2014-11-04,0.5,0.5049999952316284,0.49175000190734863,0.503250002861023,0.4798530340194702,360196000
2014-11-05,0.5062500238418579,0.5065000057220459,0.49950000643730164,0.503250002861023,0.4798530340194702,335652000
2014-11-06,0.5042499899864197,0.5062500238418579,0.4964999854564667,0.5055000185966492,0.4819982945919037,394088000
2014-11-07,0.5112500190734863,0.5172500014305115,0.4897499978542328,0.4947499930858612,0.4717482924461365,450800000
2014-11-10,0.49424999952316284,0.5037500262260437,0.49300000071525574,0.5005000233650208,0.4772310256958008,293388000
2014-11-11,0.4975000023841858,0.500249981880188,0.49024999141693115,0.4945000112056732,0.47150981426239014,212992000
2014-11-12,0.49274998903274536,0.49399998784065247,0.484499990940094,0.49125000834465027,0.46841099858283997,204584000
2014-11-13,0.49300000071525574,0.4937500059604645,0.48475000262260437,0.48875001072883606,0.4660272002220154,225328000
2014-11-14,0.4892500042915344,0.4947499930858612,0.484499990940094,0.4947499930858612,0.4717482924461365,160248000
2014-11-17,0.4925000071525574,0.49775001406669617,0.4892500042915344,0.4925000071525574,0.46960288286209106,158732000
2014-11-18,0.49274998903274536,0.5055000185966492,0.49149999022483826,0.5042499899864197,0.4808065891265869,207772000
2014-11-19,0.5024999976158142,0.5040000081062317,0.4950000047683716,0.500249981880188,0.4790112376213074,240300000
2014-11-20,0.49674999713897705,0.5090000033378601,0.49524998664855957,0.5084999799728394,0.4869108200073242,220968000
2014-11-21,0.5130000114440918,0.5137500166893005,0.5070000290870667,0.5112500190734863,0.489544153213501,198976000
2014-11-24,0.512499988079071,0.5167499780654907,0.5105000138282776,0.5145000219345093,0.4926561415195465,136004000
2014-11-25,0.5134999752044678,0.5180000066757202,0.512499988079071,0.5142499804496765,0.49241676926612854,190240000
2014-11-26,0.5112500190734863,0.5235000252723694,0.5109999775886536,0.5230000019073486,0.5007952451705933,219264000
2014-11-28,0.5247499942779541,0.5272499918937683,0.5199999809265137,0.5242499709129333,0.5019922256469727,124832000
2014-12-01,0.5220000147819519,0.5249999761581421,0.5137500166893005,0.5145000219345093,0.4926561415195465,190060000
2014-12-02,0.5139999985694885,0.5174999833106995,0.5092499852180481,0.515250027179718,0.4933743476867676,245952000
2014-12-03,0.5177500247955322,0.5287500023841858,0.5162500143051147,0.5285000205039978,0.5060619115829468,284424000
2014-12-04,0.5277500152587891,0.5297499895095825,0.5202500224113464,0.5237500071525574,0.5015135407447815,185332000
2014-12-05,0.5239999890327454,0.5295000076293945,0.5237500071525574,0.5267500281333923,0.5043859481811523,165680000
2014-12-08,0.5260000228881836,0.53125,0.515749990940094,0.5199999809265137,0.4979225993156433,226944000
2014-12-09,0.5167499780654907,0.5195000171661377,0.5090000033378601,0.5182499885559082,0.49624693393707275,239448000
2014-12-10,0.5167499780654907,0.518750011920929,0.5062500238418579,0.5067499876022339,0.48523521423339844,204364000
2014-12-11,0.5097500085830688,0.5132499933242798,0.5055000185966492,0.5065000057220459,0.48499584197998047,135652000
2014-12-12,0.4997499883174896,0.5042499899864197,0.49024999141693115,0.4907500147819519,0.4699145257472992,323964000
2014-12-15,0.4964999854564667,0.5055000185966492,0.48774999380111694,0.4892500042915344,0.4684782028198242,254696000
2014-12-16,0.48875001072883606,0.4964999854564667,0.48350000381469727,0.48374998569488525,0.46321168541908264,185308000
2014-12-17,0.4934999942779541,0.5042499899864197,0.47749999165534973,0.5034999847412109,0.48212307691574097,345596000
2014-12-18,0.5097500085830688,0.515749990940094,0.5007500052452087,0.5055000185966492,0.4840381443500519,226156000
2014-12-19,0.5090000033378601,0.512499988079071,0.5042499899864197,0.5105000138282776,0.4888259172439575,325528000
2014-12-22,0.5099999904632568,0.5195000171661377,0.5082499980926514,0.5195000171661377,0.4974440634250641,148976000
2014-12-23,0.5235000252723694,0.5260000228881836,0.515749990940094,0.5162500143051147,0.49433189630508423,109280000
2014-12-24,0.5174999833106995,0.5182499885559082,0.5137500166893005,0.5142499804496765,0.49241676926612854,45644000
2014-12-26,0.5142499804496765,0.5174999833106995,0.5130000114440918,0.5147500038146973,0.49289560317993164,52636000
2014-12-29,0.5132499933242798,0.5174999833106995,0.5107499957084656,0.5139999985694885,0.4921775758266449,82944000
2014-12-30,0.5105000138282776,0.5130000114440918,0.5084999799728394,0.5092499852180481,0.48762911558151245,112120000
2014-12-31,0.5099999904632568,0.5127500295639038,0.4997499883174896,0.5012500286102295,0.4799686372280121,166300000
2015-01-02,0.503250002861023,0.5070000290870667,0.49524998664855957,0.503250002861023,0.48188379406929016,113680000
2015-01-05,0.503250002861023,0.5047500133514404,0.4925000071525574,0.4947499930858612,0.473744660615921,197952000
2015-01-06,0.49549999833106995,0.4959999918937683,0.4792500138282776,0.47975000739097595,0.4593815207481384,197764000
2015-01-07,0.4832499921321869,0.48750001192092896,0.47699999809265137,0.47850000858306885,0.4581845700740814,321808000
2015-01-08,0.48399999737739563,0.49950000643730164,0.48374998569488525,0.4964999854564667,0.4754202663898468,283780000
2015-01-09,0.49825000762939453,0.5022500157356262,0.49149999022483826,0.4984999895095825,0.47733548283576965,209540000
2015-01-12,0.4997499883174896,0.5,0.48774999380111694,0.492249995470047,0.471350759267807,190732000
2015-01-13,0.4959999918937683,0.5059999823570251,0.4880000054836273,0.49149999022483826,0.47063273191452026,236720000
2015-01-14,0.48625001311302185,0.4950000047683716,0.48500001430511475,0.4934999942779541,0.4725477695465088,155260000
2015-01-15,0.4970000088214874,0.5,0.4897499978542328,0.49000000953674316,0.4691963493824005,188932000
2015-01-16,0.4892500042915344,0.49950000643730164,0.48774999380111694,0.49900001287460327,0.4778142273426056,181512000
2015-01-20,0.5024999976158142,0.5052499771118164,0.49424999952316284,0.5005000233650208,0.4792506992816925,140308000
2015-01-21,0.49775001406669617,0.5087500214576721,0.49424999952316284,0.5074999928474426,0.48595333099365234,144780000
2015-01-22,0.5084999799728394,0.5177500247955322,0.503250002861023,0.5162500143051147,0.49433189630508423,159712000
2015-01-23,0.5167499780654907,0.518750011920929,0.512499988079071,0.5177500247955322,0.49576839804649353,120416000
2015-01-26,0.515500009059906,0.5180000066757202,0.5122500061988831,0.515500009059906,0.4936135411262512,133240000
2015-01-27,0.5074999928474426,0.5080000162124634,0.4897499978542328,0.4907500147819519,0.4699145257472992,357948000
2015-01-28,0.49674999713897705,0.4987500011920929,0.48249998688697815,0.4827499985694885,0.462254136800766,272728000
2015-01-29,0.4830000102519989,0.4972499907016754,0.4807499945163727,0.4945000112056732,0.4735053479671478,235340000
2015-01-30,0.4909999966621399,0.49674999713897705,0.4792500138282776,0.47999998927116394,0.45962095260620117,298200000
2015-02-02,0.4830000102519989,0.4925000071525574,0.47350001335144043,0.49050000309944153,0.46967512369155884,259604000
2015-02-03,0.49399998784065247,0.503250002861023,0.49149999022483826,0.5027499794960022,0.48140501976013184,183468000
2015-02-04,0.5012500286102295,0.5097500085830688,0.4997499883174896,0.5040000081062317,0.48260200023651123,181516000
2015-02-05,0.5044999718666077,0.512499988079071,0.5040000081062317,0.5122500061988831,0.4905018210411072,140448000
2015-02-06,0.5117499828338623,0.5177500247955322,0.5077499747276306,0.5099999904632568,0.48834723234176636,210524000
2015-02-09,0.5070000290870667,0.5109999775886536,0.5037500262260437,0.5095000267028809,0.4878683388233185,273944000
2015-02-10,0.5099999904632568,0.5239999890327454,0.5077499747276306,0.5237500071525574,0.5015135407447815,226204000
2015-02-11,0.5249999761581421,0.5249999761581421,0.5167499780654907,0.5202500224113464,0.49816200137138367,320832000
2015-02-12,0.550000011920929,0.5625,0.546750009059906,0.5575000047683716,0.5338307023048401,676904000
2015-02-13,0.5562499761581421,0.5584999918937683,0.5477499961853027,0.5577499866485596,0.5340697169303894,310084000
2015-02-17,0.5567499995231628,0.562250018119812,0.5532500147819519,0.559499979019165,0.5357457399368286,203340000
2015-02-18,0.5587499737739563,0.5597500205039978,0.5519999861717224,0.5529999732971191,0.529521644115448,170948000
2015-02-19,0.5600000023841858,0.5609999895095825,0.5519999861717224,0.5544999837875366,0.5309579372406006,169432000
2015-02-20,0.5540000200271606,0.5587499737739563,0.550000011920929,0.5584999918937683,0.5347881317138672,157752000
2015-02-23,0.5582500100135803,0.5582500100135803,0.5512499809265137,0.5540000200271606,0.530479371547699,125008000
2015-02-24,0.5540000200271606,0.5577499866485596,0.5490000247955322,0.5577499866485596,0.5361262559890747,149356000
2015-02-25,0.5554999709129333,0.5580000281333923,0.5509999990463257,0.5534999966621399,0.5320411920547485,123820000
2015-02-26,0.5540000200271606,0.5582500100135803,0.5504999756813049,0.5550000071525574,0.5334829092025757,152864000
2015-02-27,0.5534999966621399,0.5547500252723694,0.5494999885559082,0.5515000224113464,0.5301186442375183,157492000
2015-03-02,0.550000011920929,0.5680000185966492,0.5492500066757202,0.5649999976158142,0.5430952310562134,301512000
2015-03-03,0.5607500076293945,0.5634999871253967,0.5527499914169312,0.5544999837875366,0.5330022573471069,160344000
2015-03-04,0.5525000095367432,0.5619999766349792,0.5502499938011169,0.5607500076293945,0.5390099287033081,226840000
2015-03-05,0.5607500076293945,0.5724999904632568,0.559249997138977,0.5715000033378601,0.5493432879447937,323056000
2015-03-06,0.5682500004768372,0.5709999799728394,0.5632500052452087,0.5637500286102295,0.5418936610221863,257392000
2015-03-09,0.5640000104904175,0.5695000290870667,0.562749981880188,0.5652499794960022,0.543335497379303,222388000
2015-03-10,0.5677499771118164,0.5787500143051147,0.5667499899864197,0.574999988079071,0.5527075529098511,527212000
2015-03-11,0.574999988079071,0.5824999809265137,0.5705000162124634,0.5720000267028809,0.5498238205909729,262120000
2015-03-12,0.5665000081062317,0.5707499980926514,0.5559999942779541,0.5667499899864197,0.544777512550354,406972000
2015-03-13,0.5640000104904175,0.5690000057220459,0.5562499761581421,0.5674999952316284,0.5454983115196228,359288000
2015-03-16,0.5720000267028809,0.577750027179718,0.5682500004768372,0.5742499828338623,0.5519866943359375,236956000
2015-03-17,0.5730000138282776,0.5814999938011169,0.5690000057220459,0.581250011920929,0.5587152242660522,299900000
2015-03-18,0.581250011920929,0.5842499732971191,0.5665000081062317,0.5717499852180481,0.5495835542678833,413844000
2015-03-19,0.5737500190734863,0.5824999809265137,0.5695000290870667,0.5805000066757202,0.5579943060874939,310756000
2015-03-20,0.5852500200271606,0.5902500152587891,0.5797500014305115,0.5867499709129333,0.5640019774436951,462084000
2015-03-23,0.5692499876022339,0.5767499804496765,0.5674999952316284,0.5677499771118164,0.545738697052002,426012000
2015-03-24,0.5659999847412109,0.5699999928474426,0.5575000047683716,0.5600000023841858,0.5382891893386841,330480000
2015-03-25,0.5597500205039978,0.5597500205039978,0.5242499709129333,0.5260000228881836,0.5056072473526001,542552000
2015-03-26,0.515250027179718,0.5264999866485596,0.5115000009536743,0.5242499709129333,0.5039250254631042,311920000
2015-03-27,0.5272499918937683,0.5364999771118164,0.518750011920929,0.534500002861023,0.5137778520584106,318288000
2015-03-30,0.5370000004768372,0.5394999980926514,0.5299999713897705,0.5367500185966492,0.5159406065940857,253252000
2015-03-31,0.5352500081062317,0.5357499718666077,0.5227500200271606,0.5232499837875366,0.5029640793800354,357276000
2015-04-01,0.5252500176429749,0.5270000100135803,0.5162500143051147,0.5252500176429749,0.5048865079879761,330768000
2015-04-02,0.528249979019165,0.5297499895095825,0.5220000147819519,0.5264999866485596,0.5060880184173584,192204000
2015-04-06,0.5242499709129333,0.5435000061988831,0.518750011920929,0.5417500138282776,0.5207465887069702,515864000
2015-04-07,0.5417500138282776,0.5525000095367432,0.5387499928474426,0.546500027179718,0.5253124833106995,413964000
2015-04-08,0.546999990940094,0.5525000095367432,0.5417500138282776,0.5504999756813049,0.5291574001312256,366432000
2015-04-09,0.5462499856948853,0.5649999976158142,0.5460000038146973,0.5632500052452087,0.5414131283760071,379432000
2015-04-10,0.5637500286102295,0.5692499876022339,0.5617499947547913,0.5690000057220459,0.546940267086029,258728000
2015-04-13,0.5677499771118164,0.5709999799728394,0.5612499713897705,0.5637500286102295,0.5418936610221863,236724000
2015-04-14,0.5615000128746033,0.5637500286102295,0.5534999966621399,0.5590000152587891,0.5373280644416809,220276000
2015-04-15,0.5605000257492065,0.5699999928474426,0.5577499866485596,0.565750002861023,0.5438162684440613,243560000
2015-04-16,0.5625,0.5672500133514404,0.5582500100135803,0.562250018119812,0.5404520034790039,155284000
2015-04-17,0.5504999756813049,0.5605000257492065,0.5502499938011169,0.5550000071525574,0.5334829092025757,293636000
2015-04-20,0.5575000047683716,0.5609999895095825,0.5512499809265137,0.5522500276565552,0.530839741230011,231624000
2015-04-21,0.5590000152587891,0.5590000152587891,0.5487499833106995,0.5515000224113464,0.5301186442375183,230456000
2015-04-22,0.5547500252723694,0.5584999918937683,0.5462499856948853,0.5577499866485596,0.5361262559890747,207420000
2015-04-23,0.5475000143051147,0.5607500076293945,0.5412499904632568,0.5554999709129333,0.5339635610580444,259380000
2015-04-24,0.5552499890327454,0.5554999709129333,0.5444999933242798,0.5507500171661377,0.52939772605896,240960000
2015-04-27,0.5525000095367432,0.5647500157356262,0.5477499961853027,0.5550000071525574,0.5334829092025757,248456000
2015-04-28,0.5540000200271606,0.5597500205039978,0.5487499833106995,0.5577499866485596,0.5361262559890747,234484000
2015-04-29,0.5537499785423279,0.559249997138977,0.5512499809265137,0.5534999966621399,0.5320411920547485,195156000
2015-04-30,0.5507500171661377,0.5577499866485596,0.5494999885559082,0.5550000071525574,0.5334829092025757,218844000
2015-05-01,0.559499979019165,0.5705000162124634,0.5569999814033508,0.5687500238418579,0.5466998219490051,256968000
2015-05-04,0.5682500004768372,0.5720000267028809,0.5634999871253967,0.5652499794960022,0.543335497379303,200720000
2015-05-05,0.5632500052452087,0.5640000104904175,0.5482500195503235,0.5507500171661377,0.52939772605896,292928000
2015-05-06,0.5537499785423279,0.5590000152587891,0.5452499985694885,0.5525000095367432,0.531079888343811,316484000
2015-05-07,0.5502499938011169,0.5640000104904175,0.5485000014305115,0.562250018119812,0.5404520034790039,534564000
2015-05-08,0.5252500176429749,0.5460000038146973,0.5122500061988831,0.5207499861717224,0.5005608201026917,1146552000
2015-05-11,0.5134999752044678,0.5210000276565552,0.5095000267028809,0.515749990940094,0.49575477838516235,544144000
2015-05-12,0.5120000243186951,0.5249999761581421,0.5117499828338623,0.5207499861717224,0.5005608201026917,388800000
2015-05-13,0.5245000123977661,0.5285000205039978,0.518750011920929,0.5237500071525574,0.5034444332122803,308524000
2015-05-14,0.5252500176429749,0.5350000262260437,0.5239999890327454,0.5322499871253967,0.5116150975227356,293052000
2015-05-15,0.534500002861023,0.5370000004768372,0.5292500257492065,0.5325000286102295,0.5118551254272461,215824000
2015-05-18,0.53125,0.5350000262260437,0.5287500023841858,0.5317500233650208,0.5111342072486877,324972000
2015-05-19,0.5299999713897705,0.5317500233650208,0.5249999761581421,0.5260000228881836,0.5079476237297058,253808000
2015-05-20,0.5262500047683716,0.5325000286102295,0.5254999995231628,0.5260000228881836,0.5079476237297058,196824000
2015-05-21,0.5262500047683716,0.5285000205039978,0.5217499732971191,0.5222499966621399,0.504326343536377,239692000
2015-05-22,0.5235000252723694,0.5254999995231628,0.5202500224113464,0.5214999914169312,0.5036020874977112,212592000
2015-05-26,0.5189999938011169,0.5224999785423279,0.5142499804496765,0.5182499885559082,0.5004634857177734,259732000
2015-05-27,0.5217499732971191,0.5485000014305115,0.5199999809265137,0.5460000038146973,0.52726149559021,432332000
2015-05-28,0.5460000038146973,0.5552499890327454,0.5450000166893005,0.5534999966621399,0.5345038175582886,327656000
2015-05-29,0.5534999966621399,0.5569999814033508,0.5525000095367432,0.5532500147819519,0.5342625379562378,335168000
2015-06-01,0.5567499995231628,0.5649999976158142,0.5532500147819519,0.559499979019165,0.54029780626297,372660000
2015-06-02,0.5559999942779541,0.5590000152587891,0.5479999780654907,0.5485000014305115,0.5296754240989685,224304000
2015-06-03,0.550000011920929,0.5542500019073486,0.5414999723434448,0.5425000190734863,0.5238813757896423,250788000
2015-06-04,0.5392500162124634,0.5540000200271606,0.5392500162124634,0.5522500276565552,0.5332966446876526,323712000
2015-06-05,0.5504999756813049,0.5590000152587891,0.5447499752044678,0.5565000176429749,0.537401020526886,313320000
2015-06-08,0.5547500252723694,0.5584999918937683,0.5375000238418579,0.543749988079071,0.525088369846344,342812000
2015-06-09,0.5442500114440918,0.5504999756813049,0.5432500243186951,0.546500027179718,0.5277442336082458,256888000
2015-06-10,0.5400000214576721,0.5435000061988831,0.5337499976158142,0.5367500185966492,0.5183287262916565,529460000
2015-06-11,0.5367500185966492,0.5462499856948853,0.5367500185966492,0.5425000190734863,0.5238813757896423,283052000
2015-06-12,0.5389999747276306,0.5422499775886536,0.5264999866485596,0.5277500152587891,0.5096374154090881,323728000
2015-06-15,0.5249999761581421,0.5292500257492065,0.5210000276565552,0.5267500281333923,0.5086718797683716,306548000
2015-06-16,0.5257499814033508,0.5339999794960022,0.5205000042915344,0.5332499742507935,0.5149487853050232,256892000
2015-06-17,0.5329999923706055,0.5425000190734863,0.5317500233650208,0.5394999980926514,0.5209842324256897,233544000
2015-06-18,0.5440000295639038,0.5519999861717224,0.5425000190734863,0.5485000014305115,0.5296754240989685,299404000
2015-06-19,0.5485000014305115,0.5529999732971191,0.5417500138282776,0.546750009059906,0.5279855728149414,355656000
2015-06-22,0.5477499961853027,0.5507500171661377,0.5362499952316284,0.5444999933242798,0.5258128643035889,514236000
2015-06-23,0.5454999804496765,0.5497499704360962,0.5262500047683716,0.5304999947547913,0.51229327917099,414064000
2015-06-24,0.5297499895095825,0.5325000286102295,0.5227500200271606,0.5252500176429749,0.5072234272956848,253368000
2015-06-25,0.5252500176429749,0.5325000286102295,0.5252500176429749,0.5292500257492065,0.5110862255096436,350460000
2015-06-26,0.5249999761581421,0.5254999995231628,0.5162500143051147,0.5184999704360962,0.5007047653198242,421296000
2015-06-29,0.512499988079071,0.5177500247955322,0.5022500157356262,0.503000020980835,0.4857370853424072,391724000
2015-06-30,0.5059999823570251,0.5082499980926514,0.49924999475479126,0.5027499794960022,0.48549553751945496,315916000
2015-07-01,0.515250027179718,0.5224999785423279,0.5055000185966492,0.5099999904632568,0.4924966096878052,302892000
2015-07-02,0.5097500085830688,0.5137500166893005,0.5072500109672546,0.5105000138282776,0.4929794669151306,145764000
2015-07-06,0.5062500238418579,0.5132499933242798,0.5005000233650208,0.5042499899864197,0.48694413900375366,214776000
2015-07-07,0.5012500286102295,0.503250002861023,0.4790000021457672,0.4947499930858612,0.4777700901031494,594252000
2015-07-08,0.492000013589859,0.4950000047683716,0.4872500002384186,0.49125000834465027,0.47439029812812805,332492000
2015-07-09,0.49900001287460327,0.5012500286102295,0.48225000500679016,0.48524999618530273,0.46859613060951233,357588000
2015-07-10,0.49149999022483826,0.49825000762939453,0.49024999141693115,0.4937500059604645,0.47680455446243286,216708000
2015-07-13,0.4987500011920929,0.4997499883174896,0.4937500059604645,0.4970000088214874,0.4799429178237915,212472000
2015-07-14,0.49775001406669617,0.49825000762939453,0.4907500147819519,0.4972499907016754,0.48018431663513184,249216000
2015-07-15,0.4959999918937683,0.49924999475479126,0.4892500042915344,0.4937500059604645,0.47680455446243286,265732000
2015-07-16,0.49674999713897705,0.5047500133514404,0.4950000047683716,0.5047500133514404,0.48742684721946716,282848000
2015-07-17,0.503000020980835,0.5034999847412109,0.49524998664855957,0.5017499923706055,0.4845298230648041,220372000
2015-07-20,0.5017499923706055,0.5037500262260437,0.49125000834465027,0.4925000071525574,0.4755973815917969,188412000
2015-07-21,0.49149999022483826,0.5017499923706055,0.49149999022483826,0.4947499930858612,0.4777700901031494,149720000
2015-07-22,0.49125000834465027,0.49125000834465027,0.4792500138282776,0.48524999618530273,0.46859613060951233,356472000
2015-07-23,0.48625001311302185,0.4984999895095825,0.48524999618530273,0.49125000834465027,0.47439029812812805,169916000
2015-07-24,0.4947499930858612,0.49524998664855957,0.48350000381469727,0.4855000078678131,0.46883758902549744,188844000
2015-07-27,0.48124998807907104,0.4882499873638153,0.47725000977516174,0.4827499985694885,0.46618199348449707,192420000
2015-07-28,0.48399999737739563,0.4964999854564667,0.4790000021457672,0.4932500123977661,0.4763215184211731,198308000
2015-07-29,0.492249995470047,0.503250002861023,0.49024999141693115,0.49924999475479126,0.4821157455444336,232680000
2015-07-30,0.49799999594688416,0.5055000185966492,0.49799999594688416,0.5005000233650208,0.48332276940345764,190180000
2015-07-31,0.5024999976158142,0.5027499794960022,0.4957500100135803,0.4987500011920929,0.4816328287124634,218340000
2015-08-03,0.5027499794960022,0.5077499747276306,0.4962500035762787,0.5072500109672546,0.48984119296073914,397132000
2015-08-04,0.5055000185966492,0.5107499957084656,0.5034999847412109,0.5092499852180481,0.4917726218700409,260100000
2015-08-05,0.5217499732971191,0.5222499966621399,0.5134999752044678,0.5145000219345093,0.49684223532676697,234628000
2015-08-06,0.5132499933242798,0.5170000195503235,0.5027499794960022,0.5112500190734863,0.4937038719654083,655676000
2015-08-07,0.5615000128746033,0.5842499732971191,0.546999990940094,0.5745000243186951,0.5547831654548645,1405248000
2015-08-10,0.5705000162124634,0.5987499952316284,0.5669999718666077,0.5945000052452087,0.5740966796875,662304000
2015-08-11,0.5857499837875366,0.5972499847412109,0.5857499837875366,0.5914999842643738,0.5711997747421265,435008000
2015-08-12,0.5820000171661377,0.5972499847412109,0.5820000171661377,0.5929999947547913,0.5726481080055237,384048000
2015-08-13,0.59375,0.5950000286102295,0.5864999890327454,0.5879999995231628,0.5678197145462036,276884000
2015-08-14,0.5874999761581421,0.5920000076293945,0.5839999914169312,0.5885000228881836,0.568302571773529,214652000
2015-08-17,0.5874999761581421,0.5874999761581421,0.5774999856948853,0.5847499966621399,0.5646812915802002,273880000
2015-08-18,0.5805000066757202,0.5845000147819519,0.5724999904632568,0.5770000219345093,0.5595417022705078,287084000
2015-08-19,0.5762500166893005,0.5827500224113464,0.5684999823570251,0.5747500061988831,0.5573596954345703,249248000
2015-08-20,0.5682500004768372,0.5709999799728394,0.5512499809265137,0.5540000200271606,0.5372375249862671,426932000
2015-08-21,0.550000011920929,0.559249997138977,0.5362499952316284,0.5367500185966492,0.5205094814300537,382664000
2015-08-24,0.5067499876022339,0.5457500219345093,0.5,0.5177500247955322,0.5020846128463745,682284000
2015-08-25,0.5404999852180481,0.5425000190734863,0.5070000290870667,0.5070000290870667,0.4916597902774811,622684000
2015-08-26,0.5235000252723694,0.5457500219345093,0.5195000171661377,0.5452499985694885,0.5287525057792664,614976000
2015-08-27,0.5509999990463257,0.5659999847412109,0.5477499961853027,0.565750002861023,0.5486321449279785,463764000
2015-08-28,0.565750002861023,0.5717499852180481,0.5617499947547913,0.5682500004768372,0.5510565042495728,320944000
2015-08-31,0.565500020980835,0.5695000290870667,0.5597500205039978,0.5619999766349792,0.5449954867362976,219352000
2015-09-01,0.5457500219345093,0.5550000071525574,0.5350000262260437,0.5389999747276306,0.5226913690567017,353408000
2015-09-02,0.5537499785423279,0.5554999709129333,0.5444999933242798,0.5552499890327454,0.5384499430656433,344044000
2015-09-03,0.5634999871253967,0.5662500262260437,0.5557500123977661,0.5567499995231628,0.5399045944213867,262556000
2015-09-04,0.547249972820282,0.5559999942779541,0.5435000061988831,0.543749988079071,0.5272976756095886,287972000
2015-09-08,0.5569999814033508,0.5692499876022339,0.5547500252723694,0.5669999718666077,0.5498440861701965,238448000
2015-09-09,0.5687500238418579,0.5734999775886536,0.5544999837875366,0.5557500123977661,0.5389346480369568,289392000
2015-09-10,0.5525000095367432,0.5715000033378601,0.550000011920929,0.5644999742507935,0.547420084476471,357076000
2015-09-11,0.5582500100135803,0.5699999928474426,0.5559999942779541,0.5662500262260437,0.5491170883178711,301584000
2015-09-14,0.5690000057220459,0.5707499980926514,0.5642499923706055,0.5672500133514404,0.5500866174697876,192460000
2015-09-15,0.5674999952316284,0.5764999985694885,0.565750002861023,0.5734999775886536,0.556147575378418,327976000
2015-09-16,0.5724999904632568,0.5807499885559082,0.5682500004768372,0.5774999856948853,0.5600265860557556,173508000
2015-09-17,0.5874999761581421,0.5927500128746033,0.5814999938011169,0.5827500224113464,0.5651179552078247,268712000
2015-09-18,0.5747500061988831,0.5872499942779541,0.5712500214576721,0.5822499990463257,0.5646326541900635,326412000
2015-09-21,0.5830000042915344,0.5895000100135803,0.5799999833106995,0.5882499814033508,0.5704513788223267,281840000
2015-09-22,0.5755000114440918,0.5795000195503235,0.5692499876022339,0.5722500085830688,0.5549356341362,228356000
2015-09-23,0.5727499723434448,0.578499972820282,0.5705000162124634,0.574999988079071,0.5576024055480957,161632000
2015-09-24,0.5715000033378601,0.5920000076293945,0.5625,0.5860000252723694,0.5682694911956787,382440000
2015-09-25,0.5932499766349792,0.6017500162124634,0.5845000147819519,0.5902500152587891,0.5723909735679626,369692000
2015-09-28,0.5902500152587891,0.593999981880188,0.5787500143051147,0.5824999809265137,0.5648754239082336,395584000
2015-09-29,0.5887500047683716,0.59375,0.5805000066757202,0.5927500128746033,0.5748150944709778,380736000
2015-09-30,0.5982499718666077,0.6169999837875366,0.5947499871253967,0.6162499785423279,0.5976042151451111,556380000
2015-10-01,0.6162499785423279,0.6179999709129333,0.5867499709129333,0.6042500138282776,0.5859673023223877,489296000
2015-10-02,0.6010000109672546,0.6200000047683716,0.5947499871253967,0.6200000047683716,0.6012405753135681,386144000
2015-10-05,0.6240000128746033,0.6432499885559082,0.6207500100135803,0.6355000138282776,0.6162716150283813,482024000
2015-10-06,0.6287500262260437,0.6464999914169312,0.6262500286102295,0.643750011920929,0.6242719292640686,453216000
2015-10-07,0.6452500224113464,0.6570000052452087,0.6347500085830688,0.6504999995231628,0.6308177709579468,310152000
2015-10-08,0.6477500200271606,0.656000018119812,0.6367499828338623,0.6542500257492065,0.6344543099403381,460068000
2015-10-09,0.6507499814033508,0.6570000052452087,0.6395000219345093,0.6517500281333923,0.6320300102233887,423248000
2015-10-12,0.6524999737739563,0.6625000238418579,0.6477500200271606,0.6587499976158142,0.6388180255889893,227588000
2015-10-13,0.6535000205039978,0.6639999747276306,0.6512500047683716,0.6600000262260437,0.6400304436683655,298444000
2015-10-14,0.6607499718666077,0.6947500109672546,0.6600000262260437,0.6840000152587891,0.6633042097091675,612148000
2015-10-15,0.6852499842643738,0.6997500061988831,0.6782500147819519,0.6857500076293945,0.6650012135505676,526048000
2015-10-16,0.6880000233650208,0.703000009059906,0.6862499713897705,0.6965000033378601,0.6754260063171387,448396000
2015-10-19,0.6987500190734863,0.7020000219345093,0.687250018119812,0.6952499747276306,0.6742139458656311,294712000
2015-10-20,0.6922500133514404,0.6974999904632568,0.6869999766349792,0.6942499876022339,0.6732444167137146,264824000
2015-10-21,0.6984999775886536,0.702750027179718,0.6840000152587891,0.6852499842643738,0.6645163297653198,386280000
2015-10-22,0.6932500004768372,0.7122499942779541,0.6922500133514404,0.7099999785423279,0.6885174512863159,306884000
2015-10-23,0.7162500023841858,0.7195000052452087,0.7055000066757202,0.7147499918937683,0.693123996257782,381776000
2015-10-26,0.7152500152587891,0.7170000076293945,0.7049999833106995,0.7114999890327454,0.6899722218513489,247436000
2015-10-27,0.7080000042915344,0.715499997138977,0.7074999809265137,0.7110000252723694,0.6894870400428772,208268000
2015-10-28,0.715499997138977,0.7167500257492065,0.7049999833106995,0.7167500257492065,0.6950633525848389,217036000
2015-10-29,0.7052500247955322,0.7124999761581421,0.690750002861023,0.6919999718666077,0.6710620522499084,327168000
2015-10-30,0.6995000243186951,0.7142500281333923,0.6942499876022339,0.7092499732971191,0.6877901554107666,301160000
2015-11-02,0.7114999890327454,0.7182499766349792,0.7072499990463257,0.7174999713897705,0.6957904696464539,190088000
2015-11-03,0.7132499814033508,0.7172499895095825,0.7045000195503235,0.7124999761581421,0.6909420490264893,376768000
2015-11-04,0.7105000019073486,0.715749979019165,0.6974999904632568,0.7007499933242798,0.6795474290847778,442264000
2015-11-05,0.7042499780654907,0.706250011920929,0.690750002861023,0.6927499771118164,0.6717895865440369,478800000
2015-11-06,0.7612500190734863,0.7985000014305115,0.7455000281333923,0.7887499928474426,0.7648848295211792,1172272000
2015-11-09,0.781000018119812,0.7875000238418579,0.7742499709129333,0.7852500081062317,0.7614907026290894,492568000
2015-11-10,0.7749999761581421,0.7792500257492065,0.7537500262260437,0.7702500224113464,0.7469445466995239,552260000
2015-11-11,0.7707499861717224,0.7762500047683716,0.7599999904632568,0.7627500295639038,0.7396715879440308,619896000
2015-11-12,0.7609999775886536,0.7680000066757202,0.7567499876022339,0.7599999904632568,0.7370047569274902,291080000
2015-11-13,0.7607499957084656,0.7639999985694885,0.7412499785423279,0.7450000047683716,0.7224587202072144,292940000
2015-11-16,0.7547500133514404,0.7605000138282776,0.7487499713897705,0.7599999904632568,0.7370047569274902,344280000
2015-11-17,0.7620000243186951,0.7664999961853027,0.7567499876022339,0.7599999904632568,0.7370047569274902,257048000
2015-11-18,0.7602499723434448,0.7767500281333923,0.7519999742507935,0.7757499814033508,0.7551345229148865,350216000
2015-11-19,0.7785000205039978,0.7857499718666077,0.7722499966621399,0.777999997138977,0.7573249340057373,254072000
2015-11-20,0.7837499976158142,0.7892500162124634,0.7789999842643738,0.7847499847412109,0.7638954520225525,239744000
2015-11-23,0.7912499904632568,0.7912499904632568,0.7702500224113464,0.7730000019073486,0.7524577975273132,242552000
2015-11-24,0.7730000019073486,0.7860000133514404,0.7695000171661377,0.7792500257492065,0.7585417628288269,195428000
2015-11-25,0.7777500152587891,0.7870000004768372,0.7754999995231628,0.778249979019165,0.7575682997703552,138300000
2015-11-27,0.7797499895095825,0.7872499823570251,0.7757499814033508,0.7847499847412109,0.7638954520225525,86996000
2015-11-30,0.7854999899864197,0.796500027179718,0.7847499847412109,0.7929999828338623,0.7719263434410095,327244000
2015-12-01,0.800000011920929,0.8195000290870667,0.7992500066757202,0.8187500238418579,0.7969920039176941,409496000
2015-12-02,0.8199999928474426,0.828499972820282,0.8107500076293945,0.8125,0.7909080386161804,294240000
2015-12-03,0.8190000057220459,0.8274999856948853,0.8067499995231628,0.8107500076293945,0.7892047166824341,246656000
2015-12-04,0.8107500076293945,0.8452500104904175,0.8107500076293945,0.84375,0.8213278651237488,458756000
2015-12-07,0.843500018119812,0.843500018119812,0.8252500295639038,0.827750027179718,0.8057528138160706,333588000
2015-12-08,0.8174999952316284,0.8424999713897705,0.812250018119812,0.8389999866485596,0.8167038559913635,314488000
2015-12-09,0.8387500047683716,0.84375,0.809249997138977,0.8177499771118164,0.7960186004638672,372676000
2015-12-10,0.8202499747276306,0.8289999961853027,0.8174999952316284,0.8245000243186951,0.8025891780853271,236596000
2015-12-11,0.8162500262260437,0.8220000267028809,0.8105000257492065,0.812250018119812,0.7906646728515625,227320000
2015-12-14,0.8130000233650208,0.8187500238418579,0.8044999837875366,0.8142499923706055,0.7926115989685059,275892000
2015-12-15,0.8234999775886536,0.8299999833106995,0.8190000057220459,0.8242499828338623,0.8023460507392883,307296000
2015-12-16,0.8259999752044678,0.8320000171661377,0.8187500238418579,0.8292499780654907,0.8072128891944885,236356000
2015-12-17,0.8305000066757202,0.8389999866485596,0.8162500262260437,0.8167499899864197,0.7950450778007507,254160000
2015-12-18,0.8109999895095825,0.8192499876022339,0.8025000095367432,0.8034999966621399,0.7821471691131592,395896000
2015-12-21,0.812250018119812,0.8232499957084656,0.8050000071525574,0.8224999904632568,0.8006423115730286,284216000
2015-12-22,0.824999988079071,0.8314999938011169,0.8182500004768372,0.8232499957084656,0.8013724088668823,130012000
2015-12-23,0.8245000243186951,0.8297500014305115,0.8230000138282776,0.8264999985694885,0.8045361042022705,122524000
2015-12-24,0.8240000009536743,0.831250011920929,0.8227499723434448,0.8292499780654907,0.8072128891944885,52448000
2015-12-28,0.8205000162124634,0.828499972820282,0.8090000152587891,0.828499972820282,0.8064826726913452,142024000
2015-12-29,0.8289999961853027,0.8445000052452087,0.8267499804496765,0.8420000076293945,0.8196243047714233,203660000
2015-12-30,0.8412500023841858,0.8485000133514404,0.8345000147819519,0.8347499966621399,0.812566876411438,180344000
2015-12-31,0.8335000276565552,0.8372499942779541,0.8240000009536743,0.8240000009536743,0.8021024465560913,148528000
2016-01-04,0.8072500228881836,0.8144999742507935,0.8009999990463257,0.809249997138977,0.787744402885437,358076000
2016-01-05,0.8245000243186951,0.8360000252723694,0.8125,0.8222500085830688,0.8003988862037659,490272000
2016-01-06,0.8087499737739563,0.8125,0.7789999842643738,0.7882500290870667,0.7673025727272034,449344000
2016-01-07,0.7684999704360962,0.7737500071525574,0.746999979019165,0.7570000290870667,0.7368829250335693,645304000
2016-01-08,0.7667499780654907,0.7674999833106995,0.7392500042915344,0.7407500147819519,0.7210648655891418,398472000
2016-01-11,0.7415000200271606,0.7472500205039978,0.7287499904632568,0.7419999837875366,0.7222814559936523,409372000
2016-01-12,0.7552499771118164,0.765500009059906,0.7492499947547913,0.7544999718666077,0.7344494462013245,469356000
2016-01-13,0.7602499723434448,0.765250027179718,0.7307500243186951,0.7315000295639038,0.7120606899261475,481672000
2016-01-14,0.7164999842643738,0.7250000238418579,0.6955000162124634,0.7167500257492065,0.6977026462554932,600236000
2016-01-15,0.6880000233650208,0.6962500214576721,0.6660000085830688,0.6777499914169312,0.6597389578819275,841452000
2016-01-19,0.6917499899864197,0.7112500071525574,0.6804999709129333,0.6832500100135803,0.6650928258895874,457140000
2016-01-20,0.6702499985694885,0.6957499980926514,0.6612499952316284,0.6869999766349792,0.6687430739402771,481180000
2016-01-21,0.6945000290870667,0.7057499885559082,0.6802499890327454,0.6949999928474426,0.6765305995941162,481456000
2016-01-22,0.7082499861717224,0.7160000205039978,0.7067499756813049,0.7112500071525574,0.6923487782478333,257996000
2016-01-25,0.7110000252723694,0.7192500233650208,0.7089999914169312,0.7105000019073486,0.6916189193725586,270728000
2016-01-26,0.7120000123977661,0.7204999923706055,0.7047500014305115,0.7174999713897705,0.6984325647354126,227944000
2016-01-27,0.7164999842643738,0.71875,0.6955000162124634,0.7089999914169312,0.6901584267616272,231700000
2016-01-28,0.7147499918937683,0.7172499895095825,0.6875,0.7012500166893005,0.6826143264770508,276776000
2016-01-29,0.7072499990463257,0.7337499856948853,0.7045000195503235,0.7322499752044678,0.7127906680107117,310504000
2016-02-01,0.7315000295639038,0.7362499833106995,0.7252500057220459,0.7325000166893005,0.7130340933799744,289884000
2016-02-02,0.7250000238418579,0.7287499904632568,0.6965000033378601,0.7014999985694885,0.6828579902648926,341908000
2016-02-03,0.7070000171661377,0.7112500071525574,0.6887500286102295,0.7049999833106995,0.6862647533416748,326772000
2016-02-04,0.7059999704360962,0.7212499976158142,0.6982499957084656,0.7052500247955322,0.6865082383155823,348140000
2016-02-05,0.7005000114440918,0.7082499861717224,0.6587499976158142,0.6607499718666077,0.643190860748291,600428000
2016-02-08,0.6507499814033508,0.6539999842643738,0.6212499737739563,0.6305000185966492,0.6137447357177734,608852000
2016-02-09,0.6230000257492065,0.6637499928474426,0.6200000047683716,0.6372500061988831,0.6203150749206543,425372000
2016-02-10,0.6412500143051147,0.6597499847412109,0.6322500109672546,0.6357499957084656,0.6188552379608154,335800000
2016-02-11,0.6194999814033508,0.6389999985694885,0.6194999814033508,0.6324999928474426,0.615691602230072,340144000
2016-02-12,0.6424999833106995,0.6445000171661377,0.6187499761581421,0.6432499885559082,0.6261559724807739,340816000
2016-02-16,0.6524999737739563,0.6757500171661377,0.6504999995231628,0.6747499704360962,0.6568188667297363,485352000
2016-02-17,0.6832500100135803,0.6980000138282776,0.6804999709129333,0.6915000081062317,0.6731237173080444,771468000
2016-02-18,0.7482500076293945,0.7745000123977661,0.7475000023841858,0.7509999871253967,0.7310423851013184,1068660000
2016-02-19,0.746999979019165,0.7677500247955322,0.7412499785423279,0.7609999775886536,0.7407766580581665,525628000
2016-02-22,0.7720000147819519,0.796750009059906,0.7705000042915344,0.7879999876022339,0.7670590281486511,449668000
2016-02-23,0.7817500233650208,0.7975000143051147,0.777999997138977,0.7900000214576721,0.7690059542655945,369380000
2016-02-24,0.7867500185966492,0.796750009059906,0.7649999856948853,0.7954999804496765,0.7743595838546753,336852000
2016-02-25,0.7985000014305115,0.8012499809265137,0.7829999923706055,0.797249972820282,0.7760632038116455,349616000
2016-02-26,0.8009999990463257,0.8029999732971191,0.7839999794960022,0.7919999957084656,0.7709529399871826,361964000
2016-02-29,0.7902500033378601,0.8004999756813049,0.7835000157356262,0.7839999794960022,0.7659457921981812,323344000
2016-03-01,0.7860000133514404,0.8187500238418579,0.7847499847412109,0.8187500238418579,0.799895703792572,348700000
2016-03-02,0.8142499923706055,0.8264999985694885,0.812749981880188,0.8234999775886536,0.8045362234115601,233812000
2016-03-03,0.8224999904632568,0.8259999752044678,0.8052499890327454,0.8162500262260437,0.7974532842636108,302004000
2016-03-04,0.8224999904632568,0.8232499957084656,0.8075000047683716,0.8137500286102295,0.7950107455253601,175304000
2016-03-07,0.809249997138977,0.8147500157356262,0.7979999780654907,0.8084999918937683,0.7898812890052795,239968000
2016-03-08,0.8002499938011169,0.8050000071525574,0.7912499904632568,0.793749988079071,0.7754714488983154,274940000
2016-03-09,0.8007500171661377,0.8019999861717224,0.7829999923706055,0.7932500243186951,0.7749829292297363,222788000
2016-03-10,0.7979999780654907,0.8025000095367432,0.7760000228881836,0.7919999957084656,0.7737617492675781,286084000
2016-03-11,0.8037499785423279,0.8057500123977661,0.7942500114440918,0.8054999709129333,0.7869507670402527,277400000
2016-03-14,0.8017500042915344,0.8107500076293945,0.7979999780654907,0.8075000047683716,0.78890460729599,190312000
2016-03-15,0.8032500147819519,0.8084999918937683,0.7892500162124634,0.8034999966621399,0.7849968075752258,226216000
2016-03-16,0.7975000143051147,0.8302500247955322,0.793749988079071,0.8274999856948853,0.8084439635276794,363644000
2016-03-17,0.8245000243186951,0.828499972820282,0.809249997138977,0.8205000162124634,0.8016054034233093,353680000
2016-03-18,0.8302500247955322,0.856249988079071,0.824999988079071,0.8452500104904175,0.8257852792739868,545512000
2016-03-21,0.8377500176429749,0.8479999899864197,0.8287500143051147,0.8477500081062317,0.8282278180122375,337780000
2016-03-22,0.8450000286102295,0.8522499799728394,0.8357499837875366,0.8462499976158142,0.826762318611145,242012000
2016-03-23,0.8500000238418579,0.8669999837875366,0.8462499976158142,0.8607500195503235,0.8409287333488464,429008000
2016-03-24,0.8529999852180481,0.8634999990463257,0.8502500057220459,0.8619999885559082,0.8421498537063599,244956000
2016-03-28,0.8604999780654907,0.8744999766349792,0.859499990940094,0.8707500100135803,0.8506981134414673,265388000
2016-03-29,0.8669999837875366,0.8867499828338623,0.8650000095367432,0.8847500085830688,0.8643757104873657,261812000
2016-03-30,0.8880000114440918,0.90625,0.887499988079071,0.8939999938011169,0.8734127879142761,376700000
2016-03-31,0.8980000019073486,0.8999999761581421,0.8837500214576721,0.890749990940094,0.8702375888824463,379884000
2016-04-01,0.8852499723434448,0.9042500257492065,0.8784999847412109,0.9037500023841858,0.8829381465911865,348292000
2016-04-04,0.9112499952316284,0.9160000085830688,0.8914999961853027,0.8949999809265137,0.8743895888328552,393940000
2016-04-05,0.8870000243186951,0.9020000100135803,0.8834999799728394,0.893750011920929,0.8731685876846313,339568000
2016-04-06,0.8824999928474426,0.8955000042915344,0.8657500147819519,0.8949999809265137,0.8743895888328552,453376000
2016-04-07,0.8892499804496765,0.8972499966621399,0.8820000290870667,0.8857499957084656,0.8653526902198792,378104000
2016-04-08,0.8930000066757202,0.8987500071525574,0.8827499747276306,0.8914999961853027,0.8709701299667358,255936000
2016-04-11,0.8967499732971191,0.9117500185966492,0.8939999938011169,0.8970000147819519,0.8763436079025269,387524000
2016-04-12,0.8999999761581421,0.9012500047683716,0.8784999847412109,0.8960000276565552,0.8753669261932373,292764000
2016-04-13,0.8999999761581421,0.918749988079071,0.8999999761581421,0.9185000061988831,0.8973484635353088,350716000
2016-04-14,0.9160000085830688,0.925000011920929,0.9122499823570251,0.9210000038146973,0.8997910022735596,416564000
2016-04-15,0.9207500219345093,0.9365000128746033,0.9177500009536743,0.9282500147819519,0.9068740606307983,436972000
2016-04-18,0.9265000224113464,0.9265000224113464,0.9152500033378601,0.9242500066757202,0.9029659628868103,307320000
2016-04-19,0.9277499914169312,0.9294999837875366,0.9020000100135803,0.9077500104904175,0.886846125125885,309152000
2016-04-20,0.90625,0.9167500138282776,0.9052500128746033,0.9112499952316284,0.8902654647827148,200172000
2016-04-21,0.9114999771118164,0.9157500267028809,0.90625,0.9102500081062317,0.889288604259491,178280000
2016-04-22,0.9132500290870667,0.9194999933242798,0.9037500023841858,0.9067500233650208,0.8858692646026611,223540000
2016-04-25,0.9070000052452087,0.9162499904632568,0.9045000076293945,0.9112499952316284,0.8902654647827148,191972000
2016-04-26,0.9167500138282776,0.9272500276565552,0.9079999923706055,0.9120000004768372,0.8909981846809387,214536000
2016-04-27,0.9097499847412109,0.9332500100135803,0.9079999923706055,0.9327499866485596,0.9112704396247864,352396000
2016-04-28,0.9269999861717224,0.9325000047683716,0.9027500152587891,0.9049999713897705,0.8841594457626343,381224000
2016-04-29,0.9012500047683716,0.903249979019165,0.8784999847412109,0.8882499933242798,0.8677951693534851,321904000
2016-05-02,0.8967499732971191,0.9054999947547913,0.8924999833106995,0.8999999761581421,0.8792745471000671,256076000
2016-05-03,0.8897500038146973,0.8934999704360962,0.8815000057220459,0.8892499804496765,0.8687720894813538,224024000
2016-05-04,0.8784999847412109,0.8792499899864197,0.8600000143051147,0.8690000176429749,0.84898841381073,525764000
2016-05-05,0.8762500286102295,0.8845000267028809,0.8677499890327454,0.8742499947547913,0.8541175127029419,246884000
2016-05-06,0.8727499842643738,0.8855000138282776,0.8709999918937683,0.8832499980926514,0.8629104495048523,183240000
2016-05-09,0.8855000138282776,0.8892499804496765,0.874750018119812,0.8820000290870667,0.8616891503334045,333336000
2016-05-10,0.887499988079071,0.9004999995231628,0.8790000081062317,0.8989999890327454,0.8782975673675537,269676000
2016-05-11,0.9017500281333923,0.9114999771118164,0.8967499732971191,0.9014999866485596,0.8807401061058044,328176000
2016-05-12,0.9079999923706055,0.9120000004768372,0.8732500076293945,0.8892499804496765,0.8687720894813538,670540000
2016-05-13,0.9797499775886536,1.024999976158142,0.9750000238418579,1.0245000123977661,1.000907301902771,2110256000
2016-05-16,1.0167499780654907,1.0700000524520874,1.0134999752044678,1.0547499656677246,1.0304608345031738,973032000
2016-05-17,1.0499999523162842,1.0644999742507935,1.0364999771118164,1.0570000410079956,1.0326592922210693,628392000
2016-05-18,1.0499999523162842,1.096250057220459,1.0499999523162842,1.0839999914169312,1.0590373277664185,541072000
2016-05-19,1.0797499418258667,1.096500039100647,1.0782500505447388,1.0887500047683716,1.0636781454086304,398880000
2016-05-20,1.0954999923706055,1.1127500534057617,1.09375,1.1082500219345093,1.082728385925293,391084000
2016-05-23,1.1130000352859497,1.1172499656677246,1.1032500267028809,1.1100000143051147,1.0844385623931885,413636000
2016-05-24,1.1104999780654907,1.1375000476837158,1.1074999570846558,1.1339999437332153,1.1107627153396606,415788000
2016-05-25,1.1375000476837158,1.1422499418258667,1.1202499866485596,1.1292500495910645,1.1061100959777832,458076000
2016-05-26,1.131250023841858,1.1495000123977661,1.128000020980835,1.1412500143051147,1.1178643703460693,309964000
2016-05-27,1.1425000429153442,1.1492500305175781,1.1387499570846558,1.1475000381469727,1.1239867210388184,277416000
2016-05-31,1.152500033378601,1.1705000400543213,1.1517499685287476,1.1679999828338623,1.1440664529800415,412524000
2016-06-01,1.162500023841858,1.18149995803833,1.159000039100647,1.1702500581741333,1.1462700366973877,387132000
2016-06-02,1.1764999628067017,1.1885000467300415,1.1649999618530273,1.1785000562667847,1.1543513536453247,329208000
2016-06-03,1.1670000553131104,1.1684999465942383,1.1414999961853027,1.1619999408721924,1.1381889581680298,461076000
2016-06-06,1.1649999618530273,1.1740000247955322,1.149999976158142,1.156000018119812,1.1323124170303345,322512000
2016-06-07,1.1629999876022339,1.1694999933242798,1.1577500104904175,1.1582499742507935,1.1345158815383911,193400000
2016-06-08,1.1584999561309814,1.162750005722046,1.1449999809265137,1.1545000076293945,1.1308434009552002,234616000
2016-06-09,1.1505000591278076,1.1862499713897705,1.1480000019073486,1.184499979019165,1.1602281332015991,472168000
2016-06-10,1.1705000400543213,1.180999994277954,1.153499960899353,1.1549999713897705,1.1313323974609375,400024000
2016-06-13,1.15625,1.1924999952316284,1.15625,1.1697499752044678,1.1457806825637817,475588000
2016-06-14,1.1670000553131104,1.1775000095367432,1.1540000438690186,1.1720000505447388,1.1479841470718384,298344000
2016-06-15,1.1817500591278076,1.1942499876022339,1.1687500476837158,1.184000015258789,1.1597384214401245,301036000
2016-06-16,1.1752500534057617,1.190750002861023,1.1637500524520874,1.1887500286102295,1.1643908023834229,246456000
2016-06-17,1.190250039100647,1.190500020980835,1.1632499694824219,1.1679999828338623,1.1440664529800415,471000000
2016-06-20,1.186750054359436,1.2042499780654907,1.1859999895095825,1.1890000104904175,1.1646361351013184,293768000
2016-06-21,1.194000005722046,1.1972500085830688,1.1799999475479126,1.1817500591278076,1.1575350761413574,212508000
2016-06-22,1.184249997138977,1.1920000314712524,1.1787500381469727,1.1807500123977661,1.1565548181533813,202620000
2016-06-23,1.1920000314712524,1.2135000228881836,1.191249966621399,1.212249994277954,1.187409520149231,297880000
2016-06-24,1.162500023841858,1.184000015258789,1.1325000524520874,1.1432499885559082,1.119823694229126,1017684000
2016-06-27,1.1337499618530273,1.1425000429153442,1.1142499446868896,1.13100004196167,1.1078248023986816,449088000
2016-06-28,1.152500033378601,1.153749942779541,1.1317499876022339,1.1475000381469727,1.1239867210388184,381920000
2016-06-29,1.1575000286102295,1.1752500534057617,1.1545000076293945,1.1662499904632568,1.14235258102417,318932000
2016-06-30,1.1682499647140503,1.1825000047683716,1.158750057220459,1.1752500534057617,1.1511682271957397,430940000
2016-07-01,1.1687500476837158,1.184000015258789,1.162500023841858,1.1664999723434448,1.14259672164917,218488000
2016-07-05,1.159999966621399,1.1857500076293945,1.1507500410079956,1.183750033378601,1.1594940423965454,371084000
2016-07-06,1.1755000352859497,1.1982500553131104,1.1694999933242798,1.191249966621399,1.1668394804000854,273104000
2016-07-07,1.1992499828338623,1.2265000343322754,1.193750023841858,1.222249984741211,1.19720458984375,395400000
2016-07-08,1.2352499961853027,1.277250051498413,1.2304999828338623,1.2712500095367432,1.245200514793396,481932000
2016-07-11,1.2894999980926514,1.309999942779541,1.2879999876022339,1.3005000352859497,1.2738513946533203,448776000
2016-07-12,1.315000057220459,1.3320000171661377,1.2984999418258667,1.3200000524520874,1.2929517030715942,436760000
2016-07-13,1.3224999904632568,1.3300000429153442,1.3174999952316284,1.3194999694824219,1.29246187210083,324604000
2016-07-14,1.3265000581741333,1.3450000286102295,1.315500020980835,1.3329999446868896,1.3056851625442505,316892000
2016-07-15,1.315999984741211,1.3235000371932983,1.2960000038146973,1.3174999952316284,1.2905025482177734,428616000
2016-07-18,1.3337500095367432,1.3357499837875366,1.3192499876022339,1.3242499828338623,1.2971144914627075,252992000
2016-07-19,1.3235000371932983,1.343250036239624,1.3209999799728394,1.3380000591278076,1.3105826377868652,382652000
2016-07-20,1.3424999713897705,1.3627500534057617,1.3370000123977661,1.3554999828338623,1.3277238607406616,296460000
2016-07-21,1.3524999618530273,1.3567500114440918,1.3259999752044678,1.3305000066757202,1.303236722946167,361308000
2016-07-22,1.3352500200271606,1.3667500019073486,1.3255000114440918,1.3667500019073486,1.3387436866760254,315768000
2016-07-25,1.375,1.3952499628067017,1.36899995803833,1.3919999599456787,1.3634757995605469,312528000
2016-07-26,1.4042500257492065,1.4229999780654907,1.402250051498413,1.4157500267028809,1.3867402076721191,514508000
2016-07-27,1.4279999732971191,1.4305000305175781,1.3930000066757202,1.4014999866485596,1.3727813959121704,446676000
2016-07-28,1.4047499895095825,1.4149999618530273,1.40024995803833,1.4045000076293945,1.3757200241088867,221916000
2016-07-29,1.409749984741211,1.431249976158142,1.3845000267028809,1.4275000095367432,1.3982489109039307,409588000
2016-08-01,1.433500051498413,1.4387500286102295,1.409000039100647,1.4182499647140503,1.3891881704330444,301120000
2016-08-02,1.4249999523162842,1.4257500171661377,1.3875000476837158,1.4010000228881836,1.372291922569275,282748000
2016-08-03,1.3992500305175781,1.4075000286102295,1.3914999961853027,1.4047499895095825,1.3759649991989136,299828000
2016-08-04,1.4114999771118164,1.437250018119812,1.408750057220459,1.4307500123977661,1.4014320373535156,272712000
2016-08-05,1.4472500085830688,1.4557499885559082,1.440250039100647,1.4550000429153442,1.425184965133667,371588000
2016-08-08,1.475000023841858,1.4785000085830688,1.4529999494552612,1.468500018119812,1.438408613204956,305064000
2016-08-09,1.4757499694824219,1.4865000247955322,1.468500018119812,1.472249984741211,1.4420816898345947,372344000
2016-08-10,1.4852499961853027,1.4874999523162842,1.4579999446868896,1.46274995803833,1.4327765703201294,375740000
2016-08-11,1.4704999923706055,1.4987499713897705,1.4674999713897705,1.4924999475479126,1.461916446685791,681064000
2016-08-12,1.5475000143051147,1.5844999551773071,1.5157500505447388,1.5759999752044678,1.5437055826187134,1425744000
2016-08-15,1.5777499675750732,1.587499976158142,1.5532499551773071,1.5744999647140503,1.5422362089157104,573304000
2016-08-16,1.5722500085830688,1.5747499465942383,1.5602500438690186,1.565000057220459,1.5329316854476929,287652000
2016-08-17,1.565000057220459,1.56850004196167,1.5164999961853027,1.528749942779541,1.4974240064620972,595212000
2016-08-18,1.5264999866485596,1.5549999475479126,1.5204999446868896,1.5525000095367432,1.5206873416900635,331684000
2016-08-19,1.5517499446868896,1.5682499408721924,1.5449999570846558,1.55649995803833,1.5246055126190186,291560000
2016-08-22,1.5612499713897705,1.565250039100647,1.5427500009536743,1.562999963760376,1.5309723615646362,244748000
2016-08-23,1.5759999752044678,1.5829999446868896,1.5682499408721924,1.5727499723434448,1.5433611869812012,339764000
2016-08-24,1.5782500505447388,1.5789999961853027,1.5412499904632568,1.5484999418258667,1.5195642709732056,298448000
2016-08-25,1.5490000247955322,1.5497499704360962,1.5190000534057617,1.5382499694824219,1.509506106376648,406032000
2016-08-26,1.5422500371932983,1.559499979019165,1.5299999713897705,1.5507500171661377,1.5217725038528442,300024000
2016-08-29,1.5570000410079956,1.563249945640564,1.5472500324249268,1.5497499704360962,1.5207908153533936,274652000
2016-08-30,1.5477499961853027,1.555999994277954,1.5364999771118164,1.5407500267028809,1.511959433555603,285544000
2016-08-31,1.5437500476837158,1.5479999780654907,1.5290000438690186,1.5334999561309814,1.5048447847366333,388544000
2016-09-01,1.534749984741211,1.5844999551773071,1.5334999561309814,1.5787500143051147,1.549249291419983,428492000
2016-09-02,1.5820000171661377,1.5837500095367432,1.5455000400543213,1.563249945640564,1.53403902053833,323148000
2016-09-06,1.568750023841858,1.5779999494552612,1.5607500076293945,1.5779999494552612,1.5485132932662964,306812000
2016-09-07,1.5729999542236328,1.5807499885559082,1.5457500219345093,1.5547499656677246,1.5256975889205933,397988000
2016-09-08,1.5532499551773071,1.56850004196167,1.5355000495910645,1.565999984741211,1.5367375612258911,315808000
2016-09-09,1.5487500429153442,1.5575000047683716,1.475000023841858,1.4880000352859497,1.4601950645446777,697760000
2016-09-12,1.468250036239624,1.5217499732971191,1.4329999685287476,1.5187499523162842,1.4903703927993774,598260000
2016-09-13,1.5149999856948853,1.5325000286102295,1.4882500171661377,1.496749997138977,1.4687814712524414,471768000
2016-09-14,1.500249981880188,1.5149999856948853,1.4877500534057617,1.5099999904632568,1.4817836284637451,319048000
2016-09-15,1.5125000476837158,1.569000005722046,1.5089999437332153,1.5672500133514404,1.5379638671875,515212000
2016-09-16,1.5727499723434448,1.5812499523162842,1.5529999732971191,1.5709999799728394,1.5416442155838013,902444000
2016-09-19,1.587499976158142,1.631500005722046,1.5802500247955322,1.5917500257492065,1.5620059967041016,417128000
2016-09-20,1.6100000143051147,1.6100000143051147,1.56850004196167,1.5772500038146973,1.5477771759033203,331112000
2016-09-21,1.5820000171661377,1.624500036239624,1.5817500352859497,1.621500015258789,1.5912002325057983,336212000
2016-09-22,1.63100004196167,1.6360000371932983,1.6162500381469727,1.625499963760376,1.595125436782837,308732000
2016-09-23,1.627500057220459,1.6322499513626099,1.6165000200271606,1.6237499713897705,1.5934083461761475,276132000
2016-09-26,1.6052500009536743,1.6150000095367432,1.5882500410079956,1.6085000038146973,1.5784430503845215,230040000
2016-09-27,1.6022499799728394,1.6660000085830688,1.6015000343322754,1.6634999513626099,1.6324152946472168,402752000
2016-09-28,1.6660000085830688,1.6707500219345093,1.6482499837875366,1.6694999933242798,1.638303279876709,319788000
2016-09-29,1.6667499542236328,1.690250039100647,1.6512500047683716,1.684999942779541,1.6535136699676514,336684000
2016-09-30,1.6942499876022339,1.7297500371932983,1.684249997138977,1.7130000591278076,1.6809903383255005,429932000
2016-10-03,1.7130000591278076,1.7377500534057617,1.7082500457763672,1.7112499475479126,1.6792733669281006,242596000
2016-10-04,1.7137500047683716,1.7424999475479126,1.6947499513626099,1.7074999809265137,1.6755931377410889,281624000
2016-10-05,1.722000002861023,1.7395000457763672,1.7005000114440918,1.7057499885559082,1.6738762855529785,305440000
2016-10-06,1.6852500438690186,1.6957499980926514,1.656499981880188,1.683500051498413,1.6520419120788574,360212000
2016-10-07,1.6947499513626099,1.6992499828338623,1.6664999723434448,1.6712499856948853,1.640020489692688,286260000
2016-10-10,1.6799999475479126,1.6890000104904175,1.6617499589920044,1.6775000095367432,1.6461542844772339,287876000
2016-10-11,1.6720000505447388,1.6744999885559082,1.6404999494552612,1.653249979019165,1.62235689163208,388540000
2016-10-12,1.6464999914169312,1.6694999933242798,1.6327500343322754,1.6607500314712524,1.6297166347503662,419920000
2016-10-13,1.6412500143051147,1.6449999809265137,1.5924999713897705,1.6337499618530273,1.6032212972640991,390116000
2016-10-14,1.653749942779541,1.6649999618530273,1.6399999856948853,1.649749994277954,1.6189225912094116,330636000
2016-10-17,1.6495000123977661,1.6649999618530273,1.6380000114440918,1.6402499675750732,1.6095998287200928,195328000
2016-10-18,1.6629999876022339,1.6747499704360962,1.65625,1.6652499437332153,1.6341331005096436,269372000
2016-10-19,1.6540000438690186,1.6694999933242798,1.6454999446868896,1.6617499589920044,1.6306979656219482,199060000
2016-10-20,1.681249976158142,1.6987500190734863,1.6575000286102295,1.6932499408721924,1.6616096496582031,312084000
2016-10-21,1.687250018119812,1.691499948501587,1.6725000143051147,1.6885000467300415,1.6569486856460571,279508000
2016-10-24,1.7000000476837158,1.7697499990463257,1.6997499465942383,1.7677500247955322,1.734717607498169,339836000
2016-10-25,1.7647500038146973,1.8075000047683716,1.756250023841858,1.7967499494552612,1.7631754875183105,397460000
2016-10-26,1.781749963760376,1.8237500190734863,1.7799999713897705,1.8040000200271606,1.7702900171279907,333792000
2016-10-27,1.8177499771118164,1.8212499618530273,1.7597500085830688,1.7669999599456787,1.7339813709259033,388664000
2016-10-28,1.7755000591278076,1.8025000095367432,1.7607500553131104,1.7640000581741333,1.7310376167297363,290856000
2016-10-31,1.7697499990463257,1.7907500267028809,1.7687499523162842,1.7790000438690186,1.7457576990127563,252388000
2016-11-01,1.7855000495910645,1.7952500581741333,1.7072499990463257,1.7262500524520874,1.693993091583252,473224000
2016-11-02,1.7395000457763672,1.7630000114440918,1.715999960899353,1.718999981880188,1.6868784427642822,295848000
2016-11-03,1.7269999980926514,1.7285000085830688,1.6660000085830688,1.6990000009536743,1.667251706123352,309664000
2016-11-04,1.687749981880188,1.718250036239624,1.6644999980926514,1.6892499923706055,1.657684564590454,328780000
2016-11-07,1.7387499809265137,1.7929999828338623,1.7374999523162842,1.781749963760376,1.7484560012817383,487580000
2016-11-08,1.7884999513626099,1.7942500114440918,1.7625000476837158,1.7790000438690186,1.7457576990127563,429884000
2016-11-09,1.7307499647140503,1.7725000381469727,1.718000054359436,1.7489999532699585,1.716318130493164,456532000
2016-11-10,1.78725004196167,1.787500023841858,1.6690000295639038,1.6942499876022339,1.6625908613204956,869280000
2016-11-11,1.9877500534057617,2.219249963760376,1.962499976158142,2.1992499828338623,2.1581547260284424,2175344000
2016-11-14,2.2022500038146973,2.2047500610351562,2.0905001163482666,2.0910000801086426,2.051926851272583,1348796000
2016-11-15,2.1072499752044678,2.1862499713897705,2.098249912261963,2.154750108718872,2.1144862174987793,626092000
2016-11-16,2.183500051498413,2.313999891281128,2.158750057220459,2.290750026702881,2.2479450702667236,987984000
2016-11-17,2.3077499866485596,2.3697500228881836,2.266249895095825,2.3097500801086426,2.266589641571045,832988000
2016-11-18,2.3097500801086426,2.3582499027252197,2.2950000762939453,2.3340001106262207,2.2903871536254883,576060000
2016-11-21,2.352250099182129,2.358750104904175,2.309999942779541,2.32450008392334,2.2810637950897217,436436000
2016-11-22,2.3324999809265137,2.3434998989105225,2.309499979019165,2.341249942779541,2.2975010871887207,330368000
2016-11-23,2.3429999351501465,2.3812499046325684,2.3192501068115234,2.349250078201294,2.3088033199310303,443236000
2016-11-25,2.3605000972747803,2.377500057220459,2.335249900817871,2.3540000915527344,2.3134713172912598,195564000
2016-11-28,2.346750020980835,2.368499994277954,2.3399999141693115,2.352750062942505,2.3122425079345703,278736000
2016-11-29,2.3499999046325684,2.3610000610351562,2.3132500648498535,2.331249952316284,2.2911124229431152,444568000
2016-11-30,2.3399999141693115,2.3540000915527344,2.302500009536743,2.305000066757202,2.2653141021728516,440500000
2016-12-01,2.302500009536743,2.3042500019073486,2.1192500591278076,2.190999984741211,2.15327787399292,1035524000
2016-12-02,2.15625,2.2200000286102295,2.128000020980835,2.211250066757202,2.1731786727905273,478292000
2016-12-05,2.2497498989105225,2.3152499198913574,2.2249999046325684,2.296999931335449,2.2574520111083984,602284000
2016-12-06,2.3052499294281006,2.343250036239624,2.289249897003174,2.334749937057495,2.294552803039551,498796000
2016-12-07,2.321000099182129,2.382499933242798,2.302500009536743,2.3767499923706055,2.335829734802246,480804000
2016-12-08,2.3797500133514404,2.4154999256134033,2.3262500762939453,2.3369998931884766,2.2967638969421387,381544000
2016-12-09,2.3550000190734863,2.356750011444092,2.2677500247955322,2.2955000400543213,2.25597882270813,382312000
2016-12-12,2.2462499141693115,2.2487499713897705,2.188499927520752,2.2397499084472656,2.2011878490448,601332000
2016-12-13,2.2522499561309814,2.3072500228881836,2.2512500286102295,2.279249906539917,2.2400081157684326,387796000
2016-12-14,2.313499927520752,2.4277501106262207,2.289249897003174,2.411250114440918,2.369736433029175,983980000
2016-12-15,2.422499895095825,2.498500108718872,2.4149999618530273,2.467750072479248,2.4252631664276123,746548000
2016-12-16,2.4957499504089355,2.5174999237060547,2.4432499408721924,2.5102500915527344,2.467031717300415,1089528000
2016-12-19,2.492500066757202,2.5612499713897705,2.4749999046325684,2.540750026702881,2.497006893157959,744656000
2016-12-20,2.614500045776367,2.653249979019165,2.6029999256134033,2.6292500495910645,2.583982229232788,848056000
2016-12-21,2.6410000324249268,2.648750066757202,2.592750072479248,2.645750045776367,2.6001977920532227,576136000
2016-12-22,2.6705000400543213,2.721750020980835,2.663249969482422,2.6777501106262207,2.6316473484039307,718612000
2016-12-23,2.6594998836517334,2.746000051498413,2.656749963760376,2.744499921798706,2.6972477436065674,647692000
2016-12-27,2.801500082015991,2.934000015258789,2.7804999351501465,2.933000087738037,2.882502317428589,1194272000
2016-12-28,2.990000009536743,2.9982500076293945,2.717250108718872,2.731250047683716,2.6842262744903564,2295764000
2016-12-29,2.622499942779541,2.78725004196167,2.569999933242798,2.785749912261963,2.7377874851226807,2175368000
2016-12-30,2.783750057220459,2.7980000972747803,2.6575000286102295,2.6684999465942383,2.6225569248199463,1212932000
2017-01-03,2.609999895095825,2.659250020980835,2.484499931335449,2.5502500534057617,2.506342887878418,1501996000
2017-01-04,2.5850000381469727,2.637500047683716,2.538249969482422,2.6097500324249268,2.5648181438446045,1199220000
2017-01-05,2.6132500171661377,2.6454999446868896,2.526249885559082,2.5434999465942383,2.499708414077759,984296000
2017-01-06,2.5712499618530273,2.606250047683716,2.5299999713897705,2.577500104904175,2.533123016357422,822856000
2017-01-09,2.5875000953674316,2.700000047683716,2.5875000953674316,2.681999921798706,2.635824680328369,916248000
2017-01-10,2.6952500343322754,2.729749917984009,2.640749931335449,2.661750078201294,2.615922689437866,880920000
2017-01-11,2.6500000953674316,2.6549999713897705,2.603749990463257,2.628999948501587,2.5837366580963135,525664000
2017-01-12,2.60575008392334,2.617500066757202,2.5404999256134033,2.5859999656677246,2.5414767265319824,625616000
2017-01-13,2.5899999141693115,2.625,2.5764999389648438,2.585750102996826,2.5412306785583496,457820000
2017-01-17,2.575000047683716,2.5799999237060547,2.5142500400543213,2.527750015258789,2.4842300415039062,580612000
2017-01-18,2.50600004196167,2.580749988555908,2.477750062942505,2.5737500190734863,2.52943754196167,654424000
2017-01-19,2.5767500400543213,2.6614999771118164,2.57450008392334,2.628999948501587,2.5837366580963135,644872000
2017-01-20,2.6519999504089355,2.6700000762939453,2.578000068664551,2.600250005722046,2.5554821491241455,492024000
2017-01-23,2.5950000286102295,2.6475000381469727,2.5924999713897705,2.6272499561309814,2.582016706466675,369904000
2017-01-24,2.637500047683716,2.689500093460083,2.622499942779541,2.6832499504089355,2.637051582336426,428052000
2017-01-25,2.726249933242798,2.7325000762939453,2.658250093460083,2.6947500705718994,2.6483547687530518,522760000
2017-01-26,2.697499990463257,2.7487499713897705,2.6675000190734863,2.7412500381469727,2.694053888320923,458800000
2017-01-27,2.7482500076293945,2.7972500324249268,2.721250057220459,2.794250011444092,2.7461414337158203,471996000
2017-01-30,2.7730000019073486,2.77524995803833,2.6977500915527344,2.750499963760376,2.7031450271606445,496004000
2017-01-31,2.723750114440918,2.7512500286102295,2.7049999237060547,2.7295000553131104,2.6825063228607178,362756000
2017-02-01,2.7644999027252197,2.8529999256134033,2.746500015258789,2.848750114440918,2.7997031211853027,590004000
2017-02-02,2.8324999809265137,2.8935000896453857,2.801500082015991,2.8847498893737793,2.835083246231079,483240000
2017-02-03,2.8862500190734863,2.8975000381469727,2.8475000858306885,2.859499931335449,2.8102681636810303,372744000
2017-02-06,2.8499999046325684,2.9332499504089355,2.8499999046325684,2.9327499866485596,2.8822567462921143,506768000
2017-02-07,2.9674999713897705,3.0230000019073486,2.947499990463257,2.978250026702881,2.926973819732666,746224000
2017-02-08,2.9600000381469727,2.9827499389648438,2.9094998836517334,2.965250015258789,2.9141969680786133,449580000
2017-02-09,2.9714999198913574,2.9765000343322754,2.890000104904175,2.9094998836517334,2.8594071865081787,842568000
2017-02-10,2.9982500076293945,3.0174999237060547,2.815000057220459,2.8405001163482666,2.791594982147217,1651092000
2017-02-13,2.834749937057495,2.8494999408721924,2.7049999237060547,2.7095000743865967,2.6628503799438477,1180724000
2017-02-14,2.6997499465942383,2.7537500858306885,2.657249927520752,2.7195000648498535,2.6726791858673096,850632000
2017-02-15,2.7225000858306885,2.744999885559082,2.694000005722046,2.7249999046325684,2.678083658218384,373020000
2017-02-16,2.7347500324249268,2.7360000610351562,2.6414999961853027,2.6812500953674316,2.6350862979888916,647176000
2017-02-17,2.6675000190734863,2.6852500438690186,2.6197500228881836,2.6807498931884766,2.634594440460205,563740000
2017-02-21,2.705749988555908,2.780750036239624,2.7054998874664307,2.776750087738037,2.728943109512329,551952000
2017-02-22,2.7855000495910645,2.7950000762939453,2.7497498989105225,2.7690000534057617,2.7247605323791504,433772000
2017-02-23,2.637500047683716,2.659749984741211,2.492000102996826,2.5122499465942383,2.472111701965332,1592888000
2017-02-24,2.4267499446868896,2.549999952316284,2.3924999237060547,2.5364999771118164,2.495975971221924,1029904000
2017-02-27,2.555000066757202,2.625499963760376,2.5390000343322754,2.6102499961853027,2.568546772003174,715400000
2017-02-28,2.619999885559082,2.630000114440918,2.5195000171661377,2.5369999408721924,2.496467113494873,625360000
2017-03-01,2.594749927520752,2.609250068664551,2.527750015258789,2.5697500705718994,2.5286929607391357,504804000
2017-03-02,2.5567500591278076,2.571000099182129,2.472249984741211,2.4749999046325684,2.435457468032837,754332000
2017-03-03,2.464250087738037,2.469249963760376,2.4054999351501465,2.460750102996826,2.4214353561401367,864692000
2017-03-06,2.4240000247955322,2.452500104904175,2.3792500495910645,2.4417500495910645,2.4027390480041504,883568000
2017-03-07,2.4417500495910645,2.4882500171661377,2.4287500381469727,2.4684998989105225,2.4290614128112793,603400000
2017-03-08,2.5174999237060547,2.5325000286102295,2.461750030517578,2.4639999866485596,2.4246342182159424,638712000
2017-03-09,2.4477500915527344,2.4862499237060547,2.434999942779541,2.4635000228881836,2.4241414070129395,478060000
2017-03-10,2.4902501106262207,2.5022499561309814,2.4595000743865967,2.4779999256134033,2.4384093284606934,499740000
2017-03-13,2.4885001182556152,2.5562500953674316,2.4877500534057617,2.546250104904175,2.5055694580078125,774136000
2017-03-14,2.5592501163482666,2.5687499046325684,2.5117499828338623,2.5445001125335693,2.503847599029541,522016000
2017-03-15,2.5562500953674316,2.5747499465942383,2.507999897003174,2.5637500286102295,2.5227901935577393,615036000
2017-03-16,2.57450008392334,2.595750093460083,2.5602500438690186,2.595249891281128,2.553786516189575,523100000
2017-03-17,2.61299991607666,2.6530001163482666,2.595249891281128,2.651750087738037,2.6093835830688477,1119688000
2017-03-20,2.6695001125335693,2.7402501106262207,2.653249979019165,2.7362499237060547,2.6925339698791504,748568000
2017-03-21,2.71875,2.749000072479248,2.6397500038146973,2.647749900817871,2.60544753074646,913484000
2017-03-22,2.6364998817443848,2.7065000534057617,2.632499933242798,2.7017500400543213,2.6585850715637207,616764000
2017-03-23,2.6937499046325684,2.7139999866485596,2.6675000190734863,2.6772499084472656,2.63447642326355,533940000
2017-03-24,2.724250078201294,2.7322499752044678,2.6605000495910645,2.6867499351501465,2.643824338912964,439500000
2017-03-27,2.6394999027252197,2.710249900817871,2.5894999504089355,2.706249952316284,2.663012981414795,506644000
2017-03-28,2.7074999809265137,2.722249984741211,2.6817500591278076,2.6922500133514404,2.6492366790771484,432444000
2017-03-29,2.6997499465942383,2.712249994277954,2.6812500953674316,2.683500051498413,2.6406264305114746,349992000
2017-03-30,2.6907498836517334,2.75,2.684999942779541,2.734999895095825,2.6913044452667236,525532000
2017-03-31,2.725250005722046,2.7472500801086426,2.7100000381469727,2.723249912261963,2.679741382598877,440808000
2017-04-03,2.723750114440918,2.7412500381469727,2.685499906539917,2.7095000743865967,2.666210889816284,445232000
2017-04-04,2.5850000381469727,2.6105000972747803,2.508500099182129,2.5195000171661377,2.4792466163635254,1271280000
2017-04-05,2.500499963760376,2.5592501163482666,2.487499952316284,2.5007500648498535,2.460796356201172,747048000
2017-04-06,2.50600004196167,2.53125,2.460249900817871,2.5190000534057617,2.478755235671997,635120000
2017-04-07,2.5255000591278076,2.54325008392334,2.493000030517578,2.5082499980926514,2.4681761264801025,429068000
2017-04-10,2.509000062942505,2.515749931335449,2.440000057220459,2.4442501068115234,2.405198574066162,756332000
2017-04-11,2.413749933242798,2.4725000858306885,2.408750057220459,2.453000068664551,2.413809061050415,618148000
2017-04-12,2.453000068664551,2.4674999713897705,2.427500009536743,2.4327499866485596,2.3938822746276855,414092000
2017-04-13,2.408250093460083,2.4302499294281006,2.3872499465942383,2.3872499465942383,2.349109649658203,506892000
2017-04-17,2.40024995803833,2.4809999465942383,2.3949999809265137,2.48075008392334,2.4411158561706543,497292000
2017-04-18,2.466249942779541,2.4885001182556152,2.440000057220459,2.4822499752044678,2.442592144012451,370116000
2017-04-19,2.5,2.5244998931884766,2.4852499961853027,2.492000102996826,2.452185869216919,380828000
2017-04-20,2.5067501068115234,2.536250114440918,2.4852499961853027,2.5315001010894775,2.4910552501678467,404016000
2017-04-21,2.5209999084472656,2.5447499752044678,2.509000062942505,2.5420000553131104,2.501387357711792,341896000
2017-04-24,2.5739998817443848,2.5869998931884766,2.5527501106262207,2.5737500190734863,2.53262996673584,371820000
2017-04-25,2.5885000228881836,2.6332499980926514,2.5667500495910645,2.618499994277954,2.576664924621582,388440000
2017-04-26,2.6322500705718994,2.6347498893737793,2.5985000133514404,2.6005001068115234,2.558953046798706,327004000
2017-04-27,2.6080000400543213,2.6494998931884766,2.589750051498413,2.6410000324249268,2.5988051891326904,319700000
2017-04-28,2.634000062942505,2.6410000324249268,2.601749897003174,2.6075000762939453,2.565840482711792,348248000
2017-05-01,2.618499994277954,2.671250104904175,2.6112499237060547,2.6659998893737793,2.623406171798706,307732000
2017-05-02,2.6387500762939453,2.640000104904175,2.563999891281128,2.5869998931884766,2.545668363571167,629972000
2017-05-03,2.5799999237060547,2.615999937057495,2.565000057220459,2.606250047683716,2.5646109580993652,336904000
2017-05-04,2.612499952316284,2.6237499713897705,2.588249921798706,2.596250057220459,2.5547707080841064,209788000
2017-05-05,2.5845000743865967,2.603749990463257,2.5687499046325684,2.5964999198913574,2.5550172328948975,228428000
2017-05-08,2.6085000038146973,2.609999895095825,2.5577499866485596,2.5692501068115234,2.5282022953033447,365240000
2017-05-09,2.575000047683716,2.6232500076293945,2.566499948501587,2.573499917984009,2.5323843955993652,847672000
2017-05-10,2.8572499752044678,3.0455000400543213,2.8505001068115234,3.032249927520752,2.983804702758789,2129096000
2017-05-11,3.0012500286102295,3.2607500553131104,2.9977500438690186,3.1624999046325684,3.111973285675049,1939792000
2017-05-12,3.165750026702881,3.240000009536743,3.1445000171661377,3.1972498893737793,3.1461684703826904,962620000
2017-05-15,3.239000082015991,3.3602499961853027,3.234499931335449,3.3577499389648438,3.3041038513183594,1087540000
2017-05-16,3.4094998836517334,3.436000108718872,3.3340001106262207,3.4202499389648438,3.365605354309082,1120700000
2017-05-17,3.3524999618530273,3.371500015258789,3.1887500286102295,3.193000078201294,3.141986608505249,1271368000
2017-05-18,3.237499952316284,3.335750102996826,3.1762499809265137,3.3267500400543213,3.273599863052368,1156032000
2017-05-19,3.4257500171661377,3.4554998874664307,3.380500078201294,3.4000000953674316,3.3492026329040527,1018372000
2017-05-22,3.4442501068115234,3.486999988555908,3.4332499504089355,3.4725000858306885,3.420619010925293,836608000
2017-05-23,3.492500066757202,3.4947500228881836,3.3927500247955322,3.4257500171661377,3.3745687007904053,681248000
2017-05-24,3.5239999294281006,3.526750087738037,3.4519999027252197,3.464250087738037,3.4124927520751953,815996000
2017-05-25,3.5,3.5007500648498535,3.4110000133514404,3.4565000534057617,3.4048590660095215,608228000
2017-05-26,3.4482500553131104,3.631999969482422,3.4277501106262207,3.5460000038146973,3.49302077293396,779140000
2017-05-30,3.5924999713897705,3.657249927520752,3.5762500762939453,3.6217501163482666,3.567640542984009,989652000
2017-05-31,3.667249917984009,3.674999952316284,3.5512499809265137,3.608750104904175,3.5548341274261475,887316000
2017-06-01,3.6247498989105225,3.6257500648498535,3.562999963760376,3.6089999675750732,3.5550804138183594,503340000
2017-06-02,3.6059999465942383,3.632499933242798,3.5850000381469727,3.5910000801086426,3.5373494625091553,487456000
2017-06-05,3.57450008392334,3.713249921798706,3.5627501010894775,3.7002499103546143,3.6449668407440186,817376000
2017-06-06,3.695499897003174,3.7422499656677246,3.6700000762939453,3.683500051498413,3.6284680366516113,758728000
2017-06-07,3.708250045776367,3.746999979019165,3.692500114440918,3.7279999256134033,3.672302722930908,612612000
2017-06-08,3.8364999294281006,4.0,3.7947499752044678,3.998500108718872,3.9387612342834473,1161744000
2017-06-09,4.118500232696533,4.212500095367432,3.5687499046325684,3.740000009536743,3.6841235160827637,3692928000
2017-06-12,3.6470000743865967,3.7925000190734863,3.5527501106262207,3.7492499351501465,3.6932356357574463,1697532000
2017-06-13,3.859999895095825,3.8692500591278076,3.641249895095825,3.7850000858306885,3.7284514904022217,1672504000
2017-06-14,3.7880001068115234,3.8515000343322754,3.7125000953674316,3.7929999828338623,3.7363314628601074,1184640000
2017-06-15,3.6740000247955322,3.8399999141693115,3.6624999046325684,3.8092501163482666,3.752338409423828,963824000
2017-06-16,3.819000005722046,3.867500066757202,3.75600004196167,3.7904999256134033,3.7338690757751465,924960000
2017-06-19,3.835249900817871,3.9382500648498535,3.8315000534057617,3.933000087738037,3.8742387294769287,778176000
2017-06-20,3.975749969482422,4.043499946594238,3.9230000972747803,3.9272499084472656,3.8685758113861084,1095444000
2017-06-21,3.9552500247955322,3.990499973297119,3.8924999237060547,3.9867498874664307,3.9271860122680664,682652000
2017-06-22,3.994999885559082,4.008500099182129,3.934999942779541,3.959249973297119,3.9000978469848633,469132000
2017-06-23,3.9670000076293945,3.9830000400543213,3.8304998874664307,3.845750093460083,3.7882931232452393,1088588000
2017-06-26,3.878999948501587,3.9149999618530273,3.708250045776367,3.8037500381469727,3.7469210624694824,1063960000
2017-06-27,3.7860000133514404,3.7947499752044678,3.658750057220459,3.6644999980926514,3.609750986099243,999492000
2017-06-28,3.7330000400543213,3.7985000610351562,3.643749952316284,3.793750047683716,3.7370705604553223,994948000
2017-06-29,3.765000104904175,3.7679998874664307,3.6019999980926514,3.6670000553131104,3.612213134765625,1064424000
2017-06-30,3.684499979019165,3.6982500553131104,3.5875000953674316,3.614000082015991,3.5600054264068604,731060000
2017-07-03,3.6262500286102295,3.641249895095825,3.4644999504089355,3.4832499027252197,3.4312093257904053,709072000
2017-07-05,3.547499895095825,3.6054999828338623,3.528249979019165,3.5762500762939453,3.522819995880127,820188000
2017-07-06,3.546750068664551,3.634500026702881,3.49399995803833,3.5869998931884766,3.533409357070923,746284000
2017-07-07,3.6445000171661377,3.6875,3.6212499141693115,3.6689999103546143,3.6141836643218994,654972000
2017-07-10,3.743499994277954,3.8499999046325684,3.7170000076293945,3.8424999713897705,3.7850918769836426,958492000
2017-07-11,3.846250057220459,3.904750108718872,3.8037500381469727,3.8970000743865967,3.838777542114258,757956000
2017-07-12,3.9574999809265137,4.074999809265137,3.9140000343322754,4.062749862670898,4.002052307128906,1145208000
2017-07-13,4.074999809265137,4.15749979019165,3.96875,4.015749931335449,3.955753803253174,1369132000
2017-07-14,4.032249927520752,4.125249862670898,4.02524995803833,4.12375020980835,4.062139987945557,941948000
2017-07-17,4.158249855041504,4.1875,4.043749809265137,4.106249809265137,4.044902801513672,930792000
2017-07-18,4.04449987411499,4.163750171661377,4.03249979019165,4.14900016784668,4.08701229095459,776640000
2017-07-19,4.158249855041504,4.184999942779541,4.115250110626221,4.127500057220459,4.065833568572998,687044000
2017-07-20,4.148250102996826,4.187749862670898,4.097750186920166,4.1875,4.124938011169434,699596000
2017-07-21,4.166749954223633,4.232500076293945,4.152249813079834,4.202499866485596,4.139713764190674,648332000
2017-07-24,4.209750175476074,4.2195000648498535,4.14300012588501,4.153749942779541,4.091690540313721,652524000
2017-07-25,4.130499839782715,4.148250102996826,4.0894999504089355,4.133749961853027,4.071990966796875,496556000
2017-07-26,4.191999912261963,4.2482500076293945,4.146249771118164,4.18149995803833,4.119026184082031,640404000
2017-07-27,4.20674991607666,4.218500137329102,3.938999891281128,4.043499946594238,3.983090400695801,782856000
2017-07-28,4.00724983215332,4.134500026702881,3.9820001125335693,4.109749794006348,4.048348426818848,513348000
2017-07-31,4.123499870300293,4.159999847412109,4.015500068664551,4.062749862670898,4.002052307128906,559672000
2017-08-01,4.053249835968018,4.113999843597412,4.025000095367432,4.112249851226807,4.050810813903809,431384000
2017-08-02,4.143750190734863,4.147749900817871,4.031750202178955,4.109749794006348,4.048348426818848,478444000
2017-08-03,4.109250068664551,4.165750026702881,4.0920000076293945,4.1620001792907715,4.099818706512451,442420000
2017-08-04,4.184999942779541,4.2517499923706055,4.1620001792907715,4.18025016784668,4.117794990539551,589096000
2017-08-07,4.209750175476074,4.3092498779296875,4.199999809265137,4.308750152587891,4.244375705718994,717412000
2017-08-08,4.347249984741211,4.363999843597412,4.217750072479248,4.257500171661377,4.1938910484313965,755336000
2017-08-09,4.210750102996826,4.30525016784668,4.1917500495910645,4.302750110626221,4.238465785980225,530784000
2017-08-10,4.303999900817871,4.316500186920166,4.108250141143799,4.118500232696533,4.056968688964844,1328088000
2017-08-11,3.928499937057495,3.9749999046325684,3.8227500915527344,3.8989999294281006,3.840747594833374,1497196000
2017-08-14,3.9917500019073486,4.213749885559082,3.9800000190734863,4.210000038146973,4.147101402282715,1279020000
2017-08-15,4.215250015258789,4.2417497634887695,4.139750003814697,4.174499988555908,4.112133502960205,764532000
2017-08-16,4.1897501945495605,4.213500022888184,4.0960001945495605,4.128749847412109,4.0670647621154785,596632000
2017-08-17,4.120250225067139,4.137499809265137,4.0345001220703125,4.036749839782715,3.976440668106079,525444000
2017-08-18,4.091750144958496,4.109000205993652,3.990999937057495,4.037499904632568,3.9771780967712402,601204000
2017-08-21,4.062250137329102,4.073750019073486,3.9342501163482666,3.978749990463257,3.919306516647339,623672000
2017-08-22,4.012249946594238,4.06974983215332,3.9927499294281006,4.06374979019165,4.006561756134033,450456000
2017-08-23,4.03000020980835,4.15625,4.021249771118164,4.144999980926514,4.086667537689209,579520000
2017-08-24,4.177499771118164,4.182000160217285,4.103000164031982,4.129749774932861,4.07163143157959,469700000
2017-08-25,4.154250144958496,4.1645002365112305,4.088749885559082,4.095250129699707,4.037618637084961,357200000
2017-08-28,4.114500045776367,4.127500057220459,4.0582499504089355,4.1242499351501465,4.066208839416504,389496000
2017-08-29,4.0647501945495605,4.139500141143799,4.05649995803833,4.117499828338623,4.059553146362305,324096000
2017-08-30,4.137499809265137,4.153250217437744,4.106750011444092,4.142000198364258,4.08371114730835,384400000
2017-08-31,4.162499904632568,4.239999771118164,4.15500020980835,4.236000061035156,4.176385879516602,612684000
2017-09-01,4.24875020980835,4.297500133514404,4.239999771118164,4.261499881744385,4.201529026031494,445432000
2017-09-05,4.209499835968018,4.2144999504089355,4.089000225067139,4.147749900817871,4.0893778800964355,695364000
2017-09-06,4.181000232696533,4.195000171661377,4.110000133514404,4.145249843597412,4.086912631988525,397672000
2017-09-07,4.16225004196167,4.197249889373779,4.12375020980835,4.1645002365112305,4.105892658233643,352868000
2017-09-08,4.152750015258789,4.167749881744385,4.067749977111816,4.092249870300293,4.0346598625183105,498856000
2017-09-11,4.138500213623047,4.235750198364258,4.132999897003174,4.224999904632568,4.16554069519043,567444000
2017-09-12,4.25,4.25,4.17425012588501,4.240250110626221,4.180576324462891,411488000
2017-09-13,4.214749813079834,4.28849983215332,4.182000160217285,4.259250164031982,4.199309349060059,580960000
2017-09-14,4.219749927520752,4.314000129699707,4.195000171661377,4.235000133514404,4.1753997802734375,513712000
2017-09-15,4.321499824523926,4.502749919891357,4.316249847412109,4.502749919891357,4.439382076263428,1364792000
2017-09-18,4.628499984741211,4.78000020980835,4.621500015258789,4.68874979019165,4.62276554107666,1684460000
2017-09-19,4.637750148773193,4.746250152587891,4.615499973297119,4.683750152587891,4.61783504486084,874280000
2017-09-20,4.6875,4.735499858856201,4.605249881744385,4.645999908447266,4.5806145668029785,724920000
2017-09-21,4.540999889373779,4.567500114440918,4.440249919891357,4.519000053405762,4.455404758453369,1075600000
2017-09-22,4.507500171661377,4.557750225067139,4.465000152587891,4.474999904632568,4.412023544311523,491232000
2017-09-25,4.443749904632568,4.445000171661377,4.254000186920166,4.275000095367432,4.214837551116943,874580000
2017-09-26,4.411250114440918,4.4670000076293945,4.258749961853027,4.298999786376953,4.238499641418457,1125620000
2017-09-27,4.390500068664551,4.406750202178955,4.318749904632568,4.393249988555908,4.331423759460449,713720000
2017-09-28,4.4004998207092285,4.4045000076293945,4.343999862670898,4.392000198364258,4.330191135406494,435244000
2017-09-29,4.4770002365112305,4.493249893188477,4.431250095367432,4.469250202178955,4.4063544273376465,619092000
2017-10-02,4.519999980926514,4.549499988555908,4.425000190734863,4.474999904632568,4.412023544311523,503480000
2017-10-03,4.481249809265137,4.514500141143799,4.439499855041504,4.484250068664551,4.421144008636475,390332000
2017-10-04,4.490499973297119,4.544250011444092,4.453499794006348,4.521749973297119,4.4581170082092285,427848000
2017-10-05,4.546500205993652,4.550000190734863,4.488999843597412,4.51924991607666,4.455650806427002,437364000
2017-10-06,4.491250038146973,4.546000003814697,4.474999904632568,4.53249979019165,4.468713760375977,318800000
2017-10-09,4.56974983215332,4.66825008392334,4.550749778747559,4.634749889373779,4.569525241851807,563492000
2017-10-10,4.785749912261963,4.823750019073486,4.68149995803833,4.723249912261963,4.656778812408447,974876000
2017-10-11,4.739999771118164,4.775000095367432,4.69350004196167,4.773499965667725,4.7063212394714355,529508000
2017-10-12,4.7769999504089355,4.827250003814697,4.7482500076293945,4.775750160217285,4.708540439605713,528292000
2017-10-13,4.838749885559082,4.875,4.791250228881836,4.864749908447266,4.796287536621094,628728000
2017-10-16,4.894999980926514,4.951250076293945,4.830999851226807,4.948249816894531,4.878612518310547,576640000
2017-10-17,4.927249908447266,4.972499847412109,4.908750057220459,4.943749904632568,4.874175071716309,478596000
2017-10-18,4.952750205993652,4.953499794006348,4.833000183105469,4.939499855041504,4.869987487792969,567316000
2017-10-19,4.861000061035156,4.949999809265137,4.81125020980835,4.945000171661377,4.875408172607422,570772000
2017-10-20,4.962250232696533,4.989749908447266,4.91349983215332,4.922500133514404,4.853224754333496,451620000
2017-10-23,4.944499969482422,4.971250057220459,4.894999980926514,4.915500164031982,4.8463239669799805,428696000
2017-10-24,4.924749851226807,4.96875,4.898499965667725,4.9670000076293945,4.897099018096924,407244000
2017-10-25,4.927000045776367,4.980500221252441,4.779250144958496,4.8414998054504395,4.773364543914795,828160000
2017-10-26,4.869500160217285,4.9039998054504395,4.845250129699707,4.892250061035156,4.823400020599365,322744000
2017-10-27,4.945000171661377,5.046750068664551,4.918749809265137,5.046500205993652,4.9754791259765625,572192000
2017-10-30,5.046500205993652,5.152249813079834,5.0304999351501465,5.0960001945495605,5.024284839630127,504056000
2017-10-31,5.1282501220703125,5.197249889373779,5.122499942779541,5.170249938964844,5.097488880157471,411908000
2017-11-01,5.233749866485596,5.2492499351501465,5.114999771118164,5.179999828338623,5.107101917266846,502576000
2017-11-02,5.150000095367432,5.195250034332275,5.091249942779541,5.148499965667725,5.076044082641602,342308000
2017-11-03,5.179999828338623,5.217249870300293,5.133500099182129,5.217249870300293,5.143827438354492,353640000
2017-11-06,5.179999828338623,5.249499797821045,5.167500019073486,5.240749835968018,5.166995525360107,389944000
2017-11-07,5.263750076293945,5.322500228881836,5.251500129699707,5.300749778747559,5.226152420043945,427700000
2017-11-08,5.296249866485596,5.300000190734863,5.181000232696533,5.229000091552734,5.1554107666015625,522988000
2017-11-09,5.131750106811523,5.158249855041504,5.009250164031982,5.132999897003174,5.060762405395508,978564000
2017-11-10,5.327000141143799,5.466750144958496,5.290750026702881,5.403500080108643,5.327456474304199,1253256000
2017-11-13,5.403500080108643,5.4292497634887695,5.300250053405762,5.3157501220703125,5.240941047668457,582376000
2017-11-14,5.324999809265137,5.369999885559082,5.280749797821045,5.354499816894531,5.279144763946533,529292000
2017-11-15,5.298749923706055,5.300000190734863,5.195000171661377,5.249499797821045,5.175623893737793,501948000
2017-11-16,5.32450008392334,5.355000019073486,5.28125,5.290249824523926,5.215801239013672,441768000
2017-11-17,5.3480000495910645,5.383749961853027,5.268750190734863,5.283999919891357,5.20963716506958,515664000
2017-11-20,5.299749851226807,5.364250183105469,5.262499809265137,5.3520002365112305,5.276681900024414,396100000
2017-11-21,5.392250061035156,5.413000106811523,5.360000133514404,5.401249885559082,5.325238227844238,399176000
2017-11-22,5.425000190734863,5.425000190734863,5.340250015258789,5.3732500076293945,5.301311492919922,356640000
2017-11-24,5.389750003814697,5.425000190734863,5.364999771118164,5.423999786376953,5.351382732391357,180752000
2017-11-27,5.432750225067139,5.434000015258789,5.350249767303467,5.353499889373779,5.281826496124268,422896000
2017-11-28,5.358749866485596,5.368249893188477,5.205999851226807,5.267749786376953,5.1972246170043945,512752000
2017-11-29,5.250249862670898,5.252999782562256,4.780749797821045,4.9105000495910645,4.8447585105896,1396788000
2017-11-30,4.980000019073486,5.066999912261963,4.916250228881836,5.017749786376953,4.950572490692139,823768000
2017-12-01,4.982749938964844,5.0032501220703125,4.8117499351501465,4.941999912261963,4.87583589553833,811548000
2017-12-04,5.00124979019165,5.007500171661377,4.612500190734863,4.666500091552734,4.604024887084961,1240844000
2017-12-05,4.559999942779541,4.817500114440918,4.514500141143799,4.69350004196167,4.6306633949279785,981488000
2017-12-06,4.642499923706055,4.753499984741211,4.620999813079834,4.731500148773193,4.668155670166016,467032000
2017-12-07,4.798999786376953,4.840000152587891,4.752999782562256,4.799749851226807,4.735490798950195,542600000
2017-12-08,4.850249767303467,4.869500160217285,4.778749942779541,4.78725004196167,4.723158359527588,466876000
2017-12-11,4.801499843597412,4.869500160217285,4.7855000495910645,4.866499900817871,4.801346302032471,372748000
2017-12-12,4.822500228881836,4.8460001945495605,4.747250080108643,4.770999908447266,4.707126617431641,455016000
2017-12-13,4.8125,4.81374979019165,4.646999835968018,4.6545000076293945,4.5921854972839355,554280000
2017-12-14,4.6479997634887695,4.733500003814697,4.614999771118164,4.661749839782715,4.599338531494141,438164000
2017-12-15,4.706250190734863,4.809500217437744,4.640500068664551,4.789000034332275,4.724883079528809,670036000
2017-12-18,4.829999923706055,4.950500011444092,4.800000190734863,4.947500228881836,4.88126277923584,477704000
2017-12-19,4.938000202178955,4.9432501792907715,4.874000072479248,4.902750015258789,4.837111473083496,373100000
2017-12-20,4.942500114440918,4.951749801635742,4.863749980926514,4.920000076293945,4.854130268096924,288820000
2017-12-21,4.923500061035156,4.948750019073486,4.888750076293945,4.897250175476074,4.831684112548828,300904000
2017-12-22,4.860000133514404,4.891250133514404,4.78125,4.881750106811523,4.81639289855957,466276000
2017-12-26,4.82574987411499,4.943749904632568,4.795499801635742,4.935999870300293,4.869916915893555,355080000
2017-12-27,4.922500133514404,4.9992499351501465,4.907750129699707,4.9292497634887695,4.863256931304932,329488000
2017-12-28,4.953249931335449,4.984499931335449,4.928750038146973,4.934999942779541,4.868929386138916,240248000
2017-12-29,4.96150016784668,4.96150016784668,4.837500095367432,4.837500095367432,4.772734642028809,279964000
2018-01-02,4.894499778747559,4.987500190734863,4.862500190734863,4.983749866485596,4.917027950286865,355616000
2018-01-03,5.102499961853027,5.34250020980835,5.09375,5.3117499351501465,5.240635871887207,914704000
2018-01-04,5.394000053405762,5.451250076293945,5.317249774932861,5.339749813079834,5.268261432647705,583268000
2018-01-05,5.354750156402588,5.422749996185303,5.2769999504089355,5.385000228881836,5.312905311584473,580124000
2018-01-08,5.510000228881836,5.625,5.4644999504089355,5.550000190734863,5.475696563720703,881216000
2018-01-09,5.555500030517578,5.5954999923706055,5.466000080108643,5.548500061035156,5.474214553833008,497000000
2018-01-10,5.454999923706055,5.5954999923706055,5.400000095367432,5.5920000076293945,5.517135143280029,582664000
2018-01-11,5.625,5.656750202178955,5.580249786376953,5.6020002365112305,5.527000427246094,406032000
2018-01-12,5.590000152587891,5.624750137329102,5.5335001945495605,5.57450008392334,5.499867916107178,359916000
2018-01-16,5.601250171661377,5.687749862670898,5.417250156402588,5.502749919891357,5.429080486297607,702348000
2018-01-17,5.517499923706055,5.627999782562256,5.422500133514404,5.618000030517578,5.542786121368408,538408000
2018-01-18,5.598499774932861,5.665999889373779,5.566999912261963,5.611000061035156,5.5358781814575195,408632000
2018-01-19,5.702250003814697,5.777249813079834,5.675000190734863,5.752749919891357,5.675730228424072,609380000
2018-01-22,5.760749816894531,5.843999862670898,5.702499866485596,5.842249870300293,5.764035224914551,550944000
2018-01-23,5.896249771118164,5.9957499504089355,5.877500057220459,5.972750186920166,5.892786502838135,475228000
2018-01-24,5.97599983215332,6.012249946594238,5.838749885559082,5.894999980926514,5.816078186035156,579972000
2018-01-25,5.949999809265137,5.993750095367432,5.893750190734863,5.908750057220459,5.8296427726745605,409884000
2018-01-26,5.953000068664551,6.083499908447266,5.940000057220459,6.083250045776367,6.001805782318115,516356000
2018-01-29,6.06850004196167,6.202750205993652,6.015250205993652,6.171249866485596,6.08862829208374,455116000
2018-01-30,6.027750015258789,6.1605000495910645,5.960249900817871,6.067999839782715,5.986762046813965,570832000
2018-01-31,6.14424991607666,6.231750011444092,6.111249923706055,6.144999980926514,6.062731742858887,478576000
2018-02-01,5.9629998207092285,6.172500133514404,5.951499938964844,6.012499809265137,5.932003498077393,519224000
2018-02-02,5.925000190734863,5.949250221252441,5.779250144958496,5.8379998207092285,5.759839057922363,718464000
2018-02-05,5.675000190734863,5.830749988555908,5.125,5.34250020980835,5.270974636077881,1165204000
2018-02-06,5.110000133514404,5.642499923706055,5.099999904632568,5.639500141143799,5.563998222351074,1114800000
2018-02-07,5.739500045776367,5.8742499351501465,5.667500019073486,5.71999979019165,5.643418788909912,802932000
2018-02-08,5.8470001220703125,5.880499839782715,5.437749862670898,5.438000202178955,5.365196228027344,1144000000
2018-02-09,5.956250190734863,5.972249984741211,5.438000202178955,5.802000045776367,5.724321365356445,1674604000
2018-02-12,5.883999824523926,5.88700008392334,5.6257500648498535,5.70074987411499,5.62442684173584,1093172000
2018-02-13,5.664000034332275,5.862500190734863,5.631249904632568,5.8157501220703125,5.737888813018799,625524000
2018-02-14,5.775000095367432,6.0647501945495605,5.763750076293945,6.0355000495910645,5.954694747924805,744988000
2018-02-15,6.119750022888184,6.209249973297119,6.038000106811523,6.162499904632568,6.079996109008789,698900000
2018-02-16,6.135000228881836,6.25,6.086750030517578,6.0960001945495605,6.0143866539001465,637656000
2018-02-20,6.118750095367432,6.296750068664551,6.114999771118164,6.2270002365112305,6.143633842468262,686240000
2018-02-21,6.292250156402588,6.29925012588501,6.033999919891357,6.037749767303467,5.956916809082031,892292000
2018-02-22,6.0682501792907715,6.140749931335449,5.987500190734863,6.053750038146973,5.976414680480957,534364000
2018-02-23,6.114250183105469,6.148250102996826,6.063000202178955,6.148250102996826,6.069705963134766,415300000
2018-02-26,6.195000171661377,6.19950008392334,6.101500034332275,6.1645002365112305,6.08574914932251,469312000
2018-02-27,6.137499809265137,6.222750186920166,6.1282501220703125,6.151500225067139,6.072915554046631,455436000
2018-02-28,6.162499904632568,6.202499866485596,6.038249969482422,6.050000190734863,5.97271203994751,523116000
2018-03-01,6.047749996185303,6.102250099182129,5.703000068664551,5.80525016784668,5.731088161468506,1040120000
2018-03-02,5.696499824523926,5.920000076293945,5.546249866485596,5.91349983215332,5.837954998016357,913428000
2018-03-05,5.862750053405762,5.931250095367432,5.73799991607666,5.891250133514404,5.815989017486572,620776000
2018-03-06,5.977499961853027,6.073500156402588,5.934000015258789,6.053999900817871,5.976661205291748,636808000
2018-03-07,5.949999809265137,6.098750114440918,5.948750019073486,6.046000003814697,5.96876335144043,581208000
2018-03-08,6.073750019073486,6.073750019073486,5.984749794006348,6.0295000076293945,5.952473163604736,411912000
2018-03-09,6.077499866485596,6.146249771118164,6.06125020980835,6.1332502365112305,6.054898262023926,505524000
2018-03-12,6.175000190734863,6.324999809265137,6.166749954223633,6.24399995803833,6.164233207702637,605060000
2018-03-13,6.28725004196167,6.362500190734863,6.151000022888184,6.192749977111816,6.113637447357178,619772000
2018-03-14,6.236249923706055,6.263750076293945,6.1554999351501465,6.218500137329102,6.1390581130981445,505496000
2018-03-15,6.232250213623047,6.315499782562256,6.190999984741211,6.233500003814697,6.153868675231934,401952000
2018-03-16,6.25,6.28125,6.211999893188477,6.26200008392334,6.18200159072876,399456000
2018-03-19,6.204500198364258,6.233749866485596,5.925000190734863,6.025000095367432,5.948030948638916,713772000
2018-03-20,6.0279998779296875,6.278749942779541,6.0279998779296875,6.239500045776367,6.159789562225342,554696000
2018-03-21,6.232999801635742,6.300000190734863,6.1832499504089355,6.214000225067139,6.134617328643799,438688000
2018-03-22,6.150000095367432,6.197000026702881,6.008500099182129,6.046249866485596,5.9690093994140625,551196000
2018-03-23,6.059999942779541,6.0625,5.813000202178955,5.824250221252441,5.749846458435059,735620000
2018-03-26,5.949999809265137,6.113249778747559,5.897500038146973,6.111999988555908,6.033919811248779,611424000
2018-03-27,6.193749904632568,6.25,5.496250152587891,5.638000011444092,5.56597375869751,1409000000
2018-03-28,5.603250026702881,5.734749794006348,5.425000190734863,5.533750057220459,5.463056564331055,945904000
2018-03-29,5.602749824523926,5.887499809265137,5.517499923706055,5.789750099182129,5.715785503387451,916628000
2018-04-02,5.718500137329102,5.866250038146973,5.4375,5.526249885559082,5.455652713775635,922092000
2018-04-03,5.695000171661377,5.758749961853027,5.533750057220459,5.633749961853027,5.561779499053955,667432000
2018-04-04,5.375249862670898,5.666500091552734,5.349999904632568,5.656000137329102,5.583745002746582,789168000
2018-04-05,5.715000152587891,5.728250026702881,5.462250232696533,5.5345001220703125,5.463797569274902,701240000
2018-04-06,5.430749893188477,5.539999961853027,5.326749801635742,5.356249809265137,5.287823677062988,662988000
2018-04-09,5.420000076293945,5.54925012588501,5.364999771118164,5.385250091552734,5.31645393371582,499524000
2018-04-10,5.618000030517578,5.724999904632568,5.5602498054504395,5.697750091552734,5.624960899353027,761676000
2018-04-11,5.682750225067139,5.7245001792907715,5.623000144958496,5.656000137329102,5.583745002746582,460244000
2018-04-12,5.75,5.882999897003174,5.705249786376953,5.864999771118164,5.790075302124023,593920000
2018-04-13,5.9292497634887695,5.937749862670898,5.738749980926514,5.787499904632568,5.713564872741699,503036000
2018-04-16,5.794250011444092,5.821000099182129,5.691999912261963,5.78725004196167,5.713318347930908,350792000
2018-04-17,5.840000152587891,5.960000038146973,5.783750057220459,5.938499927520752,5.862635612487793,447224000
2018-04-18,5.887499809265137,5.981249809265137,5.819250106811523,5.909249782562256,5.833760738372803,391364000
2018-04-19,5.793749809265137,5.827499866485596,5.670000076293945,5.72599983215332,5.652851104736328,471996000
2018-04-20,5.717249870300293,5.802499771118164,5.68625020980835,5.717750072479248,5.644705772399902,386200000
2018-04-23,5.735750198364258,5.787499904632568,5.5707502365112305,5.5970001220703125,5.525497913360596,427508000
2018-04-24,5.623000144958496,5.71999979019165,5.464000225067139,5.53000020980835,5.459354400634766,414596000
2018-04-25,5.5,5.5395002365112305,5.257500171661377,5.416500091552734,5.347303867340088,588492000
2018-04-26,5.579999923706055,5.638750076293945,5.51324987411499,5.630499839782715,5.5585713386535645,375824000
2018-04-27,5.737500190734863,5.757500171661377,5.615499973297119,5.658249855041504,5.585966110229492,400848000
2018-04-30,5.674749851226807,5.724999904632568,5.603000164031982,5.622499942779541,5.55067253112793,327844000
2018-05-01,5.614250183105469,5.681250095367432,5.554999828338623,5.678500175476074,5.605958461761475,253788000
2018-05-02,5.675000190734863,5.71999979019165,5.631249904632568,5.657750129699707,5.58547306060791,268248000
2018-05-03,5.690000057220459,5.851250171661377,5.64424991607666,5.824749946594238,5.750340461730957,443144000
2018-05-04,5.795750141143799,5.979750156402588,5.778250217437744,5.976500034332275,5.900153160095215,400660000
2018-05-07,6.082250118255615,6.274750232696533,6.072249889373779,6.2170000076293945,6.13757848739624,687616000
2018-05-08,6.217249870300293,6.262750148773193,6.167749881744385,6.260000228881836,6.180030822753906,506616000
2018-05-09,6.280250072479248,6.396749973297119,6.252749919891357,6.394499778747559,6.312810897827148,596760000
2018-05-10,6.447999954223633,6.512499809265137,6.429999828338623,6.5032501220703125,6.420170783996582,994080000
2018-05-11,6.319499969482422,6.494750022888184,6.263500213623047,6.363249778747559,6.2819600105285645,1214456000
2018-05-14,6.401750087738037,6.462250232696533,6.360000133514404,6.383999824523926,6.3024444580078125,523140000
2018-05-15,6.31974983215332,6.322500228881836,6.037499904632568,6.138999938964844,6.060575008392334,963528000
2018-05-16,6.099999904632568,6.2129998207092285,6.062749862670898,6.15024995803833,6.071681976318359,553828000
2018-05-17,6.1519999504089355,6.287499904632568,6.135749816894531,6.192749977111816,6.113637447357178,519784000
2018-05-18,6.245250225067139,6.3092498779296875,6.143499851226807,6.148499965667725,6.069952964782715,483716000
2018-05-21,6.247000217437744,6.2507500648498535,6.012249946594238,6.105999946594238,6.0279951095581055,640624000
2018-05-22,6.119500160217285,6.144999980926514,6.006249904632568,6.067500114440918,5.989988803863525,518264000
2018-05-23,6.006999969482422,6.1897501945495605,6.006249904632568,6.188499927520752,6.11322021484375,442956000
2018-05-24,6.184750080108643,6.235000133514404,6.13100004196167,6.192249774932861,6.116923809051514,437372000
2018-05-25,6.204999923706055,6.248499870300293,6.169000148773193,6.23199987411499,6.156191825866699,292112000
2018-05-29,6.213749885559082,6.2835001945495605,6.167500019073486,6.214749813079834,6.1391520500183105,352684000
2018-05-30,6.24875020980835,6.333499908447266,6.223750114440918,6.324749946594238,6.247813701629639,390996000
2018-05-31,6.292500019073486,6.380000114440918,6.281750202178955,6.304749965667725,6.228055953979492,493868000
2018-06-01,6.349999904632568,6.446750164031982,6.341249942779541,6.440499782562256,6.362154006958008,421968000
2018-06-04,6.474999904632568,6.643499851226807,6.442500114440918,6.621250152587891,6.540706157684326,642024000
2018-06-05,6.624499797821045,6.664750099182129,6.579249858856201,6.6267499923706055,6.546139717102051,391712000
2018-06-06,6.535749912261963,6.631999969482422,6.51924991607666,6.628749847412109,6.548115253448486,371356000
2018-06-07,6.625,6.63700008392334,6.481249809265137,6.572500228881836,6.492550373077393,369448000
2018-06-08,6.499000072479248,6.599999904632568,6.480000019073486,6.557000160217285,6.477238655090332,360456000
2018-06-11,6.544250011444092,6.586249828338623,6.502500057220459,6.515500068664551,6.436243057250977,265372000
2018-06-12,6.542250156402588,6.576749801635742,6.491499900817871,6.564499855041504,6.484645366668701,319160000
2018-06-13,6.565999984741211,6.641749858856201,6.550749778747559,6.559999942779541,6.480202674865723,338208000
2018-06-14,6.605500221252441,6.730000019073486,6.5904998779296875,6.672749996185303,6.591579437255859,430016000
2018-06-15,6.614999771118164,6.686999797821045,6.583749771118164,6.631499767303467,6.550829887390137,432260000
2018-06-18,6.586999893188477,6.644999980926514,6.559500217437744,6.6272501945495605,6.546633243560791,356268000
2018-06-19,6.5229997634887695,6.591000080108643,6.375500202178955,6.5042500495910645,6.425131320953369,594932000
2018-06-20,6.545750141143799,6.611249923706055,6.506999969482422,6.557750225067139,6.477977275848389,369780000
2018-06-21,6.590000152587891,6.608500003814697,6.420000076293945,6.427750110626221,6.3495612144470215,359516000
2018-06-22,6.448750019073486,6.462250232696533,6.2582502365112305,6.273749828338623,6.197432041168213,434160000
2018-06-25,6.166250228881836,6.170000076293945,5.888500213623047,5.978000164031982,5.905281066894531,665816000
2018-06-26,6.09250020980835,6.141250133514404,5.9977498054504395,6.049749851226807,5.976158142089844,478884000
2018-06-27,6.09375,6.160749912261963,5.887499809265137,5.89300012588501,5.821317195892334,453892000
2018-06-28,5.882999897003174,6.0335001945495605,5.875249862670898,6.021500110626221,5.948253154754639,338012000
2018-06-29,6.087250232696533,6.099999904632568,5.921249866485596,5.922500133514404,5.850454807281494,392300000
2018-07-02,5.852250099182129,6.059750080108643,5.831500053405762,6.056000232696533,5.982332706451416,357572000
2018-07-03,6.091000080108643,6.0970001220703125,5.912499904632568,5.921000003814697,5.848974227905273,222732000
2018-07-05,5.976749897003174,6.073249816894531,5.9375,6.0682501792907715,5.99443244934082,306216000
2018-07-06,6.043499946594238,6.1917500495910645,6.021999835968018,6.1832499504089355,6.108034133911133,296352000
2018-07-09,6.2582502365112305,6.26800012588501,6.151750087738037,6.231249809265137,6.155451774597168,303880000
2018-07-10,6.243750095367432,6.353499889373779,6.203000068664551,6.331250190734863,6.2542338371276855,360016000
2018-07-11,6.237500190734863,6.272500038146973,6.177499771118164,6.1882500648498535,6.112974166870117,367508000
2018-07-12,6.234000205993652,6.329249858856201,6.223999977111816,6.280749797821045,6.204347610473633,345508000
2018-07-13,6.299499988555908,6.299499988555908,6.190499782562256,6.232999801635742,6.15717887878418,246988000
2018-07-16,6.204999923706055,6.258500099182129,6.192500114440918,6.204999923706055,6.129519462585449,197036000
2018-07-17,6.155250072479248,6.357500076293945,6.129499912261963,6.342249870300293,6.265100002288818,362136000
2018-07-18,6.334750175476074,6.348750114440918,6.241000175476074,6.292500019073486,6.215954780578613,277640000
2018-07-19,6.273499965667725,6.334750175476074,6.2582502365112305,6.300749778747559,6.224104404449463,235752000
2018-07-20,6.298250198364258,6.337500095367432,6.261250019073486,6.272250175476074,6.195952415466309,222352000
2018-07-23,6.245500087738037,6.247250080108643,6.081999778747559,6.235249996185303,6.1594014167785645,301584000
2018-07-24,6.283750057220459,6.371250152587891,6.199999809265137,6.217750072479248,6.14211368560791,354620000
2018-07-25,6.227250099182129,6.309500217437744,6.168749809265137,6.296750068664551,6.220154285430908,319112000
2018-07-26,6.276500225067139,6.408249855041504,6.259500026702881,6.370999813079834,6.29349946975708,325124000
2018-07-27,6.4079999923706055,6.414999961853027,6.245999813079834,6.30049991607666,6.2238569259643555,295420000
2018-07-30,6.3147501945495605,6.3207502365112305,6.067999839782715,6.103250026702881,6.029006481170654,340340000
2018-07-31,6.092750072479248,6.197000026702881,6.053500175476074,6.121500015258789,6.0470356941223145,283988000
2018-08-01,6.153250217437744,6.209000110626221,6.097249984741211,6.161749839782715,6.086796760559082,283556000
2018-08-02,6.089749813079834,6.269499778747559,6.030250072479248,6.265500068664551,6.189284324645996,269668000
2018-08-03,6.290249824523926,6.326499938964844,6.273250102996826,6.302499771118164,6.225833892822266,214288000
2018-08-06,6.289750099182129,6.354249954223633,6.24275016784668,6.350749969482422,6.273496627807617,207508000
2018-08-07,6.400000095367432,6.442500114440918,6.373000144958496,6.423749923706055,6.345608711242676,258132000
2018-08-08,6.425000190734863,6.50600004196167,6.389750003814697,6.4604997634887695,6.381911277770996,262100000
2018-08-09,6.478499889373779,6.481249809265137,6.403749942779541,6.411499977111816,6.333508491516113,204280000
2018-08-10,6.328750133514404,6.402500152587891,6.317500114440918,6.369750022888184,6.292264461517334,256396000
2018-08-13,6.378499984741211,6.525000095367432,6.3767499923706055,6.4029998779296875,6.3251118659973145,375208000
2018-08-14,6.509500026702881,6.550000190734863,6.42549991607666,6.535749912261963,6.456246376037598,466220000
2018-08-15,6.5567498207092285,6.591000080108643,6.397500038146973,6.4770002365112305,6.39821195602417,591136000
2018-08-16,6.547500133514404,6.550000190734863,6.375249862670898,6.435999870300293,6.357711315155029,801260000
2018-08-17,6.323500156402588,6.324250221252441,6.093249797821045,6.120500087738037,6.046047687530518,1143188000
2018-08-20,6.079500198364258,6.329999923706055,5.9679999351501465,6.196000099182129,6.120630264282227,854388000
2018-08-21,6.212500095367432,6.337500095367432,6.192500114440918,6.333000183105469,6.255963325500488,673988000
2018-08-22,6.300000190734863,6.575500011444092,6.296500205993652,6.570499897003174,6.490573883056641,749856000
2018-08-23,6.531499862670898,6.736999988555908,6.517499923706055,6.671000003814697,6.589850425720215,720684000
2018-08-24,6.679500102996826,6.820250034332275,6.675000190734863,6.805500030517578,6.722714424133301,531512000
2018-08-27,6.8354997634887695,6.972499847412109,6.803750038146973,6.897500038146973,6.813596725463867,505776000
2018-08-28,6.891499996185303,6.9145002365112305,6.738249778747559,6.859499931335449,6.776058673858643,475384000
2018-08-29,6.8480000495910645,6.987500190734863,6.827000141143799,6.962250232696533,6.881320476531982,420108000
2018-08-30,6.930749893188477,7.043000221252441,6.9079999923706055,6.945250034332275,6.864518165588379,346608000
2018-08-31,6.925000190734863,7.03000020980835,6.914999961853027,7.017000198364258,6.935433864593506,306592000
2018-09-04,7.003749847412109,7.130499839782715,6.974999904632568,7.09250020980835,7.0100555419921875,391720000
2018-09-05,7.074749946594238,7.110499858856201,6.878749847412109,6.9604997634887695,6.87959098815918,393156000
2018-09-06,6.943999767303467,6.946499824523926,6.784749984741211,6.817999839782715,6.738748073577881,322796000
2018-09-07,6.724999904632568,6.923250198364258,6.679749965667725,6.796500205993652,6.717496871948242,295420000
2018-09-10,6.819250106811523,6.898250102996826,6.775000095367432,6.868249893188477,6.7884135246276855,220140000
2018-09-11,6.821499824523926,6.909999847412109,6.80049991607666,6.820000171661377,6.740723609924316,243112000
2018-09-12,6.779749870300293,6.799499988555908,6.547999858856201,6.704999923706055,6.627060413360596,419092000
2018-09-13,6.771500110626221,6.875,6.754000186920166,6.7835001945495605,6.704647541046143,305536000
2018-09-14,6.874750137329102,6.977499961853027,6.837500095367432,6.910749912261963,6.830418109893799,386936000
2018-09-17,6.885000228881836,6.934500217437744,6.828750133514404,6.848249912261963,6.7686448097229,205528000
2018-09-18,6.852250099182129,6.955999851226807,6.768750190734863,6.7754998207092285,6.696742057800293,299520000
2018-09-19,6.756750106811523,6.817500114440918,6.706250190734863,6.799499988555908,6.720462322235107,224860000
2018-09-20,6.676249980926514,6.718999862670898,6.602499961853027,6.6570000648498535,6.579619407653809,430584000
2018-09-21,6.669000148773193,6.715000152587891,6.552750110626221,6.586249828338623,6.50969123840332,435128000
2018-09-24,6.554999828338623,6.645999908447266,6.4670000076293945,6.642499923706055,6.5652875900268555,293912000
2018-09-25,6.709249973297119,6.735499858856201,6.6227498054504395,6.710249900817871,6.632249355316162,280388000
2018-09-26,6.715250015258789,6.75600004196167,6.6570000648498535,6.672999858856201,6.595431804656982,268548000
2018-09-27,6.708499908447266,6.730000019073486,6.653250217437744,6.684999942779541,6.6072916984558105,214428000
2018-09-28,6.8182501792907715,7.047999858856201,6.789999961853027,7.0254998207092285,6.943833827972412,709396000
2018-10-01,7.104000091552734,7.301499843597412,7.065000057220459,7.234000205993652,7.149910926818848,622060000
2018-10-02,7.206250190734863,7.318999767303467,7.139500141143799,7.1620001792907715,7.078747749328613,383964000
2018-10-03,7.232999801635742,7.240499973297119,7.0632500648498535,7.16825008392334,7.084927082061768,320552000
2018-10-04,7.131750106811523,7.15625,6.9045000076293945,6.982250213623047,6.901087760925293,391220000
2018-10-05,6.957250118255615,7.019999980926514,6.688499927520752,6.746500015258789,6.668078422546387,426636000
2018-10-08,6.662499904632568,6.7789998054504395,6.501999855041504,6.64424991607666,6.5670166015625,408612000
2018-10-09,6.623499870300293,6.718999862670898,6.570000171661377,6.638500213623047,6.561333656311035,273500000
2018-10-10,6.531499862670898,6.577750205993652,6.139999866485596,6.142250061035156,6.070851802825928,684940000
2018-10-11,6.0542497634887695,6.189000129699707,5.856500148773193,5.8782501220703125,5.8099212646484375,725436000
2018-10-12,6.137750148773193,6.238500118255615,5.991250038146973,6.16349983215332,6.091854095458984,608236000
2018-10-15,6.150000095367432,6.150000095367432,5.883500099182129,5.884500026702881,5.816098690032959,449760000
2018-10-16,5.9982500076293945,6.1570000648498535,5.948500156402588,6.145750045776367,6.074311256408691,408712000
2018-10-17,6.208499908447266,6.247000217437744,6.0269999504089355,6.076499938964844,6.005865573883057,329668000
2018-10-18,6.146500110626221,6.1852498054504395,5.927249908447266,5.988249778747559,5.918642997741699,524020000
2018-10-19,6.044000148773193,6.06374979019165,5.692500114440918,5.729249954223633,5.662652015686035,613608000
2018-10-22,5.7820000648498535,5.882999897003174,5.676750183105469,5.7804999351501465,5.713305473327637,368844000
2018-10-23,5.510749816894531,5.604750156402588,5.417749881744385,5.526500225067139,5.462259769439697,626436000
2018-10-24,5.487750053405762,5.534749984741211,4.971250057220459,4.985249996185303,4.927299976348877,884288000
2018-10-25,4.886750221252441,5.243750095367432,4.8420000076293945,5.196000099182129,5.13560152053833,951720000
2018-10-26,4.957749843597412,5.120999813079834,4.828000068664551,4.957250118255615,4.8996262550354,664784000
2018-10-29,5.09975004196167,5.103250026702881,4.40024995803833,4.640500068664551,4.586557865142822,758016000
2018-10-30,4.663750171661377,5.085000038146973,4.640500068664551,5.074999809265137,5.01600980758667,807192000
2018-10-31,5.241250038146973,5.3147501945495605,5.100249767303467,5.270750045776367,5.2094831466674805,745772000
2018-11-01,5.307499885559082,5.462250232696533,5.179749965667725,5.452750205993652,5.389369010925293,566528000
2018-11-02,5.4432501792907715,5.550000190734863,5.255249977111816,5.373000144958496,5.310543537139893,452960000
2018-11-05,5.359749794006348,5.3832502365112305,5.131999969482422,5.294250011444092,5.232708930969238,379332000
2018-11-06,5.286250114440918,5.371250152587891,5.238999843597412,5.276500225067139,5.215165615081787,299012000
2018-11-07,5.34375,5.4352498054504395,5.2795000076293945,5.344749927520752,5.282622814178467,483812000
2018-11-08,5.284999847412109,5.285749912261963,5.095749855041504,5.149750232696533,5.089888572692871,511352000
2018-11-09,5.059999942779541,5.232999801635742,5.026000022888184,5.141749858856201,5.081981658935547,413240000
2018-11-12,5.049499988555908,5.071750164031982,4.7164998054504395,4.738500118255615,4.683419704437256,617116000
2018-11-13,4.837250232696533,5.105249881744385,4.830999851226807,4.982749938964844,4.924830436706543,644712000
2018-11-14,5.15749979019165,5.171999931335449,4.8207502365112305,4.929749965667725,4.8724470138549805,526580000
2018-11-15,4.923749923706055,5.132500171661377,4.887499809265137,5.059750080108643,5.0009355545043945,840708000
2018-11-16,4.083000183105469,4.266499996185303,4.040249824523926,4.110750198364258,4.062966346740723,1963520000
2018-11-19,4.044750213623047,4.045499801635742,3.6157500743865967,3.617500066757202,3.5754499435424805,1697820000
2018-11-20,3.3515000343322754,3.8564999103546143,3.332750082015991,3.7269999980926514,3.6836774349212646,1692032000
2018-11-21,3.865499973297119,3.882499933242798,3.590250015258789,3.6177499294281006,3.5756964683532715,1025496000
2018-11-23,3.582750082015991,3.7397499084472656,3.5697500705718994,3.625,3.5828635692596436,411968000
2018-11-26,3.7472500801086426,3.836750030517578,3.6640000343322754,3.8262500762939453,3.781773090362549,814832000
2018-11-27,3.799999952316284,3.9252500534057617,3.7637500762939453,3.843250036239624,3.7985754013061523,738060000
2018-11-28,3.9619998931884766,4.006999969482422,3.828249931335449,4.0017499923706055,3.955233335494995,804524000
2018-11-29,4.0,4.037499904632568,3.9035000801086426,3.934000015258789,3.892160654067993,549172000
2018-11-30,3.9437499046325684,4.096499919891357,3.8929998874664307,4.085750102996826,4.042298793792725,729564000
2018-12-03,4.315000057220459,4.367000102996826,4.183499813079834,4.250999927520752,4.205788612365723,890804000
2018-12-04,4.205999851226807,4.210999965667725,3.9124999046325684,3.9277501106262207,3.8859784603118896,812112000
2018-12-06,3.7860000133514404,3.962249994277954,3.770250082015991,3.9572501182556152,3.9151642322540283,692308000
2018-12-07,3.9614999294281006,3.971750020980835,3.640500068664551,3.6902499198913574,3.651003122329712,681676000
2018-12-10,3.6449999809265137,3.821500062942505,3.641249895095825,3.7964999675750732,3.7561233043670654,629472000
2018-12-11,3.8889999389648438,3.897249937057495,3.625,3.7047500610351562,3.6653494834899902,671912000
2018-12-12,3.7105000019073486,3.819499969482422,3.620500087738037,3.7225000858306885,3.682910919189453,654136000
2018-12-13,3.7697501182556152,3.8345000743865967,3.686000108718872,3.722249984741211,3.682664394378662,471384000
2018-12-14,3.6802499294281006,3.7647500038146973,3.637500047683716,3.661250114440918,3.622312545776367,471820000
2018-12-17,3.63100004196167,3.703749895095825,3.5309998989105225,3.5894999504089355,3.5513250827789307,662868000
2018-12-18,3.6337499618530273,3.7582499980926514,3.606250047683716,3.6735000610351562,3.6344316005706787,564372000
2018-12-19,3.6394999027252197,3.69350004196167,3.410749912261963,3.46274995803833,3.4259235858917236,745364000
2018-12-20,3.4542500972747803,3.5450000762939453,3.3172500133514404,3.377500057220459,3.341580867767334,749588000
2018-12-21,3.404249906539917,3.4375,3.2114999294281006,3.2392499446868896,3.204800844192505,863740000
2018-12-24,3.16225004196167,3.249500036239624,3.112499952316284,3.177000045776367,3.1432127952575684,463840000
2018-12-26,3.2235000133514404,3.3285000324249268,3.1115000247955322,3.327500104904175,3.2921109199523926,695100000
2018-12-27,3.274749994277954,3.309499979019165,3.129499912261963,3.279249906539917,3.244375228881836,637044000
2018-12-28,3.299999952316284,3.4347500801086426,3.2577500343322754,3.341249942779541,3.305715322494507,628728000
2018-12-31,3.384999990463257,3.4177498817443848,3.30649995803833,3.3375000953674316,3.3020050525665283,465140000
2019-01-02,3.2660000324249268,3.4619998931884766,3.2512500286102295,3.4054999351501465,3.369281768798828,508752000
2019-01-03,3.344749927520752,3.378999948501587,3.1922500133514404,3.1997499465942383,3.165719985961914,705552000
2019-01-04,3.2734999656677246,3.4432499408721924,3.242500066757202,3.404750108718872,3.368540048599243,585620000
2019-01-07,3.4625000953674316,3.6222500801086426,3.410749912261963,3.5850000381469727,3.546872854232788,709160000
2019-01-08,3.667249917984009,3.6695001125335693,3.422499895095825,3.4957499504089355,3.4585721492767334,786016000
2019-01-09,3.547499895095825,3.6122500896453857,3.496500015258789,3.564500093460083,3.5265913009643555,617260000
2019-01-10,3.5450000762939453,3.6394999027252197,3.4839999675750732,3.6307499408721924,3.592136859893799,523156000
2019-01-11,3.6082499027252197,3.7437500953674316,3.5802500247955322,3.720750093460083,3.6811792850494385,874764000
2019-01-14,3.6679999828338623,3.7864999771118164,3.64424991607666,3.760999917984009,3.721001148223877,730168000
2019-01-15,3.7939999103546143,3.833750009536743,3.728250026702881,3.7467501163482666,3.7069039344787598,617012000
2019-01-16,3.774250030517578,3.807499885559082,3.7155001163482666,3.7209999561309814,3.681427001953125,470104000
2019-01-17,3.6877501010894775,3.833250045776367,3.660249948501587,3.7929999828338623,3.7526609897613525,493436000
2019-01-18,3.843250036239624,3.94950008392334,3.791249990463257,3.9232499599456787,3.881525754928589,651336000
2019-01-22,3.8927500247955322,3.9045000076293945,3.6887500286102295,3.719249963760376,3.679694890975952,661552000
2019-01-23,3.7750000953674316,3.864500045776367,3.7007501125335693,3.7322499752044678,3.692556858062744,591020000
2019-01-24,3.817500114440918,3.963749885559082,3.8127501010894775,3.946000099182129,3.904033899307251,708972000
2019-01-25,3.885999917984009,4.021999835968018,3.7825000286102295,4.003749847412109,3.9611692428588867,1154572000
2019-01-28,3.413749933242798,3.5409998893737793,3.2750000953674316,3.4502499103546143,3.4135560989379883,2511528000
2019-01-29,3.403749942779541,3.452500104904175,3.27524995803833,3.2899999618530273,3.2550106048583984,1153932000
2019-01-30,3.3667500019073486,3.4492499828338623,3.2864999771118164,3.4347500801086426,3.3982205390930176,974228000
2019-01-31,3.43149995803833,3.6297500133514404,3.4094998836517334,3.59375,3.555530309677124,842852000
2019-02-01,3.612499952316284,3.6697499752044678,3.564500093460083,3.6182498931884766,3.579770088195801,625048000
2019-02-04,3.6342499256134033,3.7669999599456787,3.611999988555908,3.7295000553131104,3.6898365020751953,528592000
2019-02-05,3.741499900817871,3.785749912261963,3.7074999809265137,3.7487499713897705,3.7088818550109863,542424000
2019-02-06,3.782249927520752,3.890000104904175,3.776750087738037,3.825000047683716,3.7843217849731445,702464000
2019-02-07,3.778249979019165,3.7804999351501465,3.6422500610351562,3.685499906539917,3.64630389213562,637120000
2019-02-08,3.6177499294281006,3.7149999141693115,3.603250026702881,3.7042500972747803,3.6648542881011963,461604000
2019-02-11,3.659749984741211,3.7144999504089355,3.612499952316284,3.661250114440918,3.622312545776367,495180000
2019-02-12,3.700000047683716,3.7950000762939453,3.685499906539917,3.779249906539917,3.7390575408935547,591060000
2019-02-13,3.809000015258789,3.895750045776367,3.7952499389648438,3.822000026702881,3.7813522815704346,605372000
2019-02-14,3.821000099182129,3.8917500972747803,3.7774999141693115,3.8632500171661377,3.822164297103882,827264000
2019-02-15,4.073750019073486,4.096749782562256,3.9105000495910645,3.933500051498413,3.891667127609253,1516748000
2019-02-19,3.9227499961853027,3.9972500801086426,3.9035000801086426,3.9159998893737793,3.87435245513916,551892000
2019-02-20,3.945499897003174,4.031499862670898,3.9342501163482666,3.963749885559082,3.9215950965881348,540988000
2019-02-21,3.9765000343322754,4.00124979019165,3.879499912261963,3.89424991607666,3.8528342247009277,448548000
2019-02-22,3.946500062942505,3.9987499713897705,3.9327499866485596,3.979749917984009,3.937424898147583,401740000
2019-02-25,4.064000129699707,4.131999969482422,3.9584999084472656,3.967250108718872,3.925057888031006,656020000
2019-02-26,3.9625000953674316,4.019000053405762,3.893749952316284,3.927500009536743,3.885730504989624,488464000
2019-02-27,3.9130001068115234,3.9397499561309814,3.8277499675750732,3.8852500915527344,3.843930244445801,500256000
2019-02-28,3.875,3.8975000381469727,3.8340001106262207,3.8564999103546143,3.8194174766540527,324944000
2019-03-01,3.906749963760376,3.953749895095825,3.8480000495910645,3.911250114440918,3.8736417293548584,357188000
2019-03-04,3.950000047683716,3.9730000495910645,3.862499952316284,3.9195001125335693,3.88181209564209,409992000
2019-03-05,3.903749942779541,3.9514999389648438,3.8489999771118164,3.9130001068115234,3.8753743171691895,362924000
2019-03-06,3.9040000438690186,3.9124999046325684,3.7985000610351562,3.8012499809265137,3.7646987438201904,403524000
2019-03-07,3.7774999141693115,3.78725004196167,3.684999942779541,3.7314999103546143,3.695620059967041,450104000
2019-03-08,3.6414999961853027,3.776750087738037,3.619999885559082,3.7660000324249268,3.729787826538086,422416000
2019-03-11,3.789750099182129,4.051499843597412,3.7422499656677246,4.028500080108643,3.989764928817749,859728000
2019-03-12,4.05649995803833,4.109749794006348,3.979749917984009,4.063000202178955,4.023931980133057,579576000
2019-03-13,4.100749969482422,4.244999885559082,4.093249797821045,4.2154998779296875,4.174964904785156,768900000
2019-03-14,4.22475004196167,4.23675012588501,4.131249904632568,4.138999938964844,4.099201202392578,519384000
2019-03-15,4.182499885559082,4.288249969482422,4.178999900817871,4.245250225067139,4.204430103302002,661484000
2019-03-18,4.2769999504089355,4.331250190734863,4.196499824523926,4.223750114440918,4.183135986328125,486992000
2019-03-19,4.318999767303467,4.4375,4.302000045776367,4.392749786376953,4.35051155090332,854972000
2019-03-20,4.421999931335449,4.475749969482422,4.324999809265137,4.360000133514404,4.318076133728027,719148000
2019-03-21,4.3832502365112305,4.625,4.3782501220703125,4.598499774932861,4.554282188415527,824312000
2019-03-22,4.571000099182129,4.619999885559082,4.423500061035156,4.4375,4.394832134246826,747644000
2019-03-25,4.396500110626221,4.461249828338623,4.277750015258789,4.3445000648498535,4.302726745605469,525212000
2019-03-26,4.487249851226807,4.543749809265137,4.364999771118164,4.421750068664551,4.379233360290527,703508000
2019-03-27,4.447500228881836,4.4942498207092285,4.34250020980835,4.412499904632568,4.3700714111328125,474372000
2019-03-28,4.43874979019165,4.497499942779541,4.377749919891357,4.431250095367432,4.388640403747559,480264000
2019-03-29,4.498499870300293,4.513500213623047,4.447750091552734,4.488999843597412,4.445834636688232,456896000
2019-04-01,4.581500053405762,4.587500095367432,4.509250164031982,4.557000160217285,4.513183116912842,483824000
2019-04-02,4.581250190734863,4.619750022888184,4.538000106811523,4.574999809265137,4.531009197235107,440920000
2019-04-03,4.625,4.775000095367432,4.619999885559082,4.7154998779296875,4.6701579093933105,783504000
2019-04-04,4.699999809265137,4.7492499351501465,4.643249988555908,4.706500053405762,4.661243915557861,457376000
2019-04-05,4.75,4.791250228881836,4.713250160217285,4.773749828338623,4.727847576141357,481744000
2019-04-08,4.743000030517578,4.820000171661377,4.71875,4.794750213623047,4.748645305633545,424192000
2019-04-09,4.761000156402588,4.772250175476074,4.689000129699707,4.731500148773193,4.6860032081604,439972000
2019-04-10,4.73075008392334,4.828499794006348,4.726250171661377,4.802499771118164,4.756320953369141,444772000
2019-04-11,4.804999828338623,4.836750030517578,4.738749980926514,4.78849983215332,4.742456912994385,374600000
2019-04-12,4.827499866485596,4.831500053405762,4.741499900817871,4.750249862670898,4.704575061798096,471708000
2019-04-15,4.742499828338623,4.747499942779541,4.577499866485596,4.617499828338623,4.573099136352539,440092000
2019-04-16,4.6570000648498535,4.724249839782715,4.624000072479248,4.705249786376953,4.660006523132324,394964000
2019-04-17,4.740499973297119,4.761499881744385,4.659749984741211,4.682250022888184,4.637228965759277,351004000
2019-04-18,4.689000129699707,4.723249912261963,4.629499912261963,4.65749979019165,4.6127166748046875,380988000
2019-04-22,4.633749961853027,4.727499961853027,4.6020002365112305,4.711750030517578,4.666443824768066,279936000
2019-04-23,4.724999904632568,4.798250198364258,4.715250015258789,4.766749858856201,4.7209153175354,346856000
2019-04-24,4.777249813079834,4.820250034332275,4.716000080108643,4.779250144958496,4.7332963943481445,318204000
2019-04-25,4.738749980926514,4.761250019073486,4.59250020980835,4.672749996185303,4.6278204917907715,499296000
2019-04-26,4.517749786376953,4.522250175476074,4.332499980926514,4.452250003814697,4.409440040588379,868988000
2019-04-29,4.460249900817871,4.511250019073486,4.387499809265137,4.483250141143799,4.440140724182129,391920000
2019-04-30,4.45074987411499,4.550749778747559,4.43149995803833,4.525000095367432,4.481490135192871,362920000
2019-05-01,4.577750205993652,4.620250225067139,4.511499881744385,4.511750221252441,4.468366622924805,354280000
2019-05-02,4.521500110626221,4.6217498779296875,4.478000164031982,4.579750061035156,4.535714149475098,394684000
2019-05-03,4.588250160217285,4.598249912261963,4.51324987411499,4.575250148773193,4.531255722045898,336824000
2019-05-06,4.387499809265137,4.508500099182129,4.349999904632568,4.496250152587891,4.453016757965088,422176000
2019-05-07,4.447500228881836,4.447500228881836,4.279250144958496,4.327750205993652,4.28613805770874,555220000
2019-05-08,4.300000190734863,4.428750038146973,4.288000106811523,4.3480000495910645,4.306192398071289,419168000
2019-05-09,4.278500080108643,4.288249969482422,4.135000228881836,4.254749774932861,4.21383810043335,660248000
2019-05-10,4.223750114440918,4.289750099182129,4.099999904632568,4.2204999923706055,4.179916858673096,569500000
2019-05-13,4.087500095367432,4.110750198364258,3.9452500343322754,3.961250066757202,3.923161029815674,656912000
2019-05-14,4.00124979019165,4.08650016784668,3.962249994277954,4.051000118255615,4.012048721313477,524880000
2019-05-15,3.994999885559082,4.026249885559082,3.9352500438690186,3.989500045776367,3.9511382579803467,502320000
2019-05-16,3.9839999675750732,4.047749996185303,3.9412500858306885,4.004749774932861,3.966243267059326,781088000
2019-05-17,3.9625000953674316,4.092750072479248,3.873500108718872,3.913249969482422,3.875622034072876,1022068000
2019-05-20,3.8137500286102295,3.8692500591278076,3.768749952316284,3.793750047683716,3.7572717666625977,572064000
2019-05-21,3.8550000190734863,3.8924999237060547,3.815999984741211,3.876499891281128,3.8392250537872314,361848000
2019-05-22,3.8375000953674316,3.8637499809265137,3.7939999103546143,3.805000066757202,3.7684130668640137,325868000
2019-05-23,3.7422499656677246,3.7422499656677246,3.6227500438690186,3.683000087738037,3.6475870609283447,591844000
2019-05-24,3.7019999027252197,3.737499952316284,3.621999979019165,3.6287500858306885,3.593857526779175,357584000
2019-05-28,3.6465001106262207,3.679500102996826,3.581249952316284,3.583250045776367,3.5487961769104004,428356000
2019-05-29,3.535249948501587,3.570499897003174,3.4735000133514404,3.508500099182129,3.474764347076416,559800000
2019-05-30,3.5077500343322754,3.543750047683716,3.4392499923706055,3.477750062942505,3.4482409954071045,394300000
2019-05-31,3.428499937057495,3.4962499141693115,3.3847498893737793,3.3864998817443848,3.3577656745910645,389720000
2019-06-03,3.397749900817871,3.4367499351501465,3.315000057220459,3.3445000648498535,3.316121816635132,478644000
2019-06-04,3.4089999198913574,3.5802500247955322,3.3867499828338623,3.575000047683716,3.544666051864624,641836000
2019-06-05,3.649250030517578,3.654750108718872,3.495500087738037,3.5320000648498535,3.502031087875366,511616000
2019-06-06,3.536250114440918,3.6192500591278076,3.533750057220459,3.5945000648498535,3.5640008449554443,408140000
2019-06-07,3.6005001068115234,3.671999931335449,3.581249952316284,3.637500047683716,3.606635570526123,348856000
2019-06-10,3.694000005722046,3.779750108718872,3.694000005722046,3.710750102996826,3.6792643070220947,402780000
2019-06-11,3.7709999084472656,3.809000015258789,3.7290000915527344,3.768749952316284,3.736771821975708,383872000
2019-06-12,3.7249999046325684,3.731250047683716,3.6397500038146973,3.6549999713897705,3.6239867210388184,358892000
2019-06-13,3.6772499084472656,3.7249999046325684,3.6594998836517334,3.7065000534057617,3.6750504970550537,308080000
2019-06-14,3.6127500534057617,3.6372499465942383,3.571000099182129,3.615999937057495,3.5853185653686523,394428000
2019-06-17,3.6142499446868896,3.6630001068115234,3.591249942779541,3.6257500648498535,3.594984769821167,276040000
2019-06-18,3.6875,3.8777499198913574,3.676500082015991,3.822000026702881,3.789569854736328,581920000
2019-06-19,3.8575000762939453,3.86899995803833,3.8017499446868896,3.828000068664551,3.7955191135406494,331644000
2019-06-20,3.919250011444092,3.9332499504089355,3.8380000591278076,3.8524999618530273,3.8198111057281494,350168000
2019-06-21,3.8375000953674316,3.88700008392334,3.7874999046325684,3.7939999103546143,3.7618072032928467,434428000
2019-06-24,3.815500020980835,3.846250057220459,3.7679998874664307,3.816499948501587,3.7841172218322754,282948000
2019-06-25,3.821500062942505,3.8970000743865967,3.784250020980835,3.7869999408721924,3.7548670768737793,311868000
2019-06-26,3.915250062942505,4.043000221252441,3.902250051498413,3.9814999103546143,3.947716236114502,584072000
2019-06-27,4.067749977111816,4.099999904632568,4.031499862670898,4.080749988555908,4.046124458312988,445440000
2019-06-28,4.125,4.134250164031982,4.058750152587891,4.10575008392334,4.0709123611450195,397668000
2019-07-01,4.3142499923706055,4.348750114440918,4.116499900817871,4.154250144958496,4.11899995803833,709756000
2019-07-02,4.137499809265137,4.158750057220459,4.042500019073486,4.055749893188477,4.021337032318115,400228000
2019-07-03,4.079249858856201,4.085000038146973,4.008500099182129,4.068749904632568,4.034225940704346,246636000
2019-07-05,4.010000228881836,4.014500141143799,3.941999912261963,4.0057501792907715,3.9717609882354736,396552000
2019-07-08,3.9457499980926514,3.964750051498413,3.9000000953674316,3.9302499294281006,3.896902084350586,329788000
2019-07-09,3.8877499103546143,3.9609999656677246,3.875,3.9327499866485596,3.8993804454803467,342860000
2019-07-10,3.9765000343322754,4.0592498779296875,3.9625000953674316,4.001500129699707,3.9675467014312744,452076000
2019-07-11,4.074999809265137,4.197999954223633,4.037499904632568,4.1570000648498535,4.12172794342041,682560000
2019-07-12,4.184999942779541,4.261750221252441,4.184999942779541,4.190249919891357,4.154696464538574,506392000
2019-07-15,4.21150016784668,4.227749824523926,4.153250217437744,4.1817498207092285,4.146266937255859,289840000
2019-07-16,4.166749954223633,4.204249858856201,4.120999813079834,4.177000045776367,4.141558647155762,341444000
2019-07-17,4.178750038146973,4.249750137329102,4.149250030517578,4.24275016784668,4.206750869750977,348204000
2019-07-18,4.2532501220703125,4.317749977111816,4.196249961853027,4.254499912261963,4.218400955200195,442192000
2019-07-19,4.293000221252441,4.299499988555908,4.204999923706055,4.210999965667725,4.175269603729248,344896000
2019-07-22,4.232500076293945,4.296000003814697,4.224999904632568,4.2829999923706055,4.246657371520996,315940000
2019-07-23,4.322500228881836,4.393499851226807,4.3067498207092285,4.391499996185303,4.354238986968994,428176000
2019-07-24,4.434999942779541,4.472249984741211,4.358500003814697,4.4664998054504395,4.42860221862793,366236000
2019-07-25,4.424749851226807,4.4375,4.310999870300293,4.334499835968018,4.2977213859558105,392700000
2019-07-26,4.36175012588501,4.423749923706055,4.36175012588501,4.3767499923706055,4.3396124839782715,274160000
2019-07-29,4.369500160217285,4.386750221252441,4.281750202178955,4.370500087738037,4.33341646194458,248160000
2019-07-30,4.323750019073486,4.398499965667725,4.3092498779296875,4.386250019073486,4.349033355712891,197772000
2019-07-31,4.354499816894531,4.355500221252441,4.17549991607666,4.2179999351501465,4.182211399078369,359416000
2019-08-01,4.228499889373779,4.319499969482422,4.070499897003174,4.123000144958496,4.088015556335449,421212000
2019-08-02,4.029749870300293,4.0995001792907715,3.9820001125335693,4.029749870300293,3.995558738708496,428348000
2019-08-05,3.8450000286102295,3.846250057220459,3.7225000858306885,3.7697501182556152,3.7377636432647705,589156000
2019-08-06,3.8450000286102295,3.890749931335449,3.7607500553131104,3.8087499141693115,3.776432991027832,361272000
2019-08-07,3.747499942779541,3.859250068664551,3.7300000190734863,3.847249984741211,3.814605951309204,372560000
2019-08-08,3.905250072479248,3.957750082015991,3.8475000858306885,3.9565000534057617,3.922928810119629,309300000
2019-08-09,3.915250062942505,3.918750047683716,3.8037500381469727,3.8545000553131104,3.8217945098876953,341816000
2019-08-12,3.802000045776367,3.8545000553131104,3.7642500400543213,3.786250114440918,3.754124402999878,279200000
2019-08-13,3.784749984741211,3.947499990463257,3.745500087738037,3.901249885559082,3.868147611618042,351956000
2019-08-14,3.8125,3.8237500190734863,3.707750082015991,3.7517499923706055,3.7199161052703857,419880000
2019-08-15,3.770750045776367,3.790750026702881,3.6847500801086426,3.719249963760376,3.687692403793335,477200000
2019-08-16,3.983750104904175,4.03849983215332,3.921999931335449,3.989000082015991,3.955152750015259,1007960000
2019-08-19,4.103000164031982,4.2855000495910645,4.086750030517578,4.269499778747559,4.233273029327393,815112000
2019-08-20,4.263999938964844,4.264500141143799,4.17549991607666,4.196750164031982,4.161140441894531,463188000
2019-08-21,4.26324987411499,4.336249828338623,4.241499900817871,4.280749797821045,4.2444281578063965,427244000
2019-08-22,4.290500164031982,4.333250045776367,4.247499942779541,4.2870001792907715,4.250625133514404,303488000
2019-08-23,4.210000038146973,4.264750003814697,4.040999889373779,4.060999870300293,4.026541233062744,568056000
2019-08-26,4.140250205993652,4.1645002365112305,4.097750186920166,4.136250019073486,4.1011528968811035,318208000
2019-08-27,4.174749851226807,4.177499771118164,4.015500068664551,4.045000076293945,4.010676860809326,290968000
2019-08-28,4.014500141143799,4.083499908447266,3.9749999046325684,4.0304999351501465,4.000256538391113,255612000
2019-08-29,4.122499942779541,4.207499980926514,4.11899995803833,4.175000190734863,4.14367151260376,357976000
2019-08-30,4.221499919891357,4.271500110626221,4.16949987411499,4.187749862670898,4.156327247619629,290616000
2019-09-03,4.114500045776367,4.147749900817871,4.081250190734863,4.104249954223633,4.073452949523926,296140000
2019-09-04,4.165249824523926,4.226500034332275,4.165249824523926,4.218999862670898,4.187342166900635,227728000
2019-09-05,4.321750164031982,4.499750137329102,4.320000171661377,4.493500232696533,4.459781646728516,695676000
2019-09-06,4.46999979019165,4.527249813079834,4.427999973297119,4.466249942779541,4.432735443115234,376976000
2019-09-09,4.497499942779541,4.5995001792907715,4.495999813079834,4.512499809265137,4.478640079498291,417524000
2019-09-10,4.479499816894531,4.606249809265137,4.469749927520752,4.579500198364258,4.545138359069824,352812000
2019-09-11,4.594250202178955,4.656750202178955,4.565000057220459,4.608250141143799,4.573672294616699,361512000
2019-09-12,4.65500020980835,4.710000038146973,4.598750114440918,4.606750011444092,4.572183132171631,327840000
2019-09-13,4.539750099182129,4.577000141143799,4.504499912261963,4.548500061035156,4.514370918273926,324592000
2019-09-16,4.4730000495910645,4.539999961853027,4.462500095367432,4.505249977111816,4.471444129943848,231832000
2019-09-17,4.51200008392334,4.531000137329102,4.465250015258789,4.526750087738037,4.492785453796387,223048000
2019-09-18,4.519750118255615,4.5355000495910645,4.412499904632568,4.499499797821045,4.465737342834473,258152000
2019-09-19,4.505499839782715,4.52400016784668,4.412749767303467,4.423500061035156,4.390308856964111,245476000
2019-09-20,4.422500133514404,4.446249961853027,4.307000160217285,4.317249774932861,4.284855842590332,350244000
2019-09-23,4.317500114440918,4.416749954223633,4.31374979019165,4.370999813079834,4.33820104598999,249712000
2019-09-24,4.402500152587891,4.432250022888184,4.277500152587891,4.3132500648498535,4.280885696411133,317268000
2019-09-25,4.312749862670898,4.475500106811523,4.267749786376953,4.455749988555908,4.42231559753418,308432000
2019-09-26,4.446000099182129,4.454750061035156,4.38224983215332,4.433499813079834,4.400234699249268,234564000
2019-09-27,4.391499996185303,4.442500114440918,4.232999801635742,4.294000148773193,4.261779308319092,362056000
2019-09-30,4.320000171661377,4.361999988555908,4.28849983215332,4.351749897003174,4.319096565246582,186184000
2019-10-01,4.375,4.525000095367432,4.345250129699707,4.349999904632568,4.317358493804932,366008000
2019-10-02,4.328000068664551,4.340000152587891,4.2532501220703125,4.326000213623047,4.2935380935668945,293372000
2019-10-03,4.33050012588501,4.539000034332275,4.300000190734863,4.532750129699707,4.4987406730651855,450588000
2019-10-04,4.534999847412109,4.578750133514404,4.4695000648498535,4.54925012588501,4.5151143074035645,265524000
2019-10-07,4.614500045776367,4.708499908447266,4.60575008392334,4.608250141143799,4.573672294616699,480984000
2019-10-08,4.515999794006348,4.515999794006348,4.412499904632568,4.430749893188477,4.397502899169922,444436000
2019-10-09,4.507999897003174,4.567500114440918,4.479000091552734,4.517749786376953,4.483850479125977,292412000
2019-10-10,4.515500068664551,4.626999855041504,4.510250091552734,4.57574987411499,4.541414260864258,309124000
2019-10-11,4.660250186920166,4.733500003814697,4.641250133514404,4.649750232696533,4.614861011505127,446404000
2019-10-14,4.640999794006348,4.6842498779296875,4.609749794006348,4.663249969482422,4.628259658813477,200040000
2019-10-15,4.754000186920166,4.982250213623047,4.739999771118164,4.909249782562256,4.872413158416748,664124000
2019-10-16,4.875,4.980500221252441,4.84375,4.855249881744385,4.818817615509033,428944000
2019-10-17,4.900000095367432,4.945250034332275,4.802499771118164,4.857250213623047,4.820804119110107,263436000
2019-10-18,4.857749938964844,4.890500068664551,4.6875,4.762249946594238,4.726515293121338,307440000
2019-10-21,4.823999881744385,4.913750171661377,4.804999828338623,4.90024995803833,4.863480567932129,261868000
2019-10-22,4.957499980926514,5.0632500648498535,4.882500171661377,4.890250205993652,4.8535566329956055,328720000
2019-10-23,4.807750225067139,4.891499996185303,4.775750160217285,4.8772501945495605,4.840653896331787,279916000
2019-10-24,4.918749809265137,4.955249786376953,4.884500026702881,4.921500205993652,4.884572982788086,232020000
2019-10-25,5.002500057220459,5.134500026702881,4.994750022888184,5.113500118255615,5.075130939483643,423092000
2019-10-28,5.15749979019165,5.222499847412109,5.127999782562256,5.169750213623047,5.130958557128906,330792000
2019-10-29,5.155749797821045,5.16225004196167,5.053500175476074,5.072999954223633,5.034935474395752,211236000
2019-10-30,5.099999904632568,5.10575008392334,5.006499767303467,5.074999809265137,5.036920070648193,205960000
2019-10-31,5.053999900817871,5.074999809265137,4.945250034332275,5.0254998207092285,4.987791538238525,209732000
2019-11-01,4.989999771118164,5.097249984741211,4.964749813079834,5.0647501945495605,5.02674674987793,283640000
2019-11-04,5.146249771118164,5.275000095367432,5.123000144958496,5.262499809265137,5.2230119705200195,376716000
2019-11-05,5.262249946594238,5.28849983215332,5.191999912261963,5.240250110626221,5.200930595397949,300868000
2019-11-06,5.216000080108643,5.2417497634887695,5.102749824523926,5.1907501220703125,5.151800632476807,269012000
2019-11-07,5.277750015258789,5.292500019073486,5.16349983215332,5.208499908447266,5.169418811798096,280340000
2019-11-08,5.191500186920166,5.226250171661377,5.153749942779541,5.194499969482422,5.155522346496582,189100000
2019-11-11,5.193749904632568,5.227749824523926,5.10699987411499,5.204500198364258,5.1654486656188965,243436000
2019-11-12,5.243000030517578,5.296500205993652,5.207749843597412,5.240250110626221,5.200930595397949,283504000
2019-11-13,5.208749771118164,5.236499786376953,5.147500038146973,5.214250087738037,5.175126552581787,300188000
2019-11-14,5.223249912261963,5.247000217437744,5.163000106811523,5.244750022888184,5.205395698547363,518080000
2019-11-15,5.242499828338623,5.29449987411499,5.015999794006348,5.104750156402588,5.0664448738098145,1053628000
2019-11-18,5.097249984741211,5.333749771118164,5.094250202178955,5.307000160217285,5.267178535461426,574588000
2019-11-19,5.275750160217285,5.299499988555908,5.141250133514404,5.199749946594238,5.160734176635742,414564000
2019-11-20,5.176750183105469,5.363749980926514,5.164000034332275,5.2795000076293945,5.2398834228515625,472588000
2019-11-21,5.275000095367432,5.330999851226807,5.232749938964844,5.254499912261963,5.215072154998779,288388000
2019-11-22,5.277249813079834,5.323999881744385,5.248499870300293,5.272250175476074,5.232688903808594,224100000
2019-11-25,5.401000022888184,5.535250186920166,5.388000011444092,5.530250072479248,5.488752365112305,506476000
2019-11-26,5.512499809265137,5.517250061035156,5.418499946594238,5.425000190734863,5.3842926025390625,385244000
2019-11-27,5.466750144958496,5.50124979019165,5.429500102996826,5.455999851226807,5.419056415557861,215784000
2019-11-29,5.425000190734863,5.453499794006348,5.394499778747559,5.418499946594238,5.381811141967773,141556000
2019-12-02,5.411499977111816,5.425000190734863,5.216000080108643,5.231249809265137,5.195828914642334,372036000
2019-12-03,5.046750068664551,5.195499897003174,5.009250164031982,5.191500186920166,5.156347751617432,465232000
2019-12-04,5.2754998207092285,5.297999858856201,5.20674991607666,5.235499858856201,5.200048446655273,273424000
2019-12-05,5.257500171661377,5.273250102996826,5.187749862670898,5.218500137329102,5.183164119720459,184884000
2019-12-06,5.288000106811523,5.337250232696533,5.2779998779296875,5.3042497634887695,5.268333911895752,232236000
2019-12-09,5.28125,5.359250068664551,5.272500038146973,5.3042497634887695,5.268333911895752,211880000
2019-12-10,5.334499835968018,5.401500225067139,5.281499862670898,5.3495001792907715,5.313278675079346,256388000
2019-12-11,5.360000133514404,5.439000129699707,5.357500076293945,5.433499813079834,5.396708965301514,233796000
2019-12-12,5.4045000076293945,5.619999885559082,5.395500183105469,5.601749897003174,5.56381893157959,404348000
2019-12-13,5.604750156402588,5.7245001792907715,5.545499801635742,5.59975004196167,5.561832904815674,454704000
2019-12-16,5.647500038146973,5.701499938964844,5.6192498207092285,5.628749847412109,5.590635776519775,320976000
2019-12-17,5.647500038146973,5.730000019073486,5.638000011444092,5.707250118255615,5.668604373931885,321196000
2019-12-18,5.742249965667725,5.798500061035156,5.733749866485596,5.737750053405762,5.698899269104004,343548000
2019-12-19,5.772500038146973,5.900000095367432,5.767499923706055,5.886499881744385,5.846640586853027,445360000
2019-12-20,5.953249931335449,6.009749889373779,5.934000015258789,5.984250068664551,5.943729400634766,603044000
2019-12-23,6.013000011444092,6.045249938964844,5.959750175476074,5.9704999923706055,5.9300737380981445,355060000
2019-12-24,5.954999923706055,5.982749938964844,5.920499801635742,5.9654998779296875,5.92510461807251,138864000
2019-12-26,5.968999862670898,6.007999897003174,5.949999809265137,5.979750156402588,5.939260959625244,182852000
2019-12-27,5.994999885559082,6.008500099182129,5.895249843597412,5.921750068664551,5.881653308868408,254644000
2019-12-30,5.899750232696533,5.90500020980835,5.776500225067139,5.808000087738037,5.768672466278076,258056000
2019-12-31,5.772500038146973,5.892000198364258,5.7532501220703125,5.882500171661377,5.8426690101623535,231004000
2020-01-02,5.96875,5.9977498054504395,5.918000221252441,5.9977498054504395,5.957137584686279,237536000
2020-01-03,5.877500057220459,5.9457502365112305,5.852499961853027,5.901750087738037,5.86178731918335,205384000
2020-01-06,5.808000087738037,5.9317498207092285,5.781750202178955,5.926499843597412,5.886369705200195,262636000
2020-01-07,5.954999923706055,6.044250011444092,5.909749984741211,5.9982500076293945,5.957635402679443,314856000
2020-01-08,5.99399995803833,6.051000118255615,5.953750133514404,6.009500026702881,5.968809127807617,277108000
2020-01-09,6.096250057220459,6.148250102996826,6.021500110626221,6.075500011444092,6.034361362457275,255112000
2020-01-10,6.1832499504089355,6.213749885559082,6.09375,6.107999801635742,6.066641807556152,316296000
2020-01-13,6.191500186920166,6.324749946594238,6.168749809265137,6.299499988555908,6.256844520568848,319840000
2020-01-14,6.256499767303467,6.2820000648498535,6.168749809265137,6.182000160217285,6.140141010284424,359088000
2020-01-15,6.19474983215332,6.217249870300293,6.113249778747559,6.139249801635742,6.09768009185791,263104000
2020-01-16,6.192999839782715,6.229249954223633,6.16949987411499,6.223249912261963,6.181110382080078,284192000
2020-01-17,6.242499828338623,6.25,6.1842498779296875,6.23199987411499,6.189801216125488,253792000
2020-01-21,6.195250034332275,6.232250213623047,6.164249897003174,6.198500156402588,6.156527519226074,217916000
2020-01-22,6.24399995803833,6.339749813079834,6.224999904632568,6.252749919891357,6.210411548614502,239240000
2020-01-23,6.293000221252441,6.329999923706055,6.203750133514404,6.321499824523926,6.278695106506348,244516000
2020-01-24,6.4375,6.487500190734863,6.207499980926514,6.26200008392334,6.219598293304443,373512000
2020-01-27,5.955999851226807,6.056250095367432,5.805749893188477,6.005000114440918,5.964339733123779,470536000
2020-01-28,6.071249961853027,6.231750011444092,6.017749786376953,6.199250221252441,6.157273292541504,310976000
2020-01-29,6.184750080108643,6.2210001945495605,6.098499774932861,6.138500213623047,6.096935272216797,258848000
2020-01-30,6.040249824523926,6.158750057220459,5.985000133514404,6.145249843597412,6.103639602661133,290504000
2020-01-31,6.099249839782715,6.111249923706055,5.868750095367432,5.910749912261963,5.8707275390625,370420000
2020-02-03,5.892499923706055,6.027750015258789,5.886250019073486,6.0082502365112305,5.967565536499023,255564000
2020-02-04,6.150750160217285,6.197500228881836,6.100500106811523,6.178249835968018,6.136415481567383,271544000
2020-02-05,6.299749851226807,6.309999942779541,6.1852498054504395,6.269000053405762,6.226550579071045,208220000
2020-02-06,6.303500175476074,6.356249809265137,6.2220001220703125,6.356249809265137,6.313209533691406,218284000
2020-02-07,6.315999984741211,6.338250160217285,6.264249801635742,6.289750099182129,6.247159957885742,189752000
2020-02-10,6.3125,6.574999809265137,6.307499885559082,6.574250221252441,6.5297346115112305,529608000
2020-02-11,6.683000087738037,6.8125,6.6207499504089355,6.697249889373779,6.651900768280029,638556000
2020-02-12,6.750249862670898,6.820000171661377,6.711249828338623,6.813499927520752,6.767364501953125,374644000
2020-02-13,6.755249977111816,6.836999893188477,6.727749824523926,6.769499778747559,6.723661422729492,528016000
2020-02-14,7.18149995803833,7.3742499351501465,7.150000095367432,7.244750022888184,7.195694446563721,1041924000
2020-02-18,7.140999794006348,7.432750225067139,7.121500015258789,7.414249897003174,7.364046096801758,620164000
2020-02-19,7.53725004196167,7.885250091552734,7.53725004196167,7.867499828338623,7.8142266273498535,694332000
2020-02-20,7.819250106811523,7.9079999923706055,7.408750057220459,7.71750020980835,7.665243148803711,810052000
2020-02-21,7.604750156402588,7.630000114440918,7.266499996185303,7.351749897003174,7.301968097686768,768180000
2020-02-24,6.754749774932861,7.046750068664551,6.699999809265137,6.831999778747559,6.785737991333008,856916000
2020-02-25,6.90749979019165,6.969749927520752,6.448999881744385,6.551249980926514,6.506889820098877,1055496000
2020-02-26,6.551499843597412,6.886250019073486,6.550000190734863,6.691249847412109,6.645941257476807,747732000
2020-02-27,6.372499942779541,6.675000190734863,6.222249984741211,6.315000057220459,6.275990962982178,906416000
2020-02-28,6.061500072479248,6.811500072479248,6.044750213623047,6.7517499923706055,6.710043430328369,1133252000
2020-03-02,6.922500133514404,6.9397501945495605,6.525000095367432,6.910749912261963,6.8680620193481445,890744000
2020-03-03,6.966750144958496,7.026750087738037,6.561500072479248,6.647250175476074,6.606189727783203,652792000
2020-03-04,6.755000114440918,7.122250080108643,6.679999828338623,7.112750053405762,7.068811893463135,597408000
2020-03-05,6.912499904632568,7.079999923706055,6.787499904632568,6.832250118255615,6.7900471687316895,540328000
2020-03-06,6.6519999504089355,6.709750175476074,6.449999809265137,6.651000022888184,6.6099162101745605,515412000
2020-03-09,5.997499942779541,6.485000133514404,5.954500198364258,6.136000156402588,6.098097324371338,614160000
2020-03-10,6.41349983215332,6.5269999504089355,6.149750232696533,6.5269999504089355,6.4866814613342285,580648000
2020-03-11,6.386499881744385,6.414999961853027,6.0642499923706055,6.161749839782715,6.123688697814941,499964000
2020-03-12,5.636499881744385,5.9029998779296875,5.394999980926514,5.407750129699707,5.3743462562561035,816540000
2020-03-13,5.762499809265137,6.0254998207092285,5.490250110626221,6.020999908447266,5.983806610107422,634836000
2020-03-16,5.3102498054504395,5.652500152587891,4.849999904632568,4.909999847412109,4.879669666290283,726972000
2020-03-17,5.022749900817871,5.521500110626221,4.775000095367432,5.4317498207092285,5.398197650909424,833632000
2020-03-18,5.002500057220459,5.248499870300293,4.517000198364258,5.070499897003174,5.039177894592285,874268000
2020-03-19,5.048999786376953,5.41825008392334,4.834750175476074,5.324250221252441,5.291361331939697,765512000
2020-03-20,5.474999904632568,5.757999897003174,5.1282501220703125,5.143750190734863,5.111976146697998,804636000
2020-03-23,5.142749786376953,5.4120001792907715,4.9629998207092285,5.317249774932861,5.284404754638672,643876000
2020-03-24,5.724999904632568,6.316500186920166,5.701250076293945,6.229499816894531,6.191020488739014,1101644000
2020-03-25,6.34499979019165,6.545499801635742,6.0914998054504395,6.140500068664551,6.102569580078125,793432000
2020-03-26,6.348499774932861,6.555500030517578,6.25,6.431000232696533,6.391273021697998,696108000
2020-03-27,6.25,6.578000068664551,6.2170000076293945,6.3182501792907715,6.279222011566162,638828000
2020-03-30,6.383999824523926,6.64900016784668,6.339749813079834,6.639750003814697,6.598735809326172,602252000
2020-03-31,6.679999828338623,6.885000228881836,6.443749904632568,6.590000152587891,6.54929256439209,949960000
2020-04-01,6.391250133514404,6.538249969482422,6.0320000648498535,6.076749801635742,6.039212703704834,656912000
2020-04-02,6.105999946594238,6.400000095367432,6.057750225067139,6.386750221252441,6.3472981452941895,675764000
2020-04-03,6.348999977111816,6.390749931335449,5.959750175476074,6.097750186920166,6.060083389282227,663212000
2020-04-06,6.38100004196167,6.747000217437744,6.323249816894531,6.710000038146973,6.668551445007324,727884000
2020-04-07,6.932499885559082,6.956250190734863,6.432499885559082,6.475749969482422,6.435749053955078,784520000
2020-04-08,6.585249900817871,6.698750019073486,6.514999866485596,6.673749923706055,6.632526397705078,542444000
2020-04-09,6.800000190734863,6.822999954223633,6.510499954223633,6.573750019073486,6.533143520355225,525564000
2020-04-13,6.513750076293945,6.755000114440918,6.425000190734863,6.746250152587891,6.704577445983887,398408000
2020-04-14,6.875,7.132999897003174,6.847249984741211,7.098750114440918,7.054900646209717,530948000
2020-04-15,6.929999828338623,7.104249954223633,6.884500026702881,7.020999908447266,6.977630138397217,366148000
2020-04-16,7.177000045776367,7.474999904632568,7.163750171661377,7.367499828338623,7.321988582611084,745620000
2020-04-17,7.449999809265137,7.471499919891357,7.173500061035156,7.308000087738037,7.2628583908081055,539120000
2020-04-20,7.181000232696533,7.337500095367432,7.131750106811523,7.176249980926514,7.131920337677002,449388000
2020-04-21,7.057750225067139,7.1192498207092285,6.677750110626221,6.737750053405762,6.696128845214844,735160000
2020-04-22,6.930749893188477,7.196750164031982,6.885000228881836,7.153749942779541,7.109560012817383,483356000
2020-04-23,7.196000099182129,7.328499794006348,7.074999809265137,7.100249767303467,7.056390285491943,424160000
2020-04-24,7.090000152587891,7.2417497634887695,7.014999866485596,7.239749908447266,7.195028781890869,352328000
2020-04-27,7.374750137329102,7.587500095367432,7.349999904632568,7.427000045776367,7.381121635437012,479388000
2020-04-28,7.574999809265137,7.605000019073486,7.278500080108643,7.283999919891357,7.239006042480469,442904000
2020-04-29,7.419250011444092,7.514500141143799,7.34375,7.46150016784668,7.415408611297607,379160000
2020-04-30,7.407249927520752,7.46150016784668,7.293000221252441,7.307000160217285,7.261863708496094,375916000
2020-05-01,7.108749866485596,7.222499847412109,7.020999908447266,7.069499969482422,7.02583122253418,342096000
2020-05-04,7.021999835968018,7.296000003814697,7.021999835968018,7.282249927520752,7.23726749420166,317556000
2020-05-05,7.386750221252441,7.506750106811523,7.282249927520752,7.343500137329102,7.298139572143555,368896000
2020-05-06,7.423250198364258,7.550000190734863,7.385250091552734,7.44474983215332,7.398762226104736,323464000
2020-05-07,7.584499835968018,7.6852498054504395,7.5329999923706055,7.6217498779296875,7.5746684074401855,373732000
2020-05-08,7.693749904632568,7.818749904632568,7.659749984741211,7.8125,7.764242172241211,339216000
2020-05-11,7.807499885559082,8.112500190734863,7.778749942779541,8.065500259399414,8.015678405761719,469060000
2020-05-12,8.123499870300293,8.172499656677246,7.792749881744385,7.802499771118164,7.7543044090271,493060000
2020-05-13,7.917500019073486,8.078499794006348,7.594749927520752,7.78000020980835,7.7319416999816895,625852000
2020-05-14,7.841750144958496,8.03600025177002,7.6875,8.030500411987305,7.980895519256592,602312000
2020-05-15,7.889750003814697,8.500499725341797,7.874000072479248,8.490750312805176,8.438299179077148,987660000
2020-05-18,8.760499954223633,8.916500091552734,8.680500030517578,8.750249862670898,8.696198463439941,774460000
2020-05-19,8.790249824523926,9.087499618530273,8.762749671936035,8.805500030517578,8.751108169555664,717320000
2020-05-20,8.991000175476074,9.043000221252441,8.888750076293945,8.970000267028809,8.914591789245605,587536000
2020-05-21,9.05150032043457,9.052499771118164,8.737500190734863,8.775250434875488,8.721044540405273,761068000
2020-05-22,8.825249671936035,9.093000411987305,8.713250160217285,9.026249885559082,8.970492362976074,1038764000
2020-05-26,9.156749725341797,9.181750297546387,8.67199993133545,8.71774959564209,8.663902282714844,770780000
2020-05-27,8.625,8.632749557495117,7.9967498779296875,8.525250434875488,8.472589492797852,1175892000
2020-05-28,8.412249565124512,8.760499954223633,8.379249572753906,8.487000465393066,8.434575080871582,734896000
2020-05-29,8.554499626159668,8.875499725341797,8.484999656677246,8.875499725341797,8.820673942565918,745256000
2020-06-01,8.833250045776367,8.840749740600586,8.689499855041504,8.806249618530273,8.751850128173828,389876000
2020-06-02,8.796250343322754,8.837249755859375,8.657999992370605,8.825249671936035,8.770734786987305,391320000
2020-06-03,8.822250366210938,8.866250038146973,8.699999809265137,8.769499778747559,8.715328216552734,365440000
2020-06-04,8.727999687194824,8.943249702453613,8.677499771118164,8.766500473022461,8.716324806213379,424280000
2020-06-05,8.794500350952148,8.996999740600586,8.708000183105469,8.920000076293945,8.868945121765137,481748000
2020-06-08,8.877249717712402,8.889749526977539,8.685750007629395,8.805000305175781,8.75460433959961,387736000
2020-06-09,8.800000190734863,9.109749794006348,8.751250267028809,9.045999526977539,8.994224548339844,468488000
2020-06-10,9.167750358581543,9.5,9.153499603271484,9.36674976348877,9.313138961791992,632180000
2020-06-11,9.149999618530273,9.261249542236328,8.78600025177002,8.796250343322754,8.745903968811035,583652000
2020-06-12,9.162500381469727,9.187250137329102,8.70324993133545,8.932499885559082,8.881372451782227,570908000
2020-06-15,8.815250396728516,9.182250022888184,8.743749618530273,9.173749923706055,9.12124252319336,400004000
2020-06-16,9.225000381469727,9.26675033569336,8.838749885559082,9.068499565124512,9.016595840454102,535716000
2020-06-17,9.113750457763672,9.298999786376953,9.070249557495117,9.236000061035156,9.183136940002441,408304000
2020-06-18,9.22700023651123,9.282500267028809,9.114500045776367,9.218000411987305,9.165238380432129,254408000
2020-06-19,9.242500305175781,9.444999694824219,9.227250099182129,9.261249542236328,9.208243370056152,524160000
2020-06-22,9.300000190734863,9.53125,9.273249626159668,9.526749610900879,9.4722261428833,398468000
2020-06-23,9.550999641418457,9.642499923706055,9.407500267028809,9.449999809265137,9.39591121673584,375108000
2020-06-24,9.476249694824219,9.556500434875488,9.144499778747559,9.23550033569336,9.182640075683594,449372000
2020-06-25,9.35575008392334,9.505000114440918,9.182250022888184,9.489999771118164,9.435684204101562,376072000
2020-06-26,9.5,9.5,9.125,9.154999732971191,9.102601051330566,592084000
2020-06-29,9.169750213623047,9.204500198364258,8.899999618530273,9.199999809265137,9.147343635559082,342248000
2020-06-30,9.314000129699707,9.526249885559082,9.266500473022461,9.497750282287598,9.443388938903809,367892000
2020-07-01,9.520750045776367,9.575750350952148,9.413000106811523,9.529999732971191,9.47545337677002,326648000
2020-07-02,9.638999938964844,9.737500190734863,9.57824993133545,9.612250328063965,9.557232856750488,364056000
2020-07-06,9.74174976348877,9.9087495803833,9.712499618530273,9.839249610900879,9.78293514251709,315892000
2020-07-07,9.946249961853027,10.069999694824219,9.850749969482422,9.871749877929688,9.81524658203125,357800000
2020-07-08,9.993749618530273,10.225000381469727,9.965499877929688,10.215999603271484,10.157530784606934,365480000
2020-07-09,10.380249977111816,10.569999694824219,10.233499526977539,10.508999824523926,10.448848724365234,494548000
2020-07-10,10.588749885559082,10.65524959564209,10.37874984741211,10.479249954223633,10.419272422790527,497676000
2020-07-13,10.595000267028809,10.79224967956543,10.024999618530273,10.052249908447266,9.994714736938477,457076000
2020-07-14,10.074999809265137,10.402750015258789,9.785499572753906,10.376999855041504,10.317605972290039,542676000
2020-07-15,10.414250373840332,10.432999610900879,10.055749893188477,10.227250099182129,10.16871452331543,403984000
2020-07-16,10.015000343322754,10.20674991607666,9.895500183105469,10.134750366210938,10.076741218566895,344964000
2020-07-17,10.225500106811523,10.248499870300293,10.087750434875488,10.201499938964844,10.143110275268555,266284000
2020-07-20,10.274250030517578,10.53125,10.156749725341797,10.510749816894531,10.450592041015625,284852000
2020-07-21,10.512999534606934,10.5600004196167,10.286749839782715,10.328499794006348,10.269384384155273,277036000
2020-07-22,10.367500305175781,10.602499961853027,10.291500091552734,10.438750267028809,10.379003524780273,367292000
2020-07-23,10.449999809265137,10.54699993133545,10.03125,10.12975025177002,10.071773529052734,411660000
2020-07-24,9.875,10.364749908447266,9.777000427246094,10.194499969482422,10.136150360107422,473292000
2020-07-27,10.232250213623047,10.441749572753906,10.21774959564209,10.421500205993652,10.361851692199707,292132000
2020-07-28,10.374250411987305,10.381999969482422,10.209250450134277,10.215499877929688,10.157033920288086,271636000
2020-07-29,10.39074993133545,10.516249656677246,10.347000122070312,10.465499877929688,10.405599594116211,284508000
2020-07-30,10.375,10.623000144958496,10.295249938964844,10.61400032043457,10.553252220153809,308880000
2020-07-31,10.563249588012695,10.766500473022461,10.432999610900879,10.614749908447266,10.553997039794922,386080000
2020-08-03,10.732500076293945,11.098750114440918,10.715250015258789,11.010250091552734,10.947229385375977,412720000
2020-08-04,11.050000190734863,11.227749824523926,10.906000137329102,11.227749824523926,11.163487434387207,310336000
2020-08-05,11.244000434875488,11.371749877929688,11.166250228881836,11.286749839782715,11.222147941589355,249924000
2020-08-06,11.349749565124512,11.357999801635742,11.178750038146973,11.33549976348877,11.270620346069336,244316000
2020-08-07,11.3125,11.50475025177002,11.037500381469727,11.19950008392334,11.135398864746094,342516000
2020-08-10,11.334250450134277,11.408249855041504,10.856499671936035,11.164999961853027,11.101096153259277,427796000
2020-08-11,11.073749542236328,11.136750221252441,10.79574966430664,10.850000381469727,10.7878999710083,354512000
2020-08-12,10.990750312805176,11.467000007629395,10.958250045776367,11.440250396728516,11.374770164489746,464412000
2020-08-13,11.545999526977539,11.721750259399414,11.35575008392334,11.442999839782715,11.37750244140625,374460000
2020-08-14,11.529999732971191,11.704750061035156,11.440500259399414,11.564000129699707,11.497812271118164,366436000
2020-08-17,11.851249694824219,12.409749984741211,11.81725025177002,12.336999893188477,12.266386985778809,621300000
2020-08-18,12.449999809265137,12.496000289916992,12.086250305175781,12.260749816894531,12.190573692321777,503448000
2020-08-19,12.296500205993652,12.3149995803833,12.097999572753906,12.138500213623047,12.069022178649902,622624000
2020-08-20,11.975000381469727,12.375,11.87874984741211,12.140999794006348,12.071511268615723,921388000
2020-08-21,12.201749801635742,12.80875015258789,12.195249557495117,12.683500289916992,12.610905647277832,999868000
2020-08-24,12.883749961853027,12.912500381469727,12.507499694824219,12.720250129699707,12.647442817687988,490564000
2020-08-25,12.630749702453613,12.761249542236328,12.573749542236328,12.75,12.677024841308594,289076000
2020-08-26,12.799249649047852,12.868499755859375,12.677749633789062,12.77299976348877,12.6998929977417,321244000
2020-08-27,12.781499862670898,12.850000381469727,12.566499710083008,12.628250122070312,12.555971145629883,317604000
2020-08-28,12.675000190734863,13.14799976348877,12.642499923706055,13.147749900817871,13.07249641418457,537160000
2020-08-31,13.18274974822998,13.574999809265137,13.037750244140625,13.374500274658203,13.297951698303223,500840000
2020-09-01,13.479999542236328,13.993749618530273,13.43649959564209,13.821000099182129,13.746004104614258,511316000
2020-09-02,14.703749656677246,14.726750373840332,13.899999618530273,14.346500396728516,14.26865291595459,874012000
2020-09-03,13.828749656677246,13.884499549865723,12.87874984741211,13.01550006866455,12.944873809814453,945128000
2020-09-04,12.7837495803833,13.175000190734863,11.704750061035156,12.6225004196167,12.554009437561035,1463684000
2020-09-08,11.73449993133545,12.550000190734863,11.70425033569336,11.913000106811523,11.848360061645508,795728000
2020-09-09,12.399999618530273,12.809249877929688,12.231749534606934,12.71500015258789,12.646007537841797,736200000
2020-09-10,12.989250183105469,13.065250396728516,12.166999816894531,12.311750411987305,12.244942665100098,698684000
2020-09-11,12.48550033569336,12.65250015258789,11.895750045776367,12.16450023651123,12.098496437072754,636928000
2020-09-14,13.081000328063965,13.3149995803833,12.631250381469727,12.872249603271484,12.802403450012207,1201744000
2020-09-15,13.279999732971191,13.298749923706055,12.827750205993652,12.991000175476074,12.920510292053223,727556000
2020-09-16,12.957249641418457,13.09274959564209,12.513750076293945,12.51449966430664,12.446593284606934,556384000
2020-09-17,12.13224983215332,12.589750289916992,12.034749984741211,12.463500022888184,12.395872116088867,792512000
2020-09-18,12.59375,12.632499694824219,11.988750457763672,12.189249992370605,12.123109817504883,698460000
2020-09-21,11.925000190734863,12.522500038146973,11.904500007629395,12.517250061035156,12.44933032989502,721044000
2020-09-22,12.574999809265137,12.64799976348877,12.155500411987305,12.637749671936035,12.56917667388916,646452000
2020-09-23,12.575499534606934,12.72700023651123,12.07925033569336,12.123749732971191,12.057964324951172,647012000
2020-09-24,12.072250366210938,12.569499969482422,12.013999938964844,12.347999572753906,12.280998229980469,731240000
2020-09-25,12.447500228881836,12.883500099182129,12.245750427246094,12.873749732971191,12.80389404296875,588016000
2020-09-28,13.040249824523926,13.051750183105469,12.75,13.03499984741211,12.964269638061523,573808000
2020-09-29,12.9375,13.442749977111816,12.933250427246094,13.225749969482422,13.153985023498535,621460000
2020-09-30,13.157500267028809,13.6225004196167,13.150250434875488,13.530500411987305,13.457083702087402,689184000
2020-10-01,13.758000373840332,13.762749671936035,13.460749626159668,13.614500045776367,13.540623664855957,525004000
2020-10-02,13.225000381469727,13.519499778747559,13.050999641418457,13.062250137329102,12.991373062133789,552496000
2020-10-05,13.236000061035156,13.64424991607666,13.222749710083008,13.642499923706055,13.568473815917969,479820000
2020-10-06,13.829999923706055,14.142000198364258,13.664999961853027,13.736499786376953,13.66196346282959,784420000
2020-10-07,13.999750137329102,14.119250297546387,13.863499641418457,13.96399974822998,13.888230323791504,418084000
2020-10-08,14.074999809265137,14.084500312805176,13.758000373840332,13.838749885559082,13.76365852355957,378900000
2020-10-09,13.767000198364258,13.824250221252441,13.660750389099121,13.762749671936035,13.688072204589844,346892000
2020-10-12,13.989500045776367,14.347000122070312,13.912500381469727,14.22599983215332,14.148807525634766,434744000
2020-10-13,14.296500205993652,14.34850025177002,14.018750190734863,14.248250007629395,14.170938491821289,344604000
2020-10-14,14.290499687194824,14.34274959564209,13.960000038146973,14.095250129699707,14.018770217895508,276100000
2020-10-15,13.810750007629395,14.005749702453613,13.767749786376953,13.970000267028809,13.89419937133789,267224000
2020-10-16,14.036749839782715,14.121500015258789,13.792499542236328,13.81149959564209,13.73655891418457,242392000
2020-10-19,13.902999877929688,13.983499526977539,13.406749725341797,13.497750282287598,13.42451000213623,298068000
2020-10-20,13.583499908447266,13.799750328063965,13.506999969482422,13.645500183105469,13.571456909179688,229212000
2020-10-21,13.625,13.791500091552734,13.477499961853027,13.524749755859375,13.451364517211914,219596000
2020-10-22,13.522500038146973,13.611749649047852,13.231749534606934,13.361000061035156,13.288501739501953,290480000
2020-10-23,13.449999809265137,13.593250274658203,13.291250228881836,13.590250015258789,13.516509056091309,233484000
2020-10-26,13.427000045776367,13.692749977111816,13.03849983215332,13.141249656677246,13.069944381713867,336896000
2020-10-27,13.305999755859375,13.442000389099121,13.191499710083008,13.396750450134277,13.324060440063477,250520000
2020-10-28,13.197999954223633,13.260000228881836,12.609000205993652,12.626999855041504,12.55848503112793,376520000
2020-10-29,12.838500022888184,13.192749977111816,12.75,13.02400016784668,12.953330993652344,320080000
2020-10-30,12.850000381469727,12.93649959564209,12.300000190734863,12.534000396728516,12.46599006652832,416820000
2020-11-02,12.657750129699707,12.836750030517578,12.395000457763672,12.580750465393066,12.512484550476074,299652000
2020-11-03,12.708499908447266,13.104999542236328,12.602749824523926,13.019499778747559,12.948853492736816,272900000
2020-11-04,13.389249801635742,13.827500343322754,13.336999893188477,13.794249534606934,13.719400405883789,410228000
2020-11-05,14.162500381469727,14.33899974822998,13.991000175476074,14.15999984741211,14.08316707611084,319028000
2020-11-06,14.109749794006348,14.588749885559082,13.895000457763672,14.562000274658203,14.482986450195312,383348000
2020-11-09,14.552499771118164,14.691499710083008,13.610750198364258,13.630749702453613,13.55678653717041,582976000
2020-11-10,13.606499671936035,13.606499671936035,12.628250122070312,12.770000457763672,12.70071029663086,644068000
2020-11-11,13.053750038146973,13.4350004196167,12.948249816894531,13.418000221252441,13.34519100189209,404744000
2020-11-12,13.479000091552734,13.765999794006348,13.315999984741211,13.45674991607666,13.383731842041016,365812000
2020-11-13,13.627249717712402,13.668749809265137,13.059249877929688,13.29699993133545,13.224849700927734,346312000
2020-11-16,13.172499656677246,13.649499893188477,13.156000137329102,13.515250205993652,13.441913604736328,413776000
2020-11-17,13.552499771118164,13.5962495803833,13.303750038146973,13.422249794006348,13.349420547485352,312028000
2020-11-18,13.465250015258789,13.60575008392334,13.1850004196167,13.428750038146973,13.355884552001953,510924000
2020-11-19,13.212750434875488,13.487500190734863,13.100000381469727,13.440250396728516,13.36732292175293,565936000
2020-11-20,13.454000473022461,13.494500160217285,13.0649995803833,13.087750434875488,13.016733169555664,341088000
2020-11-23,13.171250343322754,13.382499694824219,13.01550006866455,13.140000343322754,13.068700790405273,361356000
2020-11-24,13.142499923706055,13.161999702453613,12.885000228881836,12.95775032043457,12.887439727783203,346500000
2020-11-25,13.032500267028809,13.269499778747559,13.020000457763672,13.234749794006348,13.16293716430664,259916000
2020-11-27,13.375,13.407500267028809,13.170499801635742,13.261249542236328,13.189291954040527,167276000
2020-11-30,13.265000343322754,13.412500381469727,12.972249984741211,13.40149974822998,13.328783988952637,286952000
2020-12-01,13.492250442504883,13.5287504196167,13.228249549865723,13.390000343322754,13.317343711853027,296948000
2020-12-02,13.350500106811523,13.673500061035156,13.23425006866455,13.544500350952148,13.4710054397583,283360000
2020-12-03,13.587499618530273,13.65999984741211,13.329000473022461,13.395999908447266,13.327248573303223,199520000
2020-12-04,13.44849967956543,13.5600004196167,13.388750076293945,13.558250427246094,13.488664627075195,202244000
2020-12-07,13.601249694824219,13.731249809265137,13.5,13.606749534606934,13.536913871765137,223244000
2020-12-08,13.585000038146973,13.598750114440918,13.281499862670898,13.350000381469727,13.28148365020752,271920000
2020-12-09,13.30049991607666,13.413999557495117,12.868249893188477,12.930749893188477,12.86438274383545,401300000
2020-12-10,12.869000434875488,13.068750381469727,12.849499702453613,12.972249984741211,12.905674934387207,207764000
2020-12-11,12.967249870300293,13.020000457763672,12.822999954223633,13.013250350952148,12.946462631225586,209264000
2020-12-14,13.088000297546387,13.388750076293945,13.077500343322754,13.30875015258789,13.240446090698242,270156000
2020-12-15,13.439749717712402,13.46399974822998,13.186750411987305,13.36050033569336,13.291929244995117,193016000
2020-12-16,13.422499656677246,13.437250137329102,13.212499618530273,13.242500305175781,13.174537658691406,223116000
2020-12-17,13.36674976348877,13.379500389099121,13.178500175476074,13.3412504196167,13.27277946472168,231384000
2020-12-18,13.378999710083008,13.404999732971191,13.070500373840332,13.272000312805176,13.203883171081543,342064000
2020-12-21,13.074749946594238,13.369999885559082,12.967499732971191,13.332249641418457,13.263825416564941,302332000
2020-12-22,13.319250106811523,13.337249755859375,13.053999900817871,13.278249740600586,13.210102081298828,185580000
2020-12-23,13.255999565124512,13.274999618530273,13.005000114440918,13.009249687194824,12.942484855651855,179144000
2020-12-24,13.037249565124512,13.132499694824219,12.938750267028809,12.993749618530273,12.92706298828125,97884000
2020-12-28,13.0625,13.0625,12.763250350952148,12.899999618530273,12.833791732788086,212564000
2020-12-29,12.925000190734863,13.072500228881836,12.842249870300293,12.943249702453613,12.876819610595703,170372000
2020-12-30,12.990249633789062,13.213749885559082,12.896750450134277,13.145750045776367,13.078283309936523,225396000
2020-12-31,13.136500358581543,13.151000022888184,12.914999961853027,13.055000305175781,12.987998962402344,192424000
2021-01-04,13.104249954223633,13.65250015258789,12.962499618530273,13.113499641418457,13.046197891235352,560640000
2021-01-05,13.099749565124512,13.443499565124512,13.086999893188477,13.404749870300293,13.33595085144043,322760000
2021-01-06,13.22249984741211,13.244999885559082,12.586000442504883,12.614500045776367,12.549761772155762,580424000
2021-01-07,12.967499732971191,13.377750396728516,12.886500358581543,13.343999862670898,13.27551555633545,461480000
2021-01-08,13.362500190734863,13.420999526977539,13.041999816894531,13.276749610900879,13.208610534667969,292528000
2021-01-11,13.418749809265137,13.961000442504883,13.362500190734863,13.621500015258789,13.551590919494629,518344000
2021-01-12,13.7524995803833,13.754500389099121,13.345000267028809,13.484749794006348,13.415542602539062,291476000
2021-01-13,13.489999771118164,13.625,13.385000228881836,13.531749725341797,13.462299346923828,210028000
2021-01-14,13.574999809265137,13.599749565124512,13.180500030517578,13.200249671936035,13.132502555847168,283120000
2021-01-15,13.227999687194824,13.325249671936035,12.84850025177002,12.85949993133545,12.793498039245605,277780000
2021-01-19,13.016249656677246,13.093999862670898,12.843999862670898,13.025250434875488,12.958399772644043,226188000
2021-01-20,13.111749649047852,13.430500030517578,13.056750297546387,13.365750312805176,13.297154426574707,258572000
2021-01-21,13.418499946594238,13.999250411987305,13.253000259399414,13.867500305175781,13.796326637268066,337780000
2021-01-22,13.739999771118164,13.841750144958496,13.627249717712402,13.712499618530273,13.642125129699707,246820000
2021-01-25,13.781749725341797,13.828499794006348,13.236499786376953,13.653249740600586,13.583175659179688,251112000
2021-01-26,13.580499649047852,13.644749641418457,13.387499809265137,13.435250282287598,13.366296768188477,163980000
2021-01-27,13.229999542236328,13.232749938964844,12.793749809265137,12.917750358581543,12.85145378112793,371272000
2021-01-28,12.99625015258789,13.339750289916992,12.96049976348877,13.050999641418457,12.984018325805664,228316000
2021-01-29,13.074999809265137,13.334750175476074,12.911499977111816,12.989749908447266,12.923080444335938,271552000
2021-02-01,13.053250312805176,13.270750045776367,12.902750015258789,13.237000465393066,13.169062614440918,217204000
2021-02-02,13.398750305175781,13.571999549865723,13.285499572753906,13.556750297546387,13.487171173095703,220440000
2021-02-03,13.63599967956543,13.931750297546387,13.516500473022461,13.530500411987305,13.4610595703125,245408000
2021-02-04,13.531000137329102,13.673500061035156,13.337750434875488,13.664250373840332,13.594118118286133,201340000
2021-02-05,13.725000381469727,13.737250328063965,13.54574966430664,13.590999603271484,13.521247863769531,169152000
2021-02-08,13.727250099182129,14.473750114440918,13.727250099182129,14.438750267028809,14.364645004272461,434624000
2021-02-09,14.340749740600586,14.583250045776367,14.22249984741211,14.263250350952148,14.190047264099121,287560000
2021-02-10,14.463250160217285,14.904999732971191,14.341500282287598,14.764249801635742,14.688474655151367,485352000
2021-02-11,14.980250358581543,15.272250175476074,14.925000190734863,15.250749588012695,15.172479629516602,450828000
2021-02-12,15.050000190734863,15.291250228881836,14.774999618530273,14.961250305175781,14.884464263916016,374756000
2021-02-16,15.064249992370605,15.3725004196167,14.949999809265137,15.330249786376953,15.251569747924805,321960000
2021-02-17,15.170999526977539,15.22350025177002,14.779999732971191,14.906000137329102,14.829497337341309,274756000
2021-02-18,14.729000091552734,14.873250007629395,14.574999809265137,14.829000473022461,14.752893447875977,233868000
2021-02-19,15.024499893188477,15.177000045776367,14.846750259399414,14.92650032043457,14.849893569946289,271724000
2021-02-22,14.774749755859375,15.13325023651123,14.324999809265137,14.35575008392334,14.282071113586426,325884000
2021-02-23,14.075249671936035,14.238750457763672,13.38949966430664,14.142000198364258,14.06942081451416,391780000
2021-02-24,14.122750282287598,14.506750106811523,13.755999565124512,14.49899959564209,14.424586296081543,448320000
2021-02-25,14.045499801635742,14.374750137329102,13.2162504196167,13.307499885559082,13.239201545715332,824436000
2021-02-26,13.7524995803833,13.854499816894531,13.361000061035156,13.714500427246094,13.644112586975098,500932000
2021-03-01,13.875,13.925000190734863,13.553250312805176,13.841750144958496,13.770711898803711,353184000
2021-03-02,13.899999618530273,13.920499801635742,13.395999908447266,13.40625,13.337444305419922,264116000
2021-03-03,13.426250457763672,13.451499938964844,12.798749923706055,12.804750442504883,12.739032745361328,377592000
2021-03-04,12.800749778747559,12.975000381469727,12.083749771118164,12.37024974822998,12.306763648986816,573344000
2021-03-05,12.550000190734863,12.550000190734863,11.67924976348877,12.46150016784668,12.397544860839844,542840000
2021-03-08,12.449999809265137,12.4712495803833,11.566499710083008,11.593250274658203,11.5337495803833,543112000
2021-03-09,12.130249977111816,12.61674976348877,12.059249877929688,12.52025032043457,12.460291862487793,521824000
2021-03-10,12.840499877929688,12.979999542236328,12.457500457763672,12.468250274658203,12.408539772033691,384376000
2021-03-11,12.949999809265137,13.046250343322754,12.73449993133545,12.993499755859375,12.931275367736816,299916000
2021-03-12,12.648249626159668,12.888750076293945,12.59000015258789,12.855999946594238,12.794431686401367,243964000
2021-03-15,12.864749908447266,13.20674991607666,12.767250061035156,13.19124984741211,13.128077507019043,221988000
2021-03-16,13.356499671936035,13.512499809265137,13.11674976348877,13.291250228881836,13.227598190307617,272128000
2021-03-17,13.039750099182129,13.45324993133545,12.989500045776367,13.3412504196167,13.277362823486328,243864000
2021-03-18,13.136500358581543,13.184000015258789,12.717000007629395,12.72249984741211,12.661571502685547,293896000
2021-03-19,12.75,12.921500205993652,12.612500190734863,12.845749855041504,12.784232139587402,299208000
2021-03-22,12.912750244140625,13.394499778747559,12.906749725341797,13.186249732971191,13.123099327087402,297804000
2021-03-23,13.254249572753906,13.344499588012695,13.021249771118164,13.07075023651123,13.008157730102539,222048000
2021-03-24,13.151249885559082,13.159250259399414,12.636750221252441,12.642999649047852,12.582454681396484,245840000
2021-03-25,12.499500274658203,12.714750289916992,12.272000312805176,12.535249710083008,12.475218772888184,295144000
2021-03-26,12.554499626159668,12.856249809265137,12.373499870300293,12.839249610900879,12.777762413024902,363968000
2021-03-29,12.820249557495117,13.0625,12.699999809265137,12.948249816894531,12.886242866516113,273520000
2021-03-30,12.842000007629395,12.975250244140625,12.704999923706055,12.871749877929688,12.81010913848877,200204000
2021-03-31,13.01550006866455,13.470499992370605,12.982500076293945,13.348250389099121,13.28432846069336,314776000
2021-04-01,13.572250366210938,13.869999885559082,13.511249542236328,13.811750411987305,13.74560546875,308276000
2021-04-05,13.867500305175781,14.013999938964844,13.732999801635742,13.987500190734863,13.920516014099121,255672000
2021-04-06,13.999750137329102,14.05424976348877,13.773500442504883,13.861499786376953,13.79511833190918,191744000
2021-04-07,13.880749702453613,14.243499755859375,13.71150016784668,14.143500328063965,14.075766563415527,251284000
2021-04-08,14.252750396728516,14.471500396728516,14.24899959564209,14.317000389099121,14.248438835144043,244416000
2021-04-09,14.21399974822998,14.407999992370605,14.175000190734863,14.399999618530273,14.331038475036621,195172000
2021-04-12,14.289750099182129,15.352499961853027,14.139249801635742,15.208999633789062,15.1361665725708,869324000
2021-04-13,15.231499671936035,15.699999809265137,15.125749588012695,15.679499626159668,15.604413032531738,676212000
2021-04-14,15.625,15.720499992370605,15.227499961853027,15.277000427246094,15.203838348388672,385500000
2021-04-15,15.662500381469727,16.214250564575195,15.631500244140625,16.137250900268555,16.059974670410156,598480000
2021-04-16,16.05299949645996,16.16575050354004,15.865249633789062,15.912500381469727,15.836295127868652,335208000
2021-04-19,15.536499977111816,15.807499885559082,15.232999801635742,15.361749649047852,15.288182258605957,404420000
2021-04-20,15.323249816894531,15.496999740600586,14.963000297546387,15.171250343322754,15.098597526550293,334132000
2021-04-21,15.118749618530273,15.362500190734863,15.102250099182129,15.36050033569336,15.28693962097168,216776000
2021-04-22,15.375,15.43850040435791,14.783499717712402,14.850250244140625,14.779133796691895,277788000
2021-04-23,14.934249877929688,15.335000038146973,14.900250434875488,15.265250205993652,15.192145347595215,227500000
2021-04-26,15.1850004196167,15.479000091552734,15.125,15.477999687194824,15.40388011932373,197796000
2021-04-27,15.578499794006348,15.670499801635742,15.354499816894531,15.381750106811523,15.308091163635254,164572000
2021-04-28,15.364500045776367,15.53225040435791,15.215499877929688,15.276749610900879,15.20358943939209,209416000
2021-04-29,15.399999618530273,15.43649959564209,15.071499824523926,15.324749946594238,15.251361846923828,173196000
2021-04-30,15.174500465393066,15.364999771118164,14.996999740600586,15.009499549865723,14.93761920928955,201912000
2021-05-03,15.125,15.246749877929688,14.787500381469727,14.836750030517578,14.765698432922363,203912000
2021-05-04,14.637249946594238,14.637499809265137,14.010250091552734,14.351249694824219,14.282523155212402,405324000
2021-05-05,14.708999633789062,14.81350040435791,14.387499809265137,14.458499908447266,14.389262199401855,292024000
2021-05-06,14.49524974822998,14.571249961853027,14.218000411987305,14.52299976348877,14.453451156616211,193380000
2021-05-07,14.808250427246094,14.970749855041504,14.67175006866455,14.812250137329102,14.741315841674805,229328000
2021-05-10,14.787249565124512,14.805999755859375,14.25,14.26574993133545,14.197432518005371,268904000
2021-05-11,13.824999809265137,14.35474967956543,13.75,14.306249618530273,14.237738609313965,285584000
2021-05-12,14.009499549865723,14.260250091552734,13.709250450134277,13.758500099182129,13.692611694335938,303408000
2021-05-13,14.0337495803833,14.080750465393066,13.458999633789062,13.665249824523926,13.599808692932129,285404000
2021-05-14,13.890000343322754,14.32800006866455,13.748499870300293,14.243000030517578,14.17479419708252,258616000
2021-05-17,14.156999588012695,14.169249534606934,13.853500366210938,14.165499687194824,14.097661972045898,216980000
2021-05-18,14.267000198364258,14.404250144958496,14.003999710083008,14.01574993133545,13.94863224029541,186256000
2021-05-19,13.566499710083008,14.079500198364258,13.54325008392334,14.065750122070312,13.998388290405273,344000000
2021-05-20,14.302499771118164,14.68375015258789,14.270500183105469,14.612500190734863,14.542523384094238,321592000
2021-05-21,15.163749694824219,15.222000122070312,14.869500160217285,14.99174976348877,14.91995620727539,672992000
2021-05-24,15.212499618530273,15.744999885559082,15.175999641418457,15.612000465393066,15.537237167358398,554816000
2021-05-25,15.765999794006348,15.818499565124512,15.482500076293945,15.647749900817871,15.572813034057617,435408000
2021-05-26,15.73425006866455,15.793749809265137,15.586250305175781,15.699999809265137,15.624812126159668,370440000
2021-05-27,15.699749946594238,15.75,15.460000038146973,15.48799991607666,15.413826942443848,581476000
2021-05-28,15.50100040435791,16.27750015258789,15.50100040435791,16.24449920654297,16.166706085205078,644536000
2021-06-01,16.270000457763672,16.38825035095215,15.903249740600586,16.26449966430664,16.186609268188477,472804000
2021-06-02,16.25225067138672,16.918750762939453,16.23550033569336,16.778249740600586,16.69790267944336,594168000
2021-06-03,16.70075035095215,17.259000778198242,16.58300018310547,16.969749450683594,16.88848304748535,580008000
2021-06-04,17.112499237060547,17.660999298095703,17.095500946044922,17.578250885009766,17.49407386779785,617120000
2021-06-07,17.571250915527344,17.8125,17.192750930786133,17.618999481201172,17.534624099731445,575756000
2021-06-08,17.527250289916992,17.62150001525879,17.250999450683594,17.457000732421875,17.373401641845703,323848000
2021-06-09,17.515750885009766,17.575000762939453,17.25575065612793,17.35824966430664,17.27907943725586,381656000
2021-06-10,17.350000381469727,17.492000579833984,17.176000595092773,17.424999237060547,17.345529556274414,287772000
2021-06-11,17.47949981689453,17.939250946044922,17.443750381469727,17.82525062561035,17.743953704833984,416308000
2021-06-14,17.9060001373291,18.039499282836914,17.662750244140625,18.018749237060547,17.936569213867188,321376000
2021-06-15,17.915000915527344,18.016250610351562,17.72800064086914,17.78849983215332,17.707368850708008,243032000
2021-06-16,17.79075050354004,17.954750061035156,17.58449935913086,17.81024932861328,17.729021072387695,307124000
2021-06-17,17.774499893188477,18.834999084472656,17.756250381469727,18.657249450683594,18.572153091430664,809656000
2021-06-18,18.784000396728516,19.375,18.583999633789062,18.638750076293945,18.55374526977539,968856000
2021-06-21,18.43524932861328,18.536500930786133,17.822750091552734,18.427249908447266,18.34320640563965,672384000
2021-06-22,18.471500396728516,18.9637508392334,18.38599967956543,18.886749267578125,18.800607681274414,580144000
2021-06-23,19.007749557495117,19.15275001525879,18.90774917602539,19.057249069213867,18.9703311920166,332356000
2021-06-24,19.227750778198242,19.420000076293945,19.08824920654297,19.20549964904785,19.117910385131836,320924000
2021-06-25,19.280500411987305,19.345500946044922,18.894500732421875,19.0310001373291,18.944204330444336,278364000
2021-06-28,19.361249923706055,20.078750610351562,19.319000244140625,19.985000610351562,19.89385414123535,495436000
2021-06-29,19.88249969482422,20.0987491607666,19.656999588012695,20.026750564575195,19.935409545898438,367632000
2021-06-30,19.999250411987305,20.162500381469727,19.863750457763672,20.002500534057617,19.91126823425293,326568000
2021-07-01,20.125,20.45599937438965,20.018999099731445,20.211999893188477,20.11981773376465,480136000
2021-07-02,20.440250396728516,20.505250930786133,20.287750244140625,20.48699951171875,20.393558502197266,342764000
2021-07-06,20.737499237060547,20.841999053955078,20.350250244140625,20.69849967956543,20.604093551635742,446708000
2021-07-07,20.853500366210938,20.875,20.332000732421875,20.371749877929688,20.278837203979492,418428000
2021-07-08,19.85650062561035,20.132999420166016,19.70075035095215,19.90275001525879,19.811979293823242,503300000
2021-07-09,19.962499618530273,20.080249786376953,19.754249572753906,20.050249099731445,19.95880126953125,296624000
2021-07-12,20.239999771118164,20.53274917602539,20.1877498626709,20.512500762939453,20.418949127197266,321984000
2021-07-13,20.40049934387207,20.46125030517578,20.11400032043457,20.25,20.157644271850586,290708000
2021-07-14,20.357749938964844,20.417749404907227,19.752750396728516,19.84149932861328,19.751007080078125,380100000
2021-07-15,19.811750411987305,19.847000122070312,18.85849952697754,18.966249465942383,18.879749298095703,550564000
2021-07-16,19.030500411987305,19.156999588012695,18.072999954223633,18.160999298095703,18.078170776367188,688224000
2021-07-19,17.915250778198242,19.04199981689453,17.86549949645996,18.77975082397461,18.694103240966797,749060000
2021-07-20,18.729999542236328,18.83799934387207,18.163999557495117,18.61199951171875,18.527111053466797,434687000
2021-07-21,18.881999969482422,19.527000427246094,18.742000579833984,19.40999984741211,19.32147789001465,371017000
2021-07-22,19.642000198364258,19.886999130249023,19.275999069213867,19.5939998626709,19.504638671875,323826000
2021-07-23,19.6560001373291,19.700000762939453,19.25,19.558000564575195,19.46879768371582,195672000
2021-07-26,19.31100082397461,19.441999435424805,18.913999557495117,19.29400062561035,19.206005096435547,203943000
2021-07-27,19.264999389648438,19.621999740600586,18.740999221801758,19.20800018310547,19.12039566040039,248863000
2021-07-28,19.319000244140625,19.645999908447266,18.9950008392334,19.503000259399414,19.41404914855957,202191000
2021-07-29,19.518999099731445,19.85300064086914,19.327999114990234,19.66200065612793,19.572328567504883,190781000
2021-07-30,19.417999267578125,19.6299991607666,19.26300048828125,19.499000549316406,19.410064697265625,183497000
2021-08-02,19.700000762939453,19.961000442504883,19.361000061035156,19.75,19.659921646118164,217444000
2021-08-03,19.739999771118164,20.222000122070312,19.219999313354492,19.815000534057617,19.724626541137695,301811000
2021-08-04,19.989999771118164,20.31800079345703,19.827999114990234,20.27400016784668,20.181533813476562,231309000
2021-08-05,20.5,20.732999801635742,20.341999053955078,20.636999130249023,20.542877197265625,211435000
2021-08-06,20.52400016784668,20.56999969482422,20.209999084472656,20.365999221801758,20.273117065429688,178497000
2021-08-09,20.445999145507812,20.507999420166016,20.14299964904785,20.295000076293945,20.202438354492188,146443000
2021-08-10,20.32200050354004,20.43000030517578,19.834999084472656,19.93600082397461,19.845075607299805,179238000
2021-08-11,20.042999267578125,20.048999786376953,19.43000030517578,19.698999404907227,19.60915756225586,185925000
2021-08-12,19.8700008392334,20.02899932861328,19.6200008392334,19.905000686645508,19.814220428466797,151652000
2021-08-13,19.905000686645508,20.214000701904297,19.85099983215332,20.187999725341797,20.095922470092773,183063000
2021-08-16,20.135000228881836,20.28700065612793,19.452999114990234,19.950000762939453,19.859012603759766,210876000
2021-08-17,19.684999465942383,19.770000457763672,19.267000198364258,19.45800018310547,19.369258880615234,204585000
2021-08-18,19.5,19.634000778198242,19.0,19.040000915527344,18.95316505432129,285913000
2021-08-19,19.493999481201172,20.4950008392334,18.761999130249023,19.79800033569336,19.70770835876465,766555000
2021-08-20,19.990999221801758,20.864999771118164,19.933000564575195,20.81599998474121,20.72106170654297,675741000
2021-08-23,20.97100067138672,21.996999740600586,20.950000762939453,21.95800018310547,21.85785675048828,575807000
2021-08-24,21.753000259399414,21.958999633789062,21.53499984741211,21.792999267578125,21.693607330322266,297299000
2021-08-25,21.73699951171875,22.469999313354492,21.722000122070312,22.21299934387207,22.111684799194336,347701000
2021-08-26,22.200000762939453,22.34000015258789,21.790000915527344,22.06800079345703,21.967355728149414,237940000
2021-08-27,22.18400001525879,22.722000122070312,22.16699981689453,22.63599967956543,22.532758712768555,304722000
2021-08-30,22.829999923706055,23.042999267578125,22.551000595092773,22.687999725341797,22.584522247314453,262580000
2021-08-31,22.69499969482422,22.69499969482422,22.1200008392334,22.385000228881836,22.286836624145508,259850000
2021-09-01,22.485000610351562,22.69700050354004,22.35700035095215,22.44099998474121,22.342588424682617,201767000
2021-09-02,22.51799964904785,22.593000411987305,22.295000076293945,22.395999908447266,22.29778480529785,187834000
2021-09-03,22.325000762939453,22.986000061035156,22.200000762939453,22.843000411987305,22.74283218383789,280532000
2021-09-07,22.83300018310547,22.89900016784668,22.52199935913086,22.66200065612793,22.562618255615234,198107000
2021-09-08,22.51300048828125,22.610000610351562,21.976999282836914,22.339000701904297,22.241039276123047,254434000
2021-09-09,22.312000274658203,22.538000106811523,22.131000518798828,22.177000045776367,22.07974624633789,196856000
2021-09-10,22.347999572753906,22.625999450683594,22.270000457763672,22.47800064086914,22.379425048828125,248376000
2021-09-13,22.68400001525879,22.964000701904297,21.857999801635742,22.152000427246094,22.054853439331055,297500000
2021-09-14,22.274999618530273,22.40999984741211,22.086000442504883,22.242000579833984,22.144460678100586,199755000
2021-09-15,22.30900001525879,22.367000579833984,21.965999603271484,22.340999603271484,22.243030548095703,166538000
2021-09-16,22.183000564575195,22.277000427246094,21.927000045776367,22.242000579833984,22.144460678100586,156033000
2021-09-17,22.299999237060547,22.320999145507812,21.829999923706055,21.899999618530273,21.8039608001709,294503000
2021-09-20,21.145999908447266,21.433000564575195,20.66200065612793,21.113000869750977,21.020414352416992,349440000
2021-09-21,21.41699981689453,21.424999237060547,20.950000762939453,21.246000289916992,21.15283203125,204688000
2021-09-22,21.365999221801758,21.959999084472656,21.195999145507812,21.94099998474121,21.84478187561035,268726000
2021-09-23,22.139999389648438,22.53499984741211,21.889999389648438,22.48200035095215,22.38340950012207,248555000
2021-09-24,22.06999969482422,22.14900016784668,21.861000061035156,22.08099937438965,21.984167098999023,217655000
2021-09-27,21.709999084472656,21.798999786376953,21.325000762939453,21.65999984741211,21.56501579284668,245215000
2021-09-28,21.214000701904297,21.41900062561035,20.650999069213867,20.698999404907227,20.608224868774414,343069000
2021-09-29,20.940000534057617,21.017000198364258,20.466999053955078,20.517000198364258,20.427021026611328,218394000
2021-09-30,20.76799964904785,21.06599998474121,20.687999725341797,20.715999603271484,20.625152587890625,221009000
2021-10-01,20.75,20.858999252319336,20.202999114990234,20.742000579833984,20.651037216186523,240978000
2021-10-04,20.503999710083008,20.54199981689453,19.55500030517578,19.73200035095215,19.645471572875977,345635000
2021-10-05,19.950000762939453,20.648000717163086,19.854000091552734,20.451000213623047,20.36131477355957,279282000
2021-10-06,20.1200008392334,20.719999313354492,20.079999923706055,20.700000762939453,20.609224319458008,297202000
2021-10-07,21.091999053955078,21.32200050354004,20.972000122070312,21.075000762939453,20.982576370239258,256919000
2021-10-08,21.10099983215332,21.20599937438965,20.774999618530273,20.83099937438965,20.73965072631836,151258000
2021-10-11,20.575000762939453,21.062999725341797,20.51099967956543,20.69499969482422,20.604248046875,163388000
2021-10-12,20.827999114990234,21.05699920654297,20.527999877929688,20.67099952697754,20.58034896850586,162134000
2021-10-13,20.917999267578125,20.989999771118164,20.71299934387207,20.93899917602539,20.84717559814453,180652000
2021-10-14,21.288000106811523,21.7549991607666,21.121999740600586,21.746000289916992,21.650634765625,243589000
2021-10-15,21.809999465942383,21.930999755859375,21.66200065612793,21.86199951171875,21.766128540039062,226994000
2021-10-18,21.749000549316406,22.291000366210938,21.643999099731445,22.222000122070312,22.124549865722656,189494000
2021-10-19,22.275999069213867,22.378999710083008,22.03700065612793,22.290000915527344,22.1922550201416,161473000
2021-10-20,22.30500030517578,22.433000564575195,21.98200035095215,22.10300064086914,22.006074905395508,146276000
2021-10-21,22.097000122070312,22.711000442504883,22.08300018310547,22.691999435424805,22.592487335205078,187590000
2021-10-22,22.822999954223633,23.1299991607666,22.56100082397461,22.72599983215332,22.6263370513916,249384000
2021-10-25,22.972999572753906,23.354999542236328,22.770000457763672,23.166000366210938,23.064411163330078,230235000
2021-10-26,23.98900032043457,25.259000778198242,23.923999786376953,24.716999053955078,24.608606338500977,485898000
2021-10-27,24.474000930786133,25.09000015258789,24.281999588012695,24.451000213623047,24.343778610229492,245990000
2021-10-28,24.878000259399414,24.950000762939453,24.523000717163086,24.94099998474121,24.831628799438477,234204000
2021-10-29,25.000999450683594,25.708999633789062,25.0,25.566999435424805,25.454879760742188,292503000
2021-11-01,25.64900016784668,25.893999099731445,25.226999282836914,25.82699966430664,25.713741302490234,265740000
2021-11-02,25.82200050354004,26.67799949645996,25.799999237060547,26.400999069213867,26.28522300720215,294112000
2021-11-03,26.670000076293945,26.784000396728516,26.235000610351562,26.597999572753906,26.48135757446289,239910000
2021-11-04,27.229000091552734,31.364999771118164,27.118000030517578,29.801000595092773,29.670316696166992,1153631000
2021-11-05,30.187000274658203,31.399999618530273,29.40999984741211,29.75200080871582,29.621524810791016,851260000
2021-11-08,30.14900016784668,31.100000381469727,29.906999588012695,30.804000854492188,30.66891860961914,503101000
2021-11-09,32.28200149536133,32.310001373291016,29.964000701904297,30.656999588012695,30.522558212280273,646746000
2021-11-10,29.356000900268555,30.850000381469727,28.777999877929688,29.458999633789062,29.329816818237305,636206000
2021-11-11,30.468000411987305,30.59000015258789,29.777000427246094,30.389999389648438,30.256731033325195,332172000
2021-11-12,30.010000228881836,30.68000030517578,29.6299991607666,30.389999389648438,30.256731033325195,413054000
2021-11-15,30.552000045776367,30.643999099731445,29.246999740600586,30.024999618530273,29.893335342407227,384909000
2021-11-16,29.759000778198242,30.389999389648438,29.70599937438965,30.202999114990234,30.070552825927734,264484000
2021-11-17,30.417999267578125,30.509000778198242,28.799999237060547,29.26099967956543,29.132680892944336,428508000
2021-11-18,32.367000579833984,32.7599983215332,31.320999145507812,31.674999237060547,31.536094665527344,781711000
2021-11-19,32.24300003051758,33.0880012512207,31.905000686645508,32.98500061035156,32.84035110473633,533867000
2021-11-22,33.516998291015625,34.64699935913086,31.899999618530273,31.95599937438965,31.81586265563965,754335000
2021-11-23,31.53499984741211,32.36000061035156,30.8799991607666,31.746000289916992,31.606781005859375,532163000
2021-11-24,31.461000442504883,32.85499954223633,30.92799949645996,32.67399978637695,32.53070831298828,435162000
2021-11-26,32.599998474121094,32.709999084472656,31.350000381469727,31.503000259399414,31.364849090576172,283069000
2021-11-29,32.36600112915039,33.4119987487793,32.0359992980957,33.375999450683594,33.22963333129883,454964000
2021-11-30,33.16899871826172,33.35300064086914,31.86400032043457,32.67599868774414,32.532691955566406,622066000
2021-12-01,33.21900177001953,33.28900146484375,31.3799991607666,31.434999465942383,31.300975799560547,484368000
2021-12-02,31.214000701904297,32.47800064086914,31.024999618530273,32.125999450683594,31.98902702331543,472890000
2021-12-03,32.0,32.12900161743164,30.1299991607666,30.69300079345703,30.562145233154297,544325000
2021-12-06,29.8799991607666,30.240999221801758,28.038000106811523,30.03700065612793,29.90894317626953,658938000
2021-12-07,30.957000732421875,32.44900131225586,30.650999069213867,32.426998138427734,32.28874588012695,593053000
2021-12-08,31.999000549316406,32.290000915527344,31.42099952697754,31.826000213623047,31.690319061279297,475551000
2021-12-09,31.733999252319336,32.20500183105469,30.42799949645996,30.489999771118164,30.36001205444336,488507000
2021-12-10,31.149999618530273,31.30500030517578,29.861000061035156,30.197999954223633,30.069255828857422,488825000
2021-12-13,30.249000549316406,30.29400062561035,28.115999221801758,28.160999298095703,28.040937423706055,598344000
2021-12-14,27.698999404907227,28.67799949645996,27.25,28.336999893188477,28.2161865234375,667035000
2021-12-15,28.399999618530273,30.5,27.83799934387207,30.458999633789062,30.32914161682129,698297000
2021-12-16,31.152000427246094,31.15999984741211,28.093000411987305,28.386999130249023,28.265974044799805,707366000
2021-12-17,27.985000610351562,28.922000885009766,27.760000228881836,27.801000595092773,27.682470321655273,713758000
2021-12-20,27.30500030517578,28.143999099731445,27.145000457763672,27.7189998626709,27.6008243560791,461847000
2021-12-21,28.374000549316406,29.1200008392334,27.400999069213867,29.075000762939453,28.95104217529297,524385000
2021-12-22,28.891000747680664,29.55500030517578,28.448999404907227,29.399999618530273,29.274656295776367,395184000
2021-12-23,29.7549991607666,30.05900001525879,29.430999755859375,29.639999389648438,29.513635635375977,343022000
2021-12-27,29.65999984741211,31.086999893188477,29.639999389648438,30.94499969482422,30.81307029724121,403686000
2021-12-28,31.312000274658203,31.329999923706055,30.011999130249023,30.32200050354004,30.192726135253906,420591000
2021-12-29,30.273000717163086,30.54800033569336,29.365999221801758,30.000999450683594,29.87309455871582,343139000
2021-12-30,29.82699966430664,30.457000732421875,29.540000915527344,29.586000442504883,29.45985984802246,308864000
2021-12-31,29.673999786376953,30.030000686645508,29.33099937438965,29.410999298095703,29.28561019897461,266530000
2022-01-03,29.815000534057617,30.711000442504883,29.78499984741211,30.121000289916992,29.992582321166992,391547000
2022-01-04,30.277000427246094,30.468000411987305,28.349000930786133,29.290000915527344,29.165128707885742,527154000
2022-01-05,28.948999404907227,29.416000366210938,27.533000946044922,27.604000091552734,27.48631477355957,498064000
2022-01-06,27.639999389648438,28.437999725341797,27.065000534057617,28.17799949645996,28.057861328125,454186000
2022-01-07,28.141000747680664,28.422000885009766,27.05699920654297,27.246999740600586,27.130834579467773,409939000
2022-01-10,26.58099937438965,27.4689998626709,25.643999099731445,27.399999618530273,27.283184051513672,594681000
2022-01-11,27.322999954223633,28.065000534057617,26.839000701904297,27.816999435424805,27.69840431213379,404089000
2022-01-12,28.066999435424805,28.594999313354492,27.607999801635742,27.999000549316406,27.879627227783203,383413000
2022-01-13,28.378999710083008,28.479999542236328,26.49799919128418,26.575000762939453,26.461702346801758,540171000
2022-01-14,26.299999237060547,27.19700050354004,26.209999084472656,26.941999435424805,26.827136993408203,395832000
2022-01-18,26.260000228881836,26.63800048828125,25.770000457763672,25.902999877929688,25.792564392089844,424270000
2022-01-19,26.07900047302246,26.542999267578125,25.052000045776367,25.066999435424805,24.960128784179688,488315000
2022-01-20,25.304000854492188,25.57900047302246,24.077999114990234,24.149999618530273,24.04703712463379,435181000
2022-01-21,23.506999969482422,24.822999954223633,23.26300048828125,23.374000549316406,23.274341583251953,718958000
2022-01-24,22.329999923706055,23.3799991607666,20.88800048828125,23.371999740600586,23.272350311279297,913982000
2022-01-25,22.54599952697754,22.94300079345703,22.0,22.323999404907227,22.22882652282715,664616000
2022-01-26,23.239999771118164,24.05699920654297,22.299999237060547,22.77199935913086,22.674911499023438,755959000
2022-01-27,23.56800079345703,23.9950008392334,21.674999237060547,21.944000244140625,21.85044288635254,573353000
2022-01-28,22.011999130249023,22.857999801635742,21.29599952697754,22.84000015258789,22.74262809753418,543774000
2022-01-31,23.18199920654297,24.509000778198242,23.052000045776367,24.486000061035156,24.381607055664062,564680000
2022-02-01,25.104000091552734,25.145000457763672,23.889999389648438,24.63800048828125,24.5329647064209,518925000
2022-02-02,25.79400062561035,25.816999435424805,24.55299949645996,25.242000579833984,25.13438606262207,543419000
2022-02-03,24.45800018310547,25.07699966430664,23.780000686645508,23.947999954223633,23.845903396606445,410178000
2022-02-04,23.972000122070312,24.635000228881836,23.631999969482422,24.319000244140625,24.21531867980957,354829000
2022-02-07,24.371999740600586,25.18199920654297,24.20199966430664,24.72800064086914,24.62257957458496,376868000
2022-02-08,24.358999252319336,25.229999542236328,23.979999542236328,25.107999801635742,25.000957489013672,410359000
2022-02-09,25.621999740600586,26.725000381469727,25.35300064086914,26.704999923706055,26.591148376464844,524282000
2022-02-10,25.9950008392334,26.924999237060547,25.600000381469727,25.823999404907227,25.713903427124023,513200000
2022-02-11,25.916000366210938,26.152000427246094,23.773000717163086,23.948999404907227,23.846899032592773,605472000
2022-02-14,23.93400001525879,24.875,23.7549991607666,24.267000198364258,24.163537979125977,440424000
2022-02-15,24.948999404907227,26.545000076293945,24.784000396728516,26.4950008392334,26.38204002380371,699869000
2022-02-16,26.259000778198242,26.582000732421875,25.552000045776367,26.51099967956543,26.397974014282227,732676000
2022-02-17,25.6299991607666,25.78499984741211,24.165000915527344,24.506999969482422,24.40251922607422,810595000
2022-02-18,24.667999267578125,24.986000061035156,23.100000381469727,23.642000198364258,23.541210174560547,761255000
2022-02-22,23.03499984741211,24.06399917602539,23.0,23.389999389648438,23.290281295776367,633422000
2022-02-23,23.802000045776367,24.155000686645508,22.301000595092773,22.386999130249023,22.291553497314453,566511000
2022-02-24,21.014999389648438,23.799999237060547,20.889999389648438,23.74799919128418,23.646753311157227,735801000
2022-02-25,23.72100067138672,24.216999053955078,23.381000518798828,24.156999588012695,24.05401039123535,528866000
2022-02-28,23.992000579833984,24.665000915527344,23.707000732421875,24.385000228881836,24.28104019165039,477319000
2022-03-01,24.291000366210938,24.37700080871582,23.131999969482422,23.476999282836914,23.376907348632812,412056000
2022-03-02,23.756000518798828,24.409000396728516,23.415000915527344,24.219999313354492,24.120849609375,389642000
2022-03-03,24.261999130249023,24.326000213623047,23.4689998626709,23.714000701904297,23.616920471191406,365095000
2022-03-04,23.384000778198242,23.68000030517578,22.48200035095215,22.93600082397461,22.842105865478516,431415000
2022-03-07,22.816999435424805,23.033000946044922,21.329999923706055,21.351999282836914,21.264589309692383,450821000
2022-03-08,21.30900001525879,22.37299919128418,20.649999618530273,21.513999938964844,21.425931930541992,557467000
2022-03-09,22.386999130249023,23.219999313354492,22.246999740600586,23.013999938964844,22.91978645324707,492742000
2022-03-10,22.5310001373291,22.788000106811523,21.881999969482422,22.658000946044922,22.565244674682617,428066000
2022-03-11,23.02199935913086,23.145000457763672,22.04599952697754,22.100000381469727,22.009531021118164,367209000
2022-03-14,21.868999481201172,22.261999130249023,21.159000396728516,21.329999923706055,21.2426815032959,385354000
2022-03-15,21.51799964904785,23.038000106811523,21.32200050354004,22.972999572753906,22.87895965576172,491996000
2022-03-16,23.5,24.597000122070312,23.172000885009766,24.496000289916992,24.395723342895508,671422000
2022-03-17,24.1200008392334,24.841999053955078,23.9060001373291,24.766000747680664,24.66461753845215,471941000
2022-03-18,24.798999786376953,26.569000244140625,24.624000549316406,26.452999114990234,26.344707489013672,730719000
2022-03-21,26.506999969482422,27.152000427246094,25.966999053955078,26.733999252319336,26.624557495117188,591727000
2022-03-22,26.726999282836914,27.238000869750977,26.07200050354004,26.52400016784668,26.415422439575195,547007000
2022-03-23,26.125999450683594,26.61199951171875,25.575000762939453,25.634000778198242,25.52906036376953,502120000
2022-03-24,26.166000366210938,28.31999969482422,25.906999588012695,28.149999618530273,28.034759521484375,877379000
2022-03-25,27.88599967956543,28.357999801635742,27.270999908447266,27.691999435424805,27.578636169433594,579016000
2022-03-28,27.756000518798828,28.25,27.20599937438965,28.2189998626709,28.10347557067871,425494000
2022-03-29,28.69499969482422,28.945999145507812,27.979999542236328,28.6560001373291,28.53868865966797,488984000
2022-03-30,28.304000854492188,28.496000289916992,27.503000259399414,27.690000534057617,27.57664680480957,463487000
2022-03-31,27.781999588012695,28.24799919128418,27.270000457763672,27.285999298095703,27.174299240112305,523440000
2022-04-01,27.375,27.496000289916992,26.267000198364258,26.711999893188477,26.602649688720703,517235000
2022-04-04,26.72800064086914,27.558000564575195,26.613000869750977,27.360000610351562,27.24799346923828,397120000
2022-04-05,27.253999710083008,27.319000244140625,25.81999969482422,25.930999755859375,25.82484245300293,436615000
2022-04-06,24.93400001525879,25.299999237060547,24.003000259399414,24.406999588012695,24.307086944580078,703833000
2022-04-07,24.44099998474121,24.722000122070312,23.47800064086914,24.20800018310547,24.108896255493164,557992000
2022-04-08,23.91699981689453,23.92300033569336,23.062000274658203,23.118999481201172,23.024356842041016,524781000
2022-04-11,22.214000701904297,22.31999969482422,21.65999984741211,21.91699981689453,21.827280044555664,575207000
2022-04-12,22.53700065612793,22.725000381469727,21.281999588012695,21.503999710083008,21.41596221923828,662258000
2022-04-13,21.72800064086914,22.5,21.454999923706055,22.202999114990234,22.11210823059082,516943000
2022-04-14,22.5049991607666,22.777000427246094,21.163000106811523,21.257999420166016,21.170970916748047,569097000
2022-04-18,21.200000762939453,22.08799934387207,21.07900047302246,21.783000946044922,21.693828582763672,525701000
2022-04-19,21.719999313354492,22.37299919128418,21.31399917602539,22.197999954223633,22.107128143310547,512781000
2022-04-20,22.517000198364258,22.670000076293945,21.200000762939453,21.48200035095215,21.394060134887695,468974000
2022-04-21,21.708999633789062,22.392000198364258,20.0,20.183000564575195,20.10037612915039,656209000
2022-04-22,20.30299949645996,20.486000061035156,19.5,19.514999389648438,19.435110092163086,624713000
2022-04-25,19.20199966430664,19.94499969482422,19.09600067138672,19.902000427246094,19.820533752441406,641566000
2022-04-26,19.718000411987305,19.788000106811523,18.670000076293945,18.788000106811523,18.71108627319336,653143000
2022-04-27,18.597999572753906,19.16699981689453,18.290000915527344,18.415000915527344,18.339614868164062,499460000
2022-04-28,18.966999053955078,20.03700065612793,18.489999771118164,19.781999588012695,19.70101547241211,570327000
2022-04-29,19.402000427246094,20.128000259399414,18.517000198364258,18.547000885009766,18.4710750579834,500435000
2022-05-02,18.541000366210938,19.573999404907227,18.391000747680664,19.533000946044922,19.453035354614258,572049000
2022-05-03,19.399999618530273,19.825000762939453,19.132999420166016,19.601999282836914,19.521753311157227,475751000
2022-05-04,19.92300033569336,20.399999618530273,18.750999450683594,20.333999633789062,20.25075912475586,648855000
2022-05-05,19.867000579833984,19.924999237060547,18.5,18.8439998626709,18.76685905456543,626331000
2022-05-06,18.736000061035156,19.511999130249023,17.989999771118164,18.674999237060547,18.59855079650879,633297000
2022-05-09,18.034000396728516,18.2549991607666,16.82699966430664,16.950000762939453,16.880613327026367,644455000
2022-05-10,17.68899917602539,18.197999954223633,17.024999618530273,17.594999313354492,17.52297019958496,761474000
2022-05-11,17.347000122070312,17.753000259399414,16.56800079345703,16.6299991607666,16.561918258666992,670167000
2022-05-12,16.2189998626709,16.788000106811523,15.567000389099121,16.174999237060547,16.108781814575195,708728000
2022-05-13,16.788000106811523,17.92799949645996,16.593000411987305,17.70599937438965,17.633516311645508,670437000
2022-05-16,17.509000778198242,17.788000106811523,17.106000900268555,17.263999938964844,17.19332504272461,521446000
2022-05-17,18.073999404907227,18.371000289916992,17.634000778198242,18.177000045776367,18.10258674621582,585830000
2022-05-18,17.704999923706055,18.118000030517578,16.86400032043457,16.937999725341797,16.868661880493164,545161000
2022-05-19,16.937000274658203,17.687000274658203,16.733999252319336,17.124000549316406,17.053897857666016,621310000
2022-05-20,17.332000732421875,17.40999984741211,15.755000114440918,16.694000244140625,16.62565803527832,739105000
2022-05-23,16.27400016784668,16.915000915527344,16.179000854492188,16.898000717163086,16.828821182250977,639889000
2022-05-24,16.510000228881836,16.597000122070312,15.779999732971191,16.15399932861328,16.08786964416504,588550000
2022-05-25,16.020000457763672,17.111000061035156,16.0,16.975000381469727,16.9055118560791,781132000
2022-05-26,16.035999298095703,18.091999053955078,16.02199935913086,17.85099983215332,17.777923583984375,996575000
2022-05-27,18.18600082397461,18.881000518798828,18.100000381469727,18.81100082397461,18.733991622924805,738379000
2022-05-31,18.979999542236328,19.200000762939453,18.350000381469727,18.672000885009766,18.595563888549805,664100000
2022-06-01,18.724000930786133,19.05299949645996,18.121999740600586,18.31999969482422,18.24500274658203,544514000
2022-06-02,18.29199981689453,19.618999481201172,18.197999954223633,19.591999053955078,19.511795043945312,648656000
2022-06-03,19.082000732421875,19.332000732421875,18.52199935913086,18.719999313354492,18.64336585998535,598779000
2022-06-06,19.138999938964844,19.336999893188477,18.56399917602539,18.785999298095703,18.709096908569336,422406000
2022-06-07,18.472000122070312,19.0,18.187999725341797,18.926000595092773,18.848526000976562,388914000
2022-06-08,18.798999786376953,19.18000030517578,18.53499984741211,18.648000717163086,18.575586318969727,363252000
2022-06-09,18.481000900268555,18.933000564575195,18.041000366210938,18.04800033569336,17.977916717529297,395574000
2022-06-10,17.600000381469727,17.69700050354004,16.868999481201172,16.974000930786133,16.9080867767334,465248000
2022-06-13,16.0,16.312000274658203,15.605999946594238,15.647000312805176,15.5862398147583,604153000
2022-06-14,15.730999946594238,16.06599998474121,15.411999702453613,15.836000442504883,15.774504661560059,469680000
2022-06-15,16.094999313354492,16.868000030517578,15.925999641418457,16.527000427246094,16.46282386779785,563936000
2022-06-16,15.859999656677246,15.942000389099121,15.401000022888184,15.60099983215332,15.540419578552246,545749000
2022-06-17,15.64799976348877,15.994999885559082,15.32800006866455,15.880000114440918,15.818334579467773,630334000
2022-06-21,16.475000381469727,17.007999420166016,16.406999588012695,16.56599998474121,16.501676559448242,483089000
2022-06-22,16.22599983215332,16.66200065612793,16.18000030517578,16.360000610351562,16.296470642089844,437135000
2022-06-23,16.518999099731445,16.584999084472656,15.852999687194824,16.225000381469727,16.16199493408203,463680000
2022-06-24,16.5,17.139999389648438,16.309999465942383,17.125999450683594,17.059494018554688,472153000
2022-06-27,17.312000274658203,17.329999923706055,16.625999450683594,16.868999481201172,16.80349349975586,427968000
2022-06-28,16.899999618530273,17.20199966430664,15.944999694824219,15.982000350952148,15.919937133789062,461149000
2022-06-29,15.814000129699707,15.819999694824219,15.170000076293945,15.541999816894531,15.481647491455078,482352000
2022-06-30,15.361000061035156,15.567000389099121,14.862000465393066,15.159000396728516,15.10013484954834,686070000
2022-07-01,14.89900016784668,15.062999725341797,14.392000198364258,14.52299976348877,14.46660327911377,577610000
2022-07-05,14.175000190734863,14.970999717712402,14.055000305175781,14.96399974822998,14.905893325805664,651397000
2022-07-06,15.010000228881836,15.319000244140625,14.788999557495117,15.130000114440918,15.071247100830078,529066000
2022-07-07,15.456000328063965,15.944999694824219,15.388999938964844,15.857999801635742,15.796419143676758,492903000
2022-07-08,15.430000305175781,16.03700065612793,15.388999938964844,15.838000297546387,15.776498794555664,467972000
2022-07-11,15.526000022888184,15.527000427246094,15.038000106811523,15.152000427246094,15.093161582946777,437321000
2022-07-12,15.267999649047852,15.430999755859375,14.876999855041504,15.081999778747559,15.023433685302734,458483000
2022-07-13,14.59000015258789,15.375,14.46500015258789,15.163999557495117,15.105113983154297,521918000
2022-07-14,15.107999801635742,15.472999572753906,14.727999687194824,15.371999740600586,15.31230640411377,456235000
2022-07-15,15.659000396728516,15.781999588012695,15.444999694824219,15.76200008392334,15.700793266296387,385935000
2022-07-18,16.302000045776367,16.89699935913086,16.00200080871582,16.10099983215332,16.038476943969727,670517000
2022-07-19,16.486000061035156,17.110000610351562,16.172000885009766,16.992000579833984,16.926015853881836,702366000
2022-07-20,16.94700050354004,17.933000564575195,16.801000595092773,17.80699920654297,17.73784828186035,760538000
2022-07-21,17.885000228881836,18.143999099731445,17.545000076293945,18.049999237060547,17.979909896850586,557049000
2022-07-22,17.89299964904785,17.966999053955078,17.136999130249023,17.319000244140625,17.25174903869629,536671000
2022-07-25,17.018999099731445,17.124000549316406,16.64900016784668,17.02400016784668,16.957887649536133,480748000
2022-07-26,16.888999938964844,16.91900062561035,16.47800064086914,16.533000946044922,16.46879768371582,397865000
2022-07-27,17.031999588012695,17.93600082397461,16.913000106811523,17.790000915527344,17.720914840698242,569776000
2022-07-28,17.975000381469727,18.139999389648438,17.440000534057617,17.983999252319336,17.914161682128906,474646000
2022-07-29,17.812999725341797,18.243999481201172,17.691999435424805,18.163000106811523,18.09246826171875,435460000
2022-08-01,18.18199920654297,18.84600067138672,17.989999771118164,18.44099998474121,18.369386672973633,476469000
2022-08-02,18.121999740600586,18.937999725341797,18.091999053955078,18.525999069213867,18.454063415527344,489527000
2022-08-03,18.18400001525879,18.968000411987305,18.136999130249023,18.89299964904785,18.81963348388672,418146000
2022-08-04,18.849000930786133,19.27400016784668,18.760000228881836,19.21500015258789,19.140378952026367,409652000
2022-08-05,18.809999465942383,19.229000091552734,18.666000366210938,18.98900032043457,18.915264129638672,386068000
2022-08-08,17.50200080871582,18.23900032043457,17.242000579833984,17.792999267578125,17.723907470703125,981859000
2022-08-09,17.25200080871582,17.44700050354004,16.724000930786133,17.086000442504883,17.019655227661133,668263000
2022-08-10,17.697999954223633,18.118000030517578,17.316999435424805,18.097000122070312,18.026723861694336,597422000
2022-08-11,18.131000518798828,18.707000732421875,17.875999450683594,17.941999435424805,17.872323989868164,509327000
2022-08-12,18.15999984741211,18.718000411987305,17.952999114990234,18.708999633789062,18.636350631713867,478094000
2022-08-15,18.701000213623047,19.163999557495117,18.613000869750977,19.031999588012695,18.95809555053711,457666000
2022-08-16,18.920000076293945,19.142000198364258,18.500999450683594,18.878999710083008,18.805686950683594,451240000
2022-08-17,18.523000717163086,18.687999725341797,18.145000457763672,18.334999084472656,18.2637996673584,446799000
2022-08-18,18.301000595092773,18.864999771118164,18.183000564575195,18.773000717163086,18.70009994506836,415447000
2022-08-19,18.4060001373291,18.520000457763672,17.770000457763672,17.849000930786133,17.779691696166992,441588000
2022-08-22,17.489999771118164,17.558000564575195,16.965999603271484,17.034000396728516,16.96785545349121,409593000
2022-08-23,16.98900032043457,17.46500015258789,16.969999313354492,17.180999755859375,17.114280700683594,369986000
2022-08-24,17.011999130249023,17.4060001373291,16.895000457763672,17.222000122070312,17.155120849609375,522661000
2022-08-25,16.8439998626709,17.94700050354004,16.83300018310547,17.913000106811523,17.84343910217285,770691000
2022-08-26,17.85700035095215,17.923999786376953,16.23699951171875,16.260000228881836,16.196861267089844,769127000
2022-08-29,16.020000457763672,16.33799934387207,15.767000198364258,15.800999641418457,15.739641189575195,496132000
2022-08-30,15.960000038146973,16.038999557495117,15.182000160217285,15.468000411987305,15.40793514251709,530181000
2022-08-31,15.383999824523926,15.539999961853027,14.958999633789062,15.093999862670898,15.03538703918457,573710000
2022-09-01,14.208999633789062,14.380000114440918,13.270000457763672,13.937000274658203,13.882879257202148,1178865000
2022-09-02,14.100000381469727,14.170999526977539,13.590999603271484,13.647000312805176,13.59400463104248,743157000
2022-09-06,13.730999946594238,13.779000282287598,13.35099983215332,13.46500015258789,13.412714004516602,535751000
2022-09-07,13.562999725341797,13.838000297546387,13.345999717712402,13.71399974822998,13.66480541229248,512657000
2022-09-08,13.458999633789062,14.008000373840332,13.369000434875488,13.989999771118164,13.939815521240234,624873000
2022-09-09,14.156999588012695,14.473999977111816,14.12600040435791,14.38700008392334,14.335391998291016,486612000
2022-09-12,14.369000434875488,14.54699993133545,14.197999954223633,14.505000114440918,14.452967643737793,484159000
2022-09-13,13.802000045776367,13.92199993133545,13.098999977111816,13.130999565124512,13.08389663696289,714956000
2022-09-14,13.253999710083008,13.289999961853027,12.913000106811523,13.128000259399414,13.080907821655273,588507000
2022-09-15,13.015000343322754,13.232999801635742,12.789999961853027,12.928999900817871,12.882620811462402,523625000
2022-09-16,12.741999626159668,13.211999893188477,12.616999626159668,13.197999954223633,13.150654792785645,670751000
2022-09-19,13.01200008392334,13.463000297546387,13.010000228881836,13.381999969482422,13.33399772644043,569685000
2022-09-20,13.21500015258789,13.482999801635742,13.057000160217285,13.175999641418457,13.128735542297363,524818000
2022-09-21,13.213000297546387,14.031000137329102,13.109999656677246,13.26099967956543,13.213432312011719,807679000
2022-09-22,13.069999694824219,13.14900016784668,12.428000450134277,12.560999870300293,12.51594066619873,759162000
2022-09-23,12.420000076293945,12.611000061035156,12.256999969482422,12.515999794006348,12.471101760864258,663309000
2022-09-26,12.491000175476074,12.659000396728516,12.21399974822998,12.227999687194824,12.184135437011719,547343000
2022-09-27,12.506999969482422,12.736000061035156,12.258000373840332,12.413000106811523,12.3684720993042,553854000
2022-09-28,12.40999984741211,12.822999954223633,12.354000091552734,12.736000061035156,12.690314292907715,542414000
2022-09-29,12.447999954223633,12.5,11.946000099182129,12.220000267028809,12.176164627075195,532763000
2022-09-30,12.086999893188477,12.633000373840332,12.074999809265137,12.138999938964844,12.095454216003418,565638000
2022-10-03,12.347000122070312,12.678000450134277,12.104999542236328,12.51200008392334,12.467117309570312,547478000
2022-10-04,12.878999710083008,13.220000267028809,12.878999710083008,13.166999816894531,13.119765281677246,584182000
2022-10-05,12.91100025177002,13.321000099182129,12.621000289916992,13.208999633789062,13.161615371704102,507131000
2022-10-06,13.220000267028809,13.656000137329102,13.102999687194824,13.130000114440918,13.082901000976562,644157000
2022-10-07,12.505000114440918,12.670000076293945,12.022000312805176,12.076000213623047,12.032681465148926,672478000
2022-10-10,12.036999702453613,12.12399959564209,11.407999992370605,11.670000076293945,11.628135681152344,698699000
2022-10-11,11.560999870300293,11.845999717712402,11.282999992370605,11.586000442504883,11.544439315795898,667482000
2022-10-12,11.579000473022461,11.734999656677246,11.345000267028809,11.5,11.458748817443848,492590000
2022-10-13,10.970999717712402,12.07800006866455,10.812999725341797,11.960000038146973,11.917097091674805,850103000
2022-10-14,12.057000160217285,12.111000061035156,11.204000473022461,11.22700023651123,11.186727523803711,713432000
2022-10-17,11.517999649047852,11.947999954223633,11.517000198364258,11.887999534606934,11.845355033874512,580774000
2022-10-18,12.343999862670898,12.491999626159668,11.618000030517578,11.967000007629395,11.924072265625,659362000
2022-10-19,11.878999710083008,12.350000381469727,11.833999633789062,12.050999641418457,12.007770538330078,523131000
2022-10-20,12.11299991607666,12.769000053405762,12.104999542236328,12.194000244140625,12.150257110595703,652398000
2022-10-21,12.097999572753906,12.498000144958496,11.88700008392334,12.465999603271484,12.421283721923828,609494000
2022-10-24,12.508000373840332,12.710000038146973,12.064000129699707,12.598999977111816,12.553804397583008,517457000
2022-10-25,12.694000244140625,13.300000190734863,12.663999557495117,13.26099967956543,13.213432312011719,505482000
2022-10-26,12.869000434875488,13.387999534606934,12.708000183105469,12.895999908447266,12.849739074707031,532953000
2022-10-27,13.630000114440918,13.838000297546387,13.121999740600586,13.175999641418457,13.128735542297363,583113000
2022-10-28,13.104000091552734,13.850000381469727,13.060999870300293,13.833999633789062,13.784374237060547,521040000
2022-10-31,13.777999877929688,13.838000297546387,13.29699993133545,13.496999740600586,13.44858169555664,486341000
2022-11-01,13.810999870300293,13.925000190734863,13.519000053405762,13.543000221252441,13.49441909790039,432817000
2022-11-02,13.850000381469727,14.210000038146973,13.211000442504883,13.218999862670898,13.171581268310547,672628000
2022-11-03,13.043000221252441,13.781000137329102,12.956000328063965,13.420999526977539,13.372856140136719,500065000
2022-11-04,13.986000061035156,14.229000091552734,13.696999549865723,14.156000137329102,14.105220794677734,612576000
2022-11-07,14.227999687194824,14.411999702453613,13.954000473022461,14.300999641418457,14.249700546264648,410061000
2022-11-08,14.800999641418457,14.890999794006348,14.215999603271484,14.60200023651123,14.549620628356934,595292000
2022-11-09,14.161999702453613,14.211000442504883,13.758999824523926,13.776000022888184,13.726582527160645,454414000
2022-11-10,14.800000190734863,15.77299976348877,14.54699993133545,15.75,15.693501472473145,700819000
2022-11-11,15.807000160217285,16.388999938964844,15.482000350952148,16.32699966430664,16.268428802490234,655487000
2022-11-14,16.218000411987305,16.540000915527344,15.92199993133545,16.295000076293945,16.23654556274414,527852000
2022-11-15,16.722000122070312,16.99799919128418,16.381999969482422,16.666000366210938,16.606212615966797,545876000
2022-11-16,16.16200065612793,16.36199951171875,15.873000144958496,15.90999984741211,15.852928161621094,649547000
2022-11-17,15.71500015258789,16.266000747680664,15.53499984741211,15.677000045776367,15.620763778686523,710894000
2022-11-18,15.965999603271484,16.00200080871582,15.119999885559082,15.409000396728516,15.353724479675293,492072000
2022-11-21,15.147000312805176,15.47700023651123,15.079999923706055,15.317000389099121,15.262053489685059,404739000
2022-11-22,15.32800006866455,16.058000564575195,15.121999740600586,16.038000106811523,15.98046875,472866000
2022-11-23,16.097999572753906,16.527000427246094,16.04800033569336,16.518999099731445,16.459745407104492,427241000
2022-11-25,16.31800079345703,16.48699951171875,16.172000885009766,16.270000457763672,16.211633682250977,167934000
2022-11-28,16.025999069213867,16.35700035095215,15.725000381469727,15.82699966430664,15.770225524902344,303741000
2022-11-29,15.82699966430664,15.932000160217285,15.520000457763672,15.638999938964844,15.58289909362793,298384000
2022-11-30,15.696999549865723,16.93000030517578,15.597000122070312,16.92300033569336,16.866607666015625,565298000
2022-12-01,16.999000549316406,17.264999389648438,16.635000228881836,17.135000228881836,17.077896118164062,470977000
2022-12-02,16.659000396728516,16.933000564575195,16.44499969482422,16.875999450683594,16.81976318359375,371389000
2022-12-05,16.679000854492188,16.9950008392334,16.472000122070312,16.610000610351562,16.55465316772461,352255000
2022-12-06,16.530000686645508,16.572999954223633,15.819000244140625,15.987000465393066,15.933727264404297,352694000
2022-12-07,15.772000312805176,16.18600082397461,15.666999816894531,16.1200008392334,16.066286087036133,372388000
2022-12-08,16.273000717163086,17.179000854492188,15.958999633789062,17.16900062561035,17.111791610717773,515456000
2022-12-09,17.15999984741211,17.58300018310547,16.975000381469727,17.000999450683594,16.94434928894043,465338000
2022-12-12,17.03700065612793,17.538000106811523,16.797000885009766,17.53499984741211,17.476572036743164,457328000
2022-12-13,18.5310001373291,18.790000915527344,17.711000442504883,18.07200050354004,18.01177978515625,656589000
2022-12-14,17.98699951171875,18.25200080871582,17.420000076293945,17.673999786376953,17.6151065826416,496888000
2022-12-15,17.145999908447266,17.31999969482422,16.700000762939453,16.95199966430664,16.895509719848633,478542000
2022-12-16,16.86400032043457,17.041000366210938,16.40999984741211,16.570999145507812,16.515777587890625,478232000
2022-12-19,16.57200050354004,16.608999252319336,16.145000457763672,16.253999710083008,16.19983673095703,354039000
2022-12-20,16.06399917602539,16.309999465942383,15.85200023651123,16.084999084472656,16.03139877319336,403260000
2022-12-21,16.11400032043457,16.62700080871582,16.101999282836914,16.500999450683594,16.446016311645508,325025000
2022-12-22,16.0939998626709,16.13800048828125,14.881999969482422,15.33899974822998,15.287886619567871,565045000
2022-12-23,15.196000099182129,15.33899974822998,14.883000373840332,15.206000328063965,15.155329704284668,349326000
2022-12-27,15.074000358581543,15.100000381469727,14.055999755859375,14.121000289916992,14.073943138122559,464902000
2022-12-28,13.927000045776367,14.26200008392334,13.883999824523926,14.03600025177002,13.989228248596191,351066000
2022-12-29,14.402000427246094,14.682999610900879,14.22700023651123,14.602999687194824,14.554339408874512,354923000
2022-12-30,14.333999633789062,14.628999710083008,14.232999801635742,14.61400032043457,14.565303802490234,310490000
2023-01-03,14.85099983215332,14.996000289916992,14.095999717712402,14.3149995803833,14.267298698425293,401277000
2023-01-04,14.567000389099121,14.852999687194824,14.241000175476074,14.74899959564209,14.699851989746094,431324000
2023-01-05,14.491000175476074,14.564000129699707,14.14799976348877,14.265000343322754,14.2174654006958,389168000
2023-01-06,14.473999977111816,15.010000228881836,14.034000396728516,14.859000205993652,14.80948543548584,405044000
2023-01-09,15.284000396728516,16.055999755859375,15.140999794006348,15.628000259399414,15.575922966003418,504231000
2023-01-10,15.506999969482422,15.961999893188477,15.472000122070312,15.909000396728516,15.855986595153809,384101000
2023-01-11,15.84000015258789,16.027999877929688,15.562999725341797,16.000999450683594,15.947676658630371,353285000
2023-01-12,16.100000381469727,16.636999130249023,15.491999626159668,16.51099967956543,16.45598030090332,551409000
2023-01-13,16.277999877929688,16.922000885009766,16.165000915527344,16.89900016784668,16.84268569946289,447287000
2023-01-17,16.89900016784668,17.72800064086914,16.89900016784668,17.70199966430664,17.643016815185547,511102000
2023-01-18,17.66699981689453,17.87299919128418,17.281999588012695,17.37700080871582,17.319095611572266,439624000
2023-01-19,17.035999298095703,17.19700050354004,16.731000900268555,16.764999389648438,16.709135055541992,452932000
2023-01-20,17.01099967956543,17.856000900268555,16.825000762939453,17.839000701904297,17.779560089111328,564967000
2023-01-23,18.06399917602539,19.2450008392334,17.81800079345703,19.19300079345703,19.129043579101562,655163000
2023-01-24,18.82699966430664,19.4950008392334,18.81999969482422,19.264999389648438,19.2008056640625,496204000
2023-01-25,18.913000106811523,19.3700008392334,18.579999923706055,19.322999954223633,19.25861358642578,449537000
2023-01-26,19.701000213623047,20.166000366210938,19.277999877929688,19.802000045776367,19.736013412475586,489535000
2023-01-27,19.461999893188477,20.628000259399414,19.405000686645508,20.364999771118164,20.297136306762695,542142000
2023-01-30,19.950000762939453,20.139999389648438,19.149999618530273,19.16200065612793,19.098148345947266,488611000
2023-01-31,19.170000076293945,19.687000274658203,18.950000762939453,19.53700065612793,19.471900939941406,498017000
2023-02-01,19.69099998474121,21.191999435424805,19.611000061035156,20.94300079345703,20.873212814331055,660477000
2023-02-02,21.0,21.948999404907227,20.700000762939453,21.708999633789062,21.636661529541016,564276000
2023-02-03,21.0,21.7450008392334,20.788999557495117,21.100000381469727,21.02968978881836,429366000
2023-02-06,20.805999755859375,21.56999969482422,20.785999298095703,21.089000701904297,21.01872444152832,452197000
2023-02-07,21.381999969482422,22.259000778198242,21.149999618530273,22.17300033569336,22.099111557006836,664150000
2023-02-08,22.386999130249023,22.878000259399414,22.007999420166016,22.204999923706055,22.13100814819336,559651000
2023-02-09,22.606000900268555,23.020000457763672,22.1200008392334,22.336999893188477,22.2625675201416,523876000
2023-02-10,21.690000534057617,22.077999114990234,20.81100082397461,21.264999389648438,21.194141387939453,550737000
2023-02-13,21.538000106811523,22.04800033569336,20.961999893188477,21.788000106811523,21.715394973754883,474919000
2023-02-14,21.577999114990234,23.048999786376953,21.365999221801758,22.97100067138672,22.89445686340332,675474000
2023-02-15,22.548999786376953,22.854999542236328,22.106000900268555,22.763999938964844,22.688142776489258,420575000
2023-02-16,22.132999420166016,22.549999237060547,21.927000045776367,22.00200080871582,21.928686141967773,412026000
2023-02-17,21.631000518798828,21.739999771118164,20.975000381469727,21.38800048828125,21.31672477722168,465888000
2023-02-21,21.0,21.493999481201172,20.618000030517578,20.655000686645508,20.586172103881836,410015000
2023-02-22,20.707000732421875,21.104000091552734,20.42099952697754,20.753999710083008,20.684844970703125,513184000
2023-02-23,23.440000534057617,23.88800048828125,23.024999618530273,23.663999557495117,23.585145950317383,1117995000
2023-02-24,23.225000381469727,23.474000930786133,22.94700050354004,23.285999298095703,23.208402633666992,589716000
2023-02-27,23.670000076293945,23.8799991607666,23.45400047302246,23.500999450683594,23.422685623168945,452994000
2023-02-28,23.371999740600586,23.825000762939453,23.20599937438965,23.215999603271484,23.138639450073242,455963000
2023-03-01,23.191999435424805,23.256000518798828,22.507999420166016,22.697999954223633,22.622364044189453,460026000
2023-03-02,22.488000869750977,23.3799991607666,22.43199920654297,23.31399917602539,23.236309051513672,389415000
2023-03-03,23.31999969482422,23.899999618530273,23.1299991607666,23.889999389648438,23.81039047241211,412393000
2023-03-06,23.891000747680664,24.24799919128418,23.48699951171875,23.554000854492188,23.475513458251953,437429000
2023-03-07,23.600000381469727,24.125,23.240999221801758,23.288000106811523,23.214340209960938,515154000
2023-03-08,23.48699951171875,24.200000762939453,23.423999786376953,24.180999755859375,24.104515075683594,513573000
2023-03-09,24.174999237060547,24.45400047302246,23.382999420166016,23.43600082397461,23.361873626708984,501257000
2023-03-10,23.409000396728516,23.62700080871582,22.72599983215332,22.96500015258789,22.892362594604492,474866000
2023-03-13,22.75200080871582,23.29800033569336,22.297000885009766,22.965999603271484,22.89335823059082,421890000
2023-03-14,23.496000289916992,24.2189998626709,23.459999084472656,24.062999725341797,23.986888885498047,474910000
2023-03-15,23.76099967956543,24.285999298095703,23.360000610351562,24.22800064086914,24.151365280151367,524486000
2023-03-16,24.027000427246094,25.58799934387207,23.893999099731445,25.541000366210938,25.46021270751953,583253000
2023-03-17,25.98200035095215,26.39900016784668,25.667999267578125,25.725000381469727,25.64362907409668,848547000
2023-03-20,25.614999771118164,26.02400016784668,25.1299991607666,25.899999618530273,25.818077087402344,432747000
2023-03-21,26.18000030517578,26.392000198364258,25.381000518798828,26.198999404907227,26.116134643554688,547408000
2023-03-22,26.424999237060547,27.589000701904297,26.23699951171875,26.468000411987305,26.3842830657959,797295000
2023-03-23,27.114999771118164,27.499000549316406,26.690000534057617,27.19099998474121,27.104995727539062,564889000
2023-03-24,27.0310001373291,27.16699981689453,26.354999542236328,26.77899932861328,26.694297790527344,454920000
2023-03-27,26.836999893188477,27.0,26.364999771118164,26.5310001373291,26.447080612182617,361026000
2023-03-28,26.44700050354004,26.51300048828125,25.850000381469727,26.40999984741211,26.326461791992188,356104000
2023-03-29,26.825000762939453,27.077999114990234,26.597000122070312,26.983999252319336,26.898651123046875,393694000
2023-03-30,27.229000091552734,27.499000549316406,27.101999282836914,27.382999420166016,27.296382904052734,364516000
2023-03-31,27.139999389648438,27.833999633789062,27.104999542236328,27.777000427246094,27.689138412475586,433933000
2023-04-03,27.509000778198242,28.0,27.336000442504883,27.96500015258789,27.876544952392578,398716000
2023-04-04,27.965999603271484,28.0,27.30699920654297,27.452999114990234,27.366167068481445,368592000
2023-04-05,26.82900047302246,26.99799919128418,26.395000457763672,26.881000518798828,26.795974731445312,515015000
2023-04-06,26.583999633789062,27.079999923706055,26.427000045776367,27.03700065612793,26.951480865478516,397654000
2023-04-10,26.822999954223633,27.621000289916992,26.66900062561035,27.57900047302246,27.49176788330078,395279000
2023-04-11,27.724000930786133,27.790000915527344,27.125999450683594,27.16900062561035,27.083065032958984,314378000
2023-04-12,27.3700008392334,27.468000411987305,26.447999954223633,26.4950008392334,26.411195755004883,446259000
2023-04-13,26.733999252319336,26.886999130249023,26.32900047302246,26.46299934387207,26.379295349121094,353615000
2023-04-14,26.503999710083008,26.882999420166016,26.219999313354492,26.757999420166016,26.67336082458496,395660000
2023-04-17,26.565000534057617,27.006000518798828,26.433000564575195,27.00200080871582,26.916593551635742,321471000
2023-04-18,27.533000946044922,28.110000610351562,27.35700035095215,27.66699981689453,27.579490661621094,604812000
2023-04-19,27.361000061035156,28.0,27.23200035095215,27.930999755859375,27.842655181884766,358660000
2023-04-20,27.67099952697754,28.030000686645508,27.0,27.104000091552734,27.018266677856445,427713000
2023-04-21,26.95199966430664,27.183000564575195,26.722000122070312,27.118999481201172,27.033226013183594,345103000
2023-04-24,27.01300048828125,27.365999221801758,26.67099952697754,27.04199981689453,26.95646858215332,339282000
2023-04-25,27.077999114990234,27.246999740600586,26.225000381469727,26.240999221801758,26.15799903869629,378527000
2023-04-26,27.00200080871582,27.329999923706055,26.704999923706055,26.95599937438965,26.87074089050293,406337000
2023-04-27,27.363000869750977,27.4950008392334,26.625,27.22599983215332,27.13988494873047,377161000
2023-04-28,27.225000381469727,27.757999420166016,27.070999145507812,27.749000549316406,27.66122817993164,292216000
2023-05-01,27.84000015258789,29.058000564575195,27.780000686645508,28.90999984741211,28.818559646606445,570329000
2023-05-02,28.68000030517578,28.836000442504883,28.08300018310547,28.209999084472656,28.120773315429688,402730000
2023-05-03,27.84000015258789,28.367000579833984,27.472000122070312,27.802000045776367,27.71406364440918,383387000
2023-05-04,27.650999069213867,27.858999252319336,27.239999771118164,27.562000274658203,27.474822998046875,321850000
2023-05-05,27.826000213623047,28.7549991607666,27.731000900268555,28.68000030517578,28.589284896850586,361494000
2023-05-08,28.52199935913086,29.219999313354492,28.350000381469727,29.150999069213867,29.058794021606445,344979000
2023-05-09,28.89900016784668,28.972999572753906,28.450000762939453,28.570999145507812,28.480628967285156,314869000
2023-05-10,29.0049991607666,29.113000869750977,28.461000442504883,28.885000228881836,28.79364013671875,369350000
2023-05-11,28.895999908447266,28.950000762939453,28.246000289916992,28.577999114990234,28.487607955932617,322149000
2023-05-12,28.52899932861328,28.780000686645508,28.04599952697754,28.34000015258789,28.25035858154297,274222000
2023-05-15,28.507999420166016,28.9689998626709,28.152000427246094,28.952999114990234,28.86142349243164,293926000
2023-05-16,28.840999603271484,29.8700008392334,28.832000732421875,29.21299934387207,29.1205997467041,449405000
2023-05-17,29.583999633789062,30.198999404907227,29.43000030517578,30.17799949645996,30.082550048828125,432535000
2023-05-18,30.40999984741211,31.827999114990234,30.31999969482422,31.67799949645996,31.577800750732422,748725000
2023-05-19,31.535999298095703,31.579999923706055,30.916000366210938,31.263999938964844,31.165109634399414,473908000
2023-05-22,30.900999069213867,31.520000457763672,30.68000030517578,31.176000595092773,31.077390670776367,372000000
2023-05-23,31.0,31.288000106811523,30.631000518798828,30.687999725341797,30.59093475341797,356253000
2023-05-24,30.209999084472656,30.60700035095215,29.805999755859375,30.538000106811523,30.44140625,721419000
2023-05-25,38.52299880981445,39.47999954223633,36.6349983215332,37.97999954223633,37.85987091064453,1543911000
2023-05-26,37.88999938964844,39.16999816894531,37.54999923706055,38.94599914550781,38.822818756103516,714397000
2023-05-30,40.595001220703125,41.9379997253418,39.94900131225586,40.111000061035156,39.984130859375,923401000
2023-05-31,39.487998962402344,40.29499816894531,37.821998596191406,37.83399963378906,37.71432876586914,1002580000
2023-06-01,38.48899841308594,40.04999923706055,38.34000015258789,39.77000045776367,39.64421081542969,635873000
2023-06-02,40.09700012207031,40.5,39.05799865722656,39.32699966430664,39.202606201171875,482731000
2023-06-05,38.909000396728516,39.564998626708984,38.707000732421875,39.17100143432617,39.04710388183594,396094000
2023-06-06,38.83000183105469,39.15999984741211,38.14799880981445,38.65399932861328,38.53173828125,388729000
2023-06-07,38.915000915527344,39.499000549316406,37.35599899291992,37.474998474121094,37.36032485961914,511998000
2023-06-08,37.7239990234375,38.86399841308594,37.505001068115234,38.5099983215332,38.39216232299805,417772000
2023-06-09,39.0369987487793,39.71099853515625,38.56700134277344,38.77000045776367,38.6513671875,427717000
2023-06-12,39.20000076293945,39.529998779296875,38.61800003051758,39.481998443603516,39.36117935180664,388701000
2023-06-13,40.18600082397461,41.10100173950195,39.7400016784668,41.02199935913086,40.896480560302734,613208000
2023-06-14,40.82400131225586,43.0,40.551998138427734,42.99700164794922,42.86543655395508,740465000
2023-06-15,42.60200119018555,43.28900146484375,42.14699935913086,42.65299987792969,42.522491455078125,568622000
2023-06-16,43.45000076293945,43.72100067138672,42.6609992980957,42.69200134277344,42.561363220214844,655709000
2023-06-20,42.99800109863281,43.9900016784668,42.67399978637695,43.80799865722656,43.673954010009766,451153000
2023-06-21,43.500999450683594,43.6150016784668,42.08000183105469,43.04499816894531,42.913291931152344,551603000
2023-06-22,42.25299835205078,43.42599868774414,42.23400115966797,43.025001525878906,42.89335250854492,417737000
2023-06-23,42.4640007019043,42.808998107910156,42.01499938964844,42.20899963378906,42.07984161376953,358140000
2023-06-26,42.46099853515625,42.763999938964844,40.099998474121094,40.63199996948242,40.50767135620117,594322000
2023-06-27,40.79899978637695,41.939998626708984,40.448001861572266,41.875999450683594,41.747867584228516,462175000
2023-06-28,40.65999984741211,41.845001220703125,40.518001556396484,41.117000579833984,40.991188049316406,582639000
2023-06-29,41.55799865722656,41.599998474121094,40.599998474121094,40.821998596191406,40.697086334228516,380514000
2023-06-30,41.68000030517578,42.54999923706055,41.500999450683594,42.301998138427734,42.17255783081055,501148000
2023-07-03,42.516998291015625,42.89799880981445,42.20199966430664,42.41299819946289,42.28321838378906,198209000
2023-07-05,42.1349983215332,43.176998138427734,42.084999084472656,42.31700134277344,42.187522888183594,323618000
2023-07-06,41.84400177001953,42.17900085449219,41.34600067138672,42.10300064086914,41.974178314208984,303582000
2023-07-07,42.321998596191406,43.2140007019043,42.18000030517578,42.50299835205078,42.372947692871094,355881000
2023-07-10,42.65700149536133,42.81100082397461,41.64899826049805,42.18000030517578,42.050933837890625,353908000
2023-07-11,42.48099899291992,42.757999420166016,42.06700134277344,42.404998779296875,42.27524185180664,298244000
2023-07-12,43.03300094604492,43.935001373291016,42.777000427246094,43.902000427246094,43.767662048339844,481277000
2023-07-13,44.518001556396484,46.154998779296875,44.492000579833984,45.97700119018555,45.83632278442383,478204000
2023-07-14,46.58300018310547,48.0880012512207,45.060001373291016,45.46900177001953,45.329864501953125,772075000
2023-07-17,46.28900146484375,46.49599838256836,45.262001037597656,46.46099853515625,46.31883239746094,510488000
2023-07-18,46.70100021362305,47.895999908447266,45.73400115966797,47.49399948120117,47.34868240356445,569164000
2023-07-19,47.4640007019043,47.81800079345703,46.742000579833984,47.07699966430664,46.932945251464844,427502000
2023-07-20,46.50699996948242,47.08700180053711,45.0620002746582,45.52000045776367,45.380714416503906,537865000
2023-07-21,45.78799819946289,45.86600112915039,44.099998474121094,44.308998107910156,44.17341995239258,963769000
2023-07-24,44.73099899291992,45.10900115966797,44.040000915527344,44.61199951171875,44.475494384765625,382516000
2023-07-25,44.941001892089844,46.18299865722656,44.92300033569336,45.67900085449219,45.53923034667969,348081000
2023-07-26,46.020999908447266,46.053001403808594,44.630001068115234,45.45199966430664,45.31292724609375,364237000
2023-07-27,46.51900100708008,47.39500045776367,45.75,45.900001525878906,45.759552001953125,455976000
2023-07-28,46.667999267578125,47.027000427246094,46.38100051879883,46.75,46.60695266723633,331194000
2023-07-31,46.75400161743164,47.130001068115234,46.50600051879883,46.729000091552734,46.58600997924805,251055000
2023-08-01,46.459999084472656,46.900001525878906,46.027000427246094,46.50699996948242,46.36469650268555,237858000
2023-08-02,45.83100128173828,45.84000015258789,43.387001037597656,44.26900100708008,44.133544921875,530142000
2023-08-03,43.79999923706055,45.11800003051758,43.79999923706055,44.51499938964844,44.3787956237793,324176000
2023-08-04,44.98500061035156,45.641998291015625,44.393001556396484,44.68000030517578,44.54328155517578,362666000
2023-08-07,45.111000061035156,45.540000915527344,44.5629997253418,45.41699981689453,45.27802276611328,322154000
2023-08-08,44.85300064086914,45.242000579833984,44.055999755859375,44.66400146484375,44.52734375,353843000
2023-08-09,44.27399826049805,44.3120002746582,42.13399887084961,42.55400085449219,42.423789978027344,586449000
2023-08-10,42.15999984741211,43.57400131225586,41.834999084472656,42.38800048828125,42.25830841064453,492705000
2023-08-11,41.750999450683594,42.018001556396484,40.638999938964844,40.85499954223633,40.72999572753906,533085000
2023-08-14,40.486000061035156,43.79999923706055,40.31100082397461,43.75299835205078,43.61912536621094,690286000
2023-08-15,44.560001373291016,45.268001556396484,43.709999084472656,43.939998626708984,43.80554962158203,676512000
2023-08-16,44.52000045776367,44.67499923706055,43.40599822998047,43.486000061035156,43.35293960571289,527451000
2023-08-17,43.970001220703125,44.0620002746582,43.000999450683594,43.34400177001953,43.21137619018555,452395000
2023-08-18,42.6349983215332,43.577999114990234,41.65999984741211,43.29899978637695,43.16651153564453,583768000
2023-08-21,44.49399948120117,47.064998626708984,44.22200012207031,46.96699905395508,46.82328796386719,692573000
2023-08-22,48.1349983215332,48.1870002746582,45.33300018310547,45.667999267578125,45.528263092041016,755293000
2023-08-23,45.86600112915039,47.20000076293945,45.20800018310547,47.11600112915039,46.97183609008789,779046000
2023-08-24,50.215999603271484,50.26599884033203,47.159000396728516,47.16299819946289,47.01868438720703,1156044000
2023-08-25,47.012001037597656,47.80500030517578,45.02399826049805,46.018001556396484,45.8771858215332,925341000
2023-08-28,46.481998443603516,46.97999954223633,44.88800048828125,46.834999084472656,46.69169235229492,685192000
2023-08-29,46.66600036621094,49.08100128173828,46.39099884033203,48.784000396728516,48.634727478027344,701397000
2023-08-30,49.04399871826172,49.926998138427734,48.42499923706055,49.263999938964844,49.113258361816406,735206000
2023-08-31,49.380001068115234,49.74399948120117,48.95800018310547,49.35499954223633,49.203983306884766,528570000
2023-09-01,49.762001037597656,49.79999923706055,48.141998291015625,48.50899887084961,48.360565185546875,463830000
2023-09-05,48.222999572753906,48.85100173950195,47.86000061035156,48.54800033569336,48.399452209472656,382653000
2023-09-06,48.441001892089844,48.54899978637695,46.58000183105469,47.06100082397461,46.92086410522461,468670000
2023-09-07,45.525001525878906,46.34400177001953,45.152000427246094,46.24100112915039,46.10330581665039,433330000
2023-09-08,45.94200134277344,46.60599899291992,45.270999908447266,45.571998596191406,45.436302185058594,473069000
2023-09-11,46.14799880981445,46.16299819946289,44.3120002746582,45.178001403808594,45.0434684753418,473966000
2023-09-12,44.737998962402344,45.67300033569336,44.53099822998047,44.869998931884766,44.73638916015625,349256000
2023-09-13,44.599998474121094,45.93000030517578,44.50299835205078,45.48500061035156,45.34955978393555,398355000
2023-09-14,45.95000076293945,45.98699951171875,45.13100051879883,45.58100128173828,45.445274353027344,370097000
2023-09-15,45.340999603271484,45.5989990234375,43.80799865722656,43.900001525878906,43.7692756652832,506831000
2023-09-18,42.74800109863281,44.242000579833984,42.0,43.965999603271484,43.8350830078125,500271000
2023-09-19,43.83300018310547,43.965999603271484,43.00199890136719,43.52000045776367,43.390411376953125,373064000
2023-09-20,43.599998474121094,43.90299987792969,42.222999572753906,42.23899841308594,42.113224029541016,367108000
2023-09-21,41.58300018310547,42.099998474121094,40.97999954223633,41.016998291015625,40.89486312866211,450736000
2023-09-22,41.571998596191406,42.1150016784668,41.23099899291992,41.61000061035156,41.48609924316406,479236000
2023-09-25,41.590999603271484,42.5359992980957,41.176998138427734,42.22200012207031,42.096275329589844,419091000
2023-09-26,42.000999450683594,42.81999969482422,41.654998779296875,41.9109992980957,41.78620529174805,402282000
2023-09-27,42.33000183105469,42.87200164794922,41.62900161743164,42.46799850463867,42.34153747558594,444935000
2023-09-28,42.459999084472656,43.44599914550781,42.1150016784668,43.0890007019043,42.960689544677734,424663000
2023-09-29,43.82699966430664,44.14400100708008,43.30699920654297,43.499000549316406,43.36947250366211,397830000
2023-10-02,44.029998779296875,45.17499923706055,43.861000061035156,44.78200149536133,44.648651123046875,433298000
2023-10-03,44.80799865722656,45.130001068115234,43.24599838256836,43.516998291015625,43.38741683959961,470850000
2023-10-04,43.742000579833984,44.143001556396484,43.29199981689453,44.04100036621094,43.90985107421875,361821000
2023-10-05,44.04999923706055,44.900001525878906,43.88800048828125,44.6879997253418,44.554931640625,393483000
2023-10-06,44.19300079345703,45.78900146484375,44.0260009765625,45.762001037597656,45.625732421875,434436000
2023-10-09,44.84199905395508,45.60499954223633,44.36800003051758,45.27299880981445,45.138187408447266,409675000
2023-10-10,45.310001373291016,46.25899887084961,45.0880012512207,45.79800033569336,45.66162872314453,368582000
2023-10-11,46.19599914550781,46.85900115966797,46.04999923706055,46.805999755859375,46.66661834716797,378137000
2023-10-12,46.777000427246094,47.60900115966797,46.33000183105469,46.94499969482422,46.805206298828125,481325000
2023-10-13,46.959999084472656,47.11600112915039,45.279998779296875,45.46099853515625,45.32562255859375,474115000
2023-10-16,45.0629997253418,46.224998474121094,44.9119987487793,46.095001220703125,45.95774459838867,375099000
2023-10-17,44.0,44.75400161743164,42.47999954223633,43.9379997253418,43.80716323852539,812333000
2023-10-18,42.590999603271484,43.21900177001953,41.82500076293945,42.19599914550781,42.070350646972656,627294000
2023-10-19,42.81100082397461,43.297000885009766,41.88199996948242,42.10100173950195,41.97563934326172,501233000
2023-10-20,41.88999938964844,42.470001220703125,41.077999114990234,41.387001037597656,41.263763427734375,477266000
2023-10-23,41.229000091552734,43.24800109863281,40.94499969482422,42.974998474121094,42.8470344543457,478530000
2023-10-24,43.07699966430664,43.696998596191406,42.691001892089844,43.66299819946289,43.53298568725586,401463000
2023-10-25,43.39799880981445,43.650001525878906,41.55500030517578,41.77899932861328,41.654598236083984,398379000
2023-10-26,41.85300064086914,42.25600051879883,39.880001068115234,40.32600021362305,40.2059211730957,541001000
2023-10-27,41.130001068115234,41.20600128173828,40.01499938964844,40.5,40.37940216064453,416784000
2023-10-30,41.08700180053711,41.76599884033203,40.48099899291992,41.1609992980957,41.03843688964844,388028000
2023-10-31,40.45000076293945,40.87900161743164,39.22999954223633,40.779998779296875,40.6585693359375,517969000
2023-11-01,40.88399887084961,42.38100051879883,40.86899948120117,42.32500076293945,42.198974609375,437593000
2023-11-02,43.327999114990234,43.88399887084961,42.89400100708008,43.50600051879883,43.37644577026367,409172000
2023-11-03,44.02000045776367,45.308998107910156,43.722999572753906,45.005001068115234,44.87098693847656,424610000
2023-11-06,45.28499984741211,45.935001373291016,44.89899826049805,45.750999450683594,45.61476516723633,400733000
2023-11-07,45.71900177001953,46.21799850463867,45.15800094604492,45.95500183105469,45.81816482543945,343165000
2023-11-08,46.099998474121094,46.867000579833984,45.96799850463867,46.57400131225586,46.43532180786133,346719000
2023-11-09,47.46699905395508,48.22999954223633,46.75,46.95000076293945,46.8101921081543,540496000
2023-11-10,47.5,48.47200012207031,47.28300094604492,48.334999084472656,48.191070556640625,421245000
2023-11-13,48.31999969482422,49.11600112915039,48.0989990234375,48.619998931884766,48.475215911865234,384136000
2023-11-14,49.68000030517578,49.83399963378906,49.040000915527344,49.65599822998047,49.50813293457031,416954000
2023-11-15,49.935001373291016,49.959999084472656,48.20000076293945,48.88800048828125,48.742427825927734,475497000
2023-11-16,48.67900085449219,49.525001525878906,48.33000183105469,49.47999954223633,49.33266830444336,339756000
2023-11-17,49.52399826049805,49.71699905395508,49.00699996948242,49.29800033569336,49.15121078491211,325205000
2023-11-20,49.3120002746582,50.54800033569336,49.180999755859375,50.409000396728516,50.25889587402344,414120000
2023-11-21,50.125999450683594,50.516998291015625,49.22200012207031,49.944000244140625,49.79528045654297,565747000
2023-11-22,49.85200119018555,50.334999084472656,47.689998626708984,48.715999603271484,48.570926666259766,899420000
2023-11-24,48.470001220703125,48.92100143432617,47.744998931884766,47.7760009765625,47.63373947143555,294645000
2023-11-27,47.79999923706055,48.529998779296875,47.652000427246094,48.242000579833984,48.098350524902344,395662000
2023-11-28,48.236000061035156,48.323001861572266,47.472999572753906,47.82099914550781,47.67860412597656,401491000
2023-11-29,48.37900161743164,48.762001037597656,47.86000061035156,48.13999938964844,47.99665832519531,382005000
2023-11-30,48.02399826049805,48.11000061035156,46.422000885009766,46.77000045776367,46.6307373046875,526247000
2023-12-01,46.525001525878906,47.20000076293945,46.1870002746582,46.76499938964844,46.62575149536133,369317000
2023-12-04,46.07699966430664,46.07699966430664,45.0099983215332,45.5099983215332,45.37447738647461,437543000
2023-12-05,45.465999603271484,46.599998474121094,45.270999908447266,46.566001892089844,46.43142318725586,371718000
2023-12-06,47.21500015258789,47.387001037597656,45.4119987487793,45.50299835205078,45.371490478515625,380590000
2023-12-07,45.70000076293945,46.62900161743164,45.604000091552734,46.59600067138672,46.46133804321289,350823000
2023-12-08,46.595001220703125,47.74100112915039,46.54999923706055,47.50600051879883,47.36870193481445,359224000
2023-12-11,47.49100112915039,47.53099822998047,45.83000183105469,46.62699890136719,46.492244720458984,509728000
2023-12-12,46.04600143432617,47.66600036621094,46.04600143432617,47.65700149536133,47.51927185058594,372387000
2023-12-13,47.62900161743164,48.59400177001953,47.608001708984375,48.0880012512207,47.94902420043945,447792000
2023-12-14,48.38999938964844,48.66999816894531,47.422000885009766,48.349998474121094,48.210262298583984,391232000
2023-12-15,48.194000244140625,49.40399932861328,48.119998931884766,48.88999938964844,48.74870681762695,479948000
2023-12-18,49.400001525878906,50.43299865722656,49.150001525878906,50.07699966430664,49.932273864746094,412587000
2023-12-19,49.42399978637695,49.70000076293945,48.89500045776367,49.604000091552734,49.460636138916016,464444000
2023-12-20,49.654998779296875,49.999000549316406,48.097999572753906,48.111000061035156,47.971954345703125,397894000
2023-12-21,48.81100082397461,49.095001220703125,48.41899871826172,48.9900016784668,48.848411560058594,300425000
2023-12-22,49.19499969482422,49.382999420166016,48.46699905395508,48.83000183105469,48.688880920410156,252507000
2023-12-26,48.96799850463867,49.599998474121094,48.959999084472656,49.27899932861328,49.13657760620117,244200000
2023-12-27,49.51100158691406,49.68000030517578,49.084999084472656,49.41699981689453,49.27417755126953,233648000
2023-12-28,49.643001556396484,49.88399887084961,49.4119987487793,49.52199935913086,49.37887954711914,246587000
2023-12-29,49.8129997253418,49.99700164794922,48.750999450683594,49.52199935913086,49.37887954711914,389293000
2024-01-02,49.24399948120117,49.29499816894531,47.595001220703125,48.167999267578125,48.02878952026367,411254000
2024-01-03,47.48500061035156,48.183998107910156,47.31999969482422,47.569000244140625,47.431522369384766,320896000
2024-01-04,47.766998291015625,48.5,47.507999420166016,47.99800109863281,47.859283447265625,306535000
2024-01-05,48.46200180053711,49.547000885009766,48.305999755859375,49.09700012207031,48.955108642578125,415039000
2024-01-08,49.512001037597656,52.275001525878906,49.479000091552734,52.25299835205078,52.10198211669922,642510000
2024-01-09,52.4010009765625,54.32500076293945,51.689998626708984,53.13999938964844,52.98642349243164,773100000
2024-01-10,53.61600112915039,54.599998474121094,53.48899841308594,54.349998474121094,54.192928314208984,533796000
2024-01-11,54.999000549316406,55.34600067138672,53.560001373291016,54.821998596191406,54.66355895996094,596759000
2024-01-12,54.619998931884766,54.970001220703125,54.33000183105469,54.709999084472656,54.551883697509766,352994000
2024-01-16,55.018001556396484,56.834999084472656,54.900001525878906,56.38199996948242,56.219051361083984,449580000
2024-01-17,56.34700012207031,56.47100067138672,54.7400016784668,56.053001403808594,55.89101028442383,474394000
2024-01-18,57.2599983215332,57.599998474121094,56.106998443603516,57.106998443603516,56.94196319580078,491650000
2024-01-19,57.98899841308594,59.5,57.224998474121094,59.49100112915039,59.31906509399414,543501000
2024-01-22,60.04899978637695,60.33100128173828,59.06999969482422,59.65399932861328,59.481597900390625,452955000
2024-01-23,59.56999969482422,59.90999984741211,58.584999084472656,59.87300109863281,59.6999626159668,294654000
2024-01-24,60.30400085449219,62.8489990234375,59.9379997253418,61.36199951171875,61.184661865234375,560271000
2024-01-25,62.349998474121094,62.71900177001953,60.849998474121094,61.617000579833984,61.43891906738281,482777000
2024-01-26,60.959999084472656,61.78300094604492,60.573001861572266,61.03099822998047,60.8546142578125,390309000
2024-01-29,61.231998443603516,62.48899841308594,60.90700149536133,62.46500015258789,62.28447341918945,348733000
2024-01-30,62.900001525878906,63.49300003051758,62.2599983215332,62.77399826049805,62.59257507324219,410735000
2024-01-31,61.439998626708984,62.26900100708008,60.70000076293945,61.527000427246094,61.349178314208984,453795000
2024-02-01,62.099998474121094,63.191001892089844,61.650001525878906,63.027000427246094,62.844844818115234,369146000
2024-02-02,63.9739990234375,66.5999984741211,63.689998626708984,66.16000366210938,65.96880340576172,476578000
2024-02-05,68.2249984741211,69.49700164794922,67.20500183105469,69.33200073242188,69.13162231445312,680078000
2024-02-06,69.62999725341797,69.75399780273438,66.30000305175781,68.2229995727539,68.02584075927734,683111000
2024-02-07,68.31900024414062,70.22000122070312,67.5999984741211,70.0989990234375,69.89640045166016,495575000
2024-02-08,70.0739974975586,70.79399871826172,69.45500183105469,69.64099884033203,69.43972778320312,414422000
2024-02-09,70.53299713134766,72.18499755859375,70.21199798583984,72.13300323486328,71.92454528808594,436637000
2024-02-12,72.5999984741211,74.61100006103516,71.25,72.24800109863281,72.03919982910156,613710000
2024-02-13,70.4000015258789,73.44999694824219,69.62000274658203,72.12799835205078,71.91956329345703,602580000
2024-02-14,73.2020034790039,74.23600006103516,71.93800354003906,73.9000015258789,73.68643188476562,504917000
2024-02-15,73.86900329589844,73.9749984741211,72.4000015258789,72.65799713134766,72.4480209350586,420122000
2024-02-16,74.0999984741211,74.4020004272461,72.5009994506836,72.61299896240234,72.40312957763672,495327000
2024-02-20,71.9469985961914,71.95600128173828,67.73400115966797,69.4520034790039,69.25128173828125,704833000
2024-02-21,68.00599670410156,68.88800048828125,66.24800109863281,67.47200012207031,67.27701568603516,673755000
2024-02-22,75.0250015258789,78.57499694824219,74.22000122070312,78.53800201416016,78.31103515625,865100000
2024-02-23,80.79000091552734,82.39399719238281,77.56999969482422,78.81700134277344,78.5892105102539,829388000
2024-02-26,79.69999694824219,80.64600372314453,78.50499725341797,79.09200286865234,78.8634262084961,503973000
2024-02-27,79.38099670410156,79.4800033569336,77.16200256347656,78.70099639892578,78.47354888916016,391705000
2024-02-28,77.62000274658203,78.93299865722656,77.125,77.66300201416016,77.43854522705078,393110000
2024-02-29,79.09400177001953,79.98999786376953,78.3499984741211,79.11199951171875,78.88336181640625,507289000
2024-03-01,80.0,82.30000305175781,79.43499755859375,82.27899932861328,82.04121398925781,479135000
2024-03-04,84.12999725341797,87.69499969482422,83.71900177001953,85.23699951171875,84.99066162109375,615616000
2024-03-05,85.2699966430664,86.09700012207031,83.41699981689453,85.96399688720703,85.71958923339844,520639000
2024-03-06,88.02200317382812,89.7239990234375,87.02999877929688,88.69999694824219,88.44779968261719,582520000
2024-03-07,90.15799713134766,92.76699829101562,89.60199737548828,92.66899871826172,92.405517578125,608119000
2024-03-08,95.13800048828125,97.4000015258789,86.50599670410156,87.52799987792969,87.27912902832031,1142269000
2024-03-11,86.42900085449219,88.7969970703125,84.16600036621094,85.77400207519531,85.53012084960938,678364000
2024-03-12,88.04900360107422,91.95999908447266,86.1500015258789,91.91300201416016,91.65166473388672,668075000
2024-03-13,91.05500030517578,91.50399780273438,88.43499755859375,90.88800048828125,90.62957763671875,635713000
2024-03-14,89.5770034790039,90.64600372314453,86.5999984741211,87.94400024414062,87.6939468383789,602318000
2024-03-15,86.93000030517578,89.5459976196289,86.25700378417969,87.83699798583984,87.5872573852539,642086000
2024-03-18,90.38800048828125,92.40499877929688,87.08499908447266,88.45500183105469,88.20350646972656,668976000
2024-03-19,86.69999694824219,90.54399871826172,85.01000213623047,89.39800262451172,89.1438217163086,672171000
2024-03-20,89.7969970703125,90.41000366210938,88.2229995727539,90.37200164794922,90.11504364013672,479063000
2024-03-21,92.30000305175781,92.64800262451172,90.40499877929688,91.43499755859375,91.1750259399414,480372000
2024-03-22,91.14099884033203,94.77799987792969,90.83399963378906,94.28900146484375,94.02091217041016,586719000
2024-03-25,93.94100189208984,96.76599884033203,93.51000213623047,95.00199890136719,94.73186492919922,552136000
2024-03-26,95.85099792480469,96.375,92.50199890136719,92.56099700927734,92.29783630371094,513648000
2024-03-27,93.11199951171875,93.23999786376953,89.12300109863281,90.25,89.99339294433594,586067000
2024-03-28,90.0,91.30000305175781,89.19300079345703,90.35600280761719,90.09909057617188,435212000
2024-04-01,90.29900360107422,92.2249984741211,89.2040023803711,90.36299896240234,90.10607147216797,452441000
2024-04-02,88.447998046875,90.09400177001953,87.62000274658203,89.4520034790039,89.19766998291016,433064000
2024-04-03,88.48400115966797,90.3740005493164,88.4000015258789,88.96399688720703,88.71104431152344,370067000
2024-04-04,90.40599822998047,90.63400268554688,85.87999725341797,85.90499877929688,85.66073608398438,434965000
2024-04-05,86.86599731445312,88.48100280761719,85.9260025024414,88.00800323486328,87.75777435302734,399678000
2024-04-08,88.69999694824219,88.83000183105469,86.73200225830078,87.13300323486328,86.88525390625,283220000
2024-04-09,87.44200134277344,87.63500213623047,83.02200317382812,85.35399627685547,85.1113052368164,501700000
2024-04-10,83.9260025024414,87.4000015258789,83.70899963378906,87.03900146484375,86.7915267944336,431929000
2024-04-11,87.41999816894531,90.73899841308594,86.9260025024414,90.61599731445312,90.35835266113281,431637000
2024-04-12,89.6989974975586,90.17500305175781,87.52999877929688,88.18599700927734,87.93526458740234,426805000
2024-04-15,89.0979995727539,90.61299896240234,85.92900085449219,86.0009994506836,85.7564697265625,443077000
2024-04-16,86.43299865722656,88.11799621582031,86.06400299072266,87.41500091552734,87.16645050048828,370453000
2024-04-17,88.33999633789062,88.7750015258789,83.94999694824219,84.03500366210938,83.79605865478516,495400000
2024-04-18,84.97000122070312,86.19000244140625,82.4020004272461,84.6709976196289,84.43025207519531,447260000
2024-04-19,83.1500015258789,84.3239974975586,75.60600280761719,76.19999694824219,75.98333740234375,875198000
2024-04-22,78.10399627685547,80.072998046875,76.4000015258789,79.51799774169922,79.29190826416016,596341000
2024-04-23,80.76899719238281,82.76899719238281,80.26399993896484,82.4229965209961,82.18865203857422,438559000
2024-04-24,83.94999694824219,84.08200073242188,79.18299865722656,79.677001953125,79.4504623413086,512208000
2024-04-25,78.86799621582031,83.322998046875,78.2229995727539,82.63200378417969,82.39705657958984,424641000
2024-04-26,83.81800079345703,88.33100128173828,83.38700103759766,87.73500061035156,87.48554992675781,551011000
2024-04-29,87.59500122070312,87.99199676513672,85.26599884033203,87.75700378417969,87.50748443603516,388971000
2024-04-30,87.23999786376953,88.81900024414062,86.30000305175781,86.4020004272461,86.15634155273438,363709000
2024-05-01,85.0770034790039,86.0,81.25499725341797,83.04100036621094,82.80487823486328,559863000
2024-05-02,84.4489974975586,86.23699951171875,83.19999694824219,85.81700134277344,85.572998046875,377898000
2024-05-03,87.78900146484375,89.28099822998047,87.04000091552734,88.78900146484375,88.53654479980469,398341000
2024-05-06,89.38999938964844,92.22000122070312,89.05500030517578,92.13999938964844,91.87801361083984,376203000
2024-05-07,91.0979995727539,91.78099822998047,89.01100158691406,90.55400085449219,90.2965316772461,437342000
2024-05-08,89.48300170898438,91.19400024414062,89.41999816894531,90.41200256347656,90.15493774414062,325721000
2024-05-09,90.52899932861328,91.0719985961914,88.23100280761719,88.74700164794922,88.49467468261719,378013000
2024-05-10,90.30500030517578,91.4010009765625,89.22699737548828,89.87799835205078,89.62245178222656,335325000
2024-05-13,90.47799682617188,90.99800109863281,88.52899932861328,90.39900207519531,90.14197540283203,289680000
2024-05-14,89.5989990234375,91.6510009765625,88.93399810791016,91.35600280761719,91.09625244140625,296507000
2024-05-15,92.47200012207031,94.86199951171875,91.5989990234375,94.62999725341797,94.36095428466797,417735000
2024-05-16,94.91000366210938,95.81900024414062,94.10299682617188,94.35900115966797,94.09071350097656,323952000
2024-05-17,94.36900329589844,94.73999786376953,91.80599975585938,92.47899627685547,92.21605682373047,359691000
2024-05-20,93.75,95.19999694824219,93.44000244140625,94.77999877929688,94.5105209350586,318764000
2024-05-21,93.5989990234375,95.4000015258789,93.18000030517578,95.38600158691406,95.11479949951172,328946000
2024-05-22,95.45899963378906,96.0199966430664,93.2490005493164,94.94999694824219,94.6800308227539,548648000
2024-05-23,102.02799987792969,106.31999969482422,101.5199966430664,103.79900360107422,103.50387573242188,835065000
2024-05-24,104.4489974975586,106.4749984741211,103.0,106.46900177001953,106.1662826538086,429494000
2024-05-28,110.24400329589844,114.93900299072266,109.88300323486328,113.9010009765625,113.57715606689453,652728000
2024-05-29,113.05000305175781,115.49199676513672,110.9010009765625,114.82499694824219,114.49851989746094,557442000
2024-05-30,114.6500015258789,115.81900024414062,109.66300201416016,110.5,110.1858139038086,484553000
2024-05-31,112.5199966430664,112.71700286865234,106.94000244140625,109.63300323486328,109.3212890625,613263000
2024-06-03,113.62100219726562,115.0,112.00299835205078,115.0,114.67301177978516,438392000
2024-06-04,115.71600341796875,116.5999984741211,114.04499816894531,116.43699645996094,116.10594177246094,403324000
2024-06-05,118.37100219726562,122.4489974975586,117.46800231933594,122.44000244140625,122.09188842773438,528402000
2024-06-06,124.0479965209961,125.58699798583984,118.31999969482422,120.99800109863281,120.65396118164062,664696000
2024-06-07,119.7699966430664,121.69200134277344,118.02200317382812,120.88800048828125,120.54428100585938,412386000
2024-06-10,120.37000274658203,123.0999984741211,117.01000213623047,121.79000091552734,121.44371032714844,313434100
2024-06-11,121.7699966430664,122.87000274658203,118.73999786376953,120.91000366210938,120.57612609863281,222551200
2024-06-12,123.05999755859375,126.87999725341797,122.56999969482422,125.19999694824219,124.85426330566406,299595000
2024-06-13,129.38999938964844,129.8000030517578,127.16000366210938,129.61000061035156,129.25209045410156,260704500
2024-06-14,129.9600067138672,132.83999633789062,128.32000732421875,131.8800048828125,131.51583862304688,309320400
2024-06-17,132.99000549316406,133.72999572753906,129.5800018310547,130.97999572753906,130.6183319091797,288504400
2024-06-18,131.13999938964844,136.3300018310547,130.69000244140625,135.5800018310547,135.2056121826172,294335100
2024-06-20,139.8000030517578,140.75999450683594,129.52000427246094,130.77999877929688,130.41885375976562,517768400
2024-06-21,127.12000274658203,130.6300048828125,124.30000305175781,126.56999969482422,126.22048950195312,649445800
2024-06-24,123.23999786376953,124.45999908447266,118.04000091552734,118.11000061035156,117.78384399414062,476060900
2024-06-25,121.19999694824219,126.5,119.31999969482422,126.08999633789062,125.74181365966797,414192600
2024-06-26,126.12999725341797,128.1199951171875,122.5999984741211,126.4000015258789,126.05097198486328,362975900
2024-06-27,124.0999984741211,126.41000366210938,122.91999816894531,123.98999786376953,123.6476058959961,252571700
2024-06-28,124.58000183105469,127.70999908447266,122.75,123.54000091552734,123.19886016845703,315516700
2024-07-01,123.47000122070312,124.83999633789062,118.83000183105469,124.30000305175781,123.95677185058594,284885500
2024-07-02,121.12999725341797,123.41000366210938,121.02999877929688,122.66999816894531,122.33126068115234,218374000
2024-07-03,121.66000366210938,128.27999877929688,121.36000061035156,128.27999877929688,127.92576599121094,215749000
2024-07-05,127.37999725341797,128.85000610351562,125.68000030517578,125.83000183105469,125.48255157470703,214176700
2024-07-08,127.48999786376953,130.77000427246094,127.04000091552734,128.1999969482422,127.84597778320312,237677300
2024-07-09,130.35000610351562,133.82000732421875,128.64999389648438,131.3800048828125,131.01722717285156,285366600
2024-07-10,134.02999877929688,135.10000610351562,132.4199981689453,134.91000366210938,134.5374755859375,248978600
2024-07-11,135.75,136.14999389648438,127.05000305175781,127.4000015258789,127.04820251464844,374782700
2024-07-12,128.25999450683594,131.9199981689453,127.22000122070312,129.24000549316406,128.8831329345703,252680500
2024-07-15,130.55999755859375,131.38999938964844,127.18000030517578,128.44000244140625,128.0853271484375,208326200
2024-07-16,128.44000244140625,129.0399932861328,124.58000183105469,126.36000061035156,126.01107788085938,214769500
2024-07-17,121.3499984741211,121.8499984741211,116.72000122070312,117.98999786376953,117.6641845703125,390086200
2024-07-18,121.8499984741211,122.4000015258789,116.55999755859375,121.08999633789062,120.75562286376953,320979500
2024-07-19,120.3499984741211,121.5999984741211,117.37000274658203,117.93000030517578,117.60436248779297,217223800
2024-07-22,120.3499984741211,124.06999969482422,119.86000061035156,123.54000091552734,123.19886016845703,258068900
2024-07-23,122.77999877929688,124.69000244140625,122.0999984741211,122.58999633789062,122.25148010253906,173911000
2024-07-24,119.16999816894531,119.94999694824219,113.44000244140625,114.25,113.93450927734375,327776900
2024-07-25,113.04000091552734,116.62999725341797,106.30000305175781,112.27999877929688,111.96995544433594,460067000
2024-07-26,116.19000244140625,116.19999694824219,111.58000183105469,113.05999755859375,112.74779510498047,293399100
2024-07-29,113.69000244140625,116.27999877929688,111.30000305175781,111.58999633789062,111.28185272216797,248152100
2024-07-30,111.5199966430664,111.98999786376953,102.54000091552734,103.7300033569336,103.44356536865234,486833300
2024-07-31,112.9000015258789,118.33999633789062,110.87999725341797,117.0199966430664,116.69686126708984,473174200
2024-08-01,117.52999877929688,120.16000366210938,106.80999755859375,109.20999908447266,108.90843200683594,523462300
2024-08-02,103.76000213623047,108.72000122070312,101.37000274658203,107.2699966430664,106.9737777709961,482027500
2024-08-05,92.05999755859375,103.41000366210938,90.69000244140625,100.44999694824219,100.17261505126953,552842400
2024-08-06,103.83999633789062,107.70999908447266,100.55000305175781,104.25,103.9621353149414,409012100
2024-08-07,107.80999755859375,108.80000305175781,98.69000244140625,98.91000366210938,98.63687896728516,411440400
2024-08-08,102.0,105.5,97.5199966430664,104.97000122070312,104.68014526367188,391910000
2024-08-09,105.63999938964844,106.5999984741211,103.43000030517578,104.75,104.46075439453125,290844200
2024-08-12,106.31999969482422,111.06999969482422,106.26000213623047,109.0199966430664,108.71896362304688,325559900
2024-08-13,112.44000244140625,116.2300033569336,111.58000183105469,116.13999938964844,115.81929016113281,312646700
2024-08-14,118.52999877929688,118.5999984741211,114.06999969482422,118.08000183105469,117.75394439697266,339246400
2024-08-15,118.76000213623047,123.23999786376953,117.47000122070312,122.86000061035156,122.52074432373047,318086700
2024-08-16,121.94000244140625,125.0,121.18000030517578,124.58000183105469,124.23599243164062,302589900
2024-08-19,124.27999877929688,130.0,123.41999816894531,130.0,129.6410369873047,318333600
2024-08-20,128.39999389648438,129.8800048828125,125.88999938964844,127.25,126.89861297607422,300087400
2024-08-21,127.31999969482422,129.35000610351562,126.66000366210938,128.5,128.14515686035156,257883600
2024-08-22,130.02000427246094,130.75,123.0999984741211,123.73999786376953,123.39830780029297,376189100
2024-08-23,125.86000061035156,129.60000610351562,125.22000122070312,129.3699951171875,129.01275634765625,323230300
2024-08-26,129.57000732421875,131.25999450683594,124.37000274658203,126.45999908447266,126.11079406738281,331964700
2024-08-27,125.05000305175781,129.1999969482422,123.87999725341797,128.3000030517578,127.94573211669922,303134600
2024-08-28,128.1199951171875,128.3300018310547,122.63999938964844,125.61000061035156,125.26314544677734,448101100
2024-08-29,121.36000061035156,124.43000030517578,116.70999908447266,117.58999633789062,117.2652816772461,453023300
2024-08-30,119.52999877929688,121.75,117.22000122070312,119.37000274658203,119.04037475585938,333751600
2024-09-03,116.01000213623047,116.20999908447266,107.29000091552734,108.0,107.70177459716797,477155100
2024-09-04,105.41000366210938,113.2699966430664,104.12000274658203,106.20999908447266,105.91671752929688,372470300
2024-09-05,104.98999786376953,109.6500015258789,104.76000213623047,107.20999908447266,106.91394805908203,306850700
2024-09-06,108.04000091552734,108.1500015258789,100.94999694824219,102.83000183105469,102.54605865478516,413638100
2024-09-09,104.87999725341797,106.55000305175781,103.69000244140625,106.47000122070312,106.1760025024414,273912000
2024-09-10,107.80999755859375,109.4000015258789,104.94999694824219,108.0999984741211,107.8014907836914,268283700
2024-09-11,109.38999938964844,117.19000244140625,107.41999816894531,116.91000366210938,116.58717346191406,441422400
2024-09-12,116.83999633789062,120.79000091552734,115.37999725341797,119.13999938964844,118.82117462158203,366052700
2024-09-13,119.08000183105469,119.95999908447266,117.5999984741211,119.0999984741211,118.78128814697266,238358300
2024-09-16,116.79000091552734,118.18000030517578,114.36000061035156,116.77999877929688,116.46749114990234,248772300
2024-09-17,118.16999816894531,118.80000305175781,114.83000183105469,115.58999633789062,115.28067016601562,231925900
2024-09-18,115.88999938964844,117.69999694824219,113.22000122070312,113.37000274658203,113.06661987304688,310318900
2024-09-19,117.3499984741211,119.66000366210938,117.25,117.87000274658203,117.55457305908203,293506400
2024-09-20,117.05999755859375,118.62000274658203,115.38999938964844,116.0,115.68958282470703,382462400
2024-09-23,116.55000305175781,116.98999786376953,114.86000061035156,116.26000213623047,115.94888305664062,206228500
2024-09-24,116.5199966430664,121.80000305175781,115.37999725341797,120.87000274658203,120.54655456542969,354966800
2024-09-25,122.0199966430664,124.94000244140625,121.61000061035156,123.51000213623047,123.17948913574219,284692900
2024-09-26,126.80000305175781,127.66999816894531,121.80000305175781,124.04000091552734,123.70806121826172,302582900
2024-09-27,123.97000122070312,124.02999877929688,119.26000213623047,121.4000015258789,121.07512664794922,271009200
2024-09-30,118.30999755859375,121.5,118.1500015258789,121.44000244140625,121.11502075195312,226553700
2024-10-01,121.7699966430664,122.44000244140625,115.79000091552734,117.0,116.6868896484375,302094500
2024-10-02,116.44000244140625,119.37999725341797,115.13999938964844,118.8499984741211,118.53195190429688,221845900
2024-10-03,120.91999816894531,124.36000061035156,120.33999633789062,122.8499984741211,122.52124786376953,277118000
2024-10-04,124.94000244140625,125.04000091552734,121.83000183105469,124.91999816894531,124.58570861816406,243678100
2024-10-07,124.98999786376953,130.63999938964844,124.94999694824219,127.72000122070312,127.37821197509766,346250200
2024-10-08,130.25999450683594,133.47999572753906,129.4199981689453,132.88999938964844,132.5343780517578,285722500
2024-10-09,134.11000061035156,134.52000427246094,131.3800048828125,132.64999389648438,132.29502868652344,246191600
2024-10-10,131.91000366210938,135.0,131.0,134.80999755859375,134.4492645263672,242311300
2024-10-11,134.00999450683594,135.77999877929688,133.66000366210938,134.8000030517578,134.43927001953125,170209500
2024-10-14,136.47000122070312,139.60000610351562,136.3000030517578,138.07000732421875,137.70053100585938,232347700
2024-10-15,137.8699951171875,138.57000732421875,128.74000549316406,131.60000610351562,131.24783325195312,377831000
2024-10-16,133.97999572753906,136.6199951171875,131.5800018310547,135.72000122070312,135.35679626464844,264879700
2024-10-17,139.33999633789062,140.88999938964844,136.8699951171875,136.92999267578125,136.5635528564453,306435900
2024-10-18,138.6699981689453,138.89999389648438,137.27999877929688,138.0,137.63072204589844,176090200
2024-10-21,138.1300048828125,143.7100067138672,138.0,143.7100067138672,143.325439453125,264554500
2024-10-22,142.91000366210938,144.4199981689453,141.77999877929688,143.58999633789062,143.2057647705078,226311600
2024-10-23,142.02999877929688,142.42999267578125,137.4600067138672,139.55999755859375,139.18653869628906,285930000
2024-10-24,140.82000732421875,141.35000610351562,138.4600067138672,140.41000366210938,140.0342559814453,172354900
2024-10-25,140.92999267578125,144.1300048828125,140.8000030517578,141.5399932861328,141.16123962402344,205122100
2024-10-28,143.0,143.13999938964844,140.0500030517578,140.52000427246094,140.1439666748047,173586700
2024-10-29,140.2899932861328,142.25999450683594,138.89999389648438,141.25,140.87200927734375,157593600
2024-10-30,139.5399932861328,140.3300018310547,136.80999755859375,139.33999633789062,138.9671173095703,179418100
2024-10-31,137.60000610351562,137.61000061035156,132.11000061035156,132.75999450683594,132.4047393798828,270039600
2024-11-01,134.6999969482422,137.30999755859375,134.57000732421875,135.39999389648438,135.03765869140625,207127800
2024-11-04,137.2100067138672,138.9600067138672,135.57000732421875,136.0500030517578,135.68594360351562,187528200
2024-11-05,137.4499969482422,140.3699951171875,137.3300018310547,139.91000366210938,139.5355987548828,160537400
2024-11-06,142.9600067138672,146.49000549316406,141.9600067138672,145.61000061035156,145.22036743164062,242043900
2024-11-07,146.38999938964844,148.92999267578125,146.1699981689453,148.8800048828125,148.48159790039062,207323300
2024-11-08,148.77000427246094,149.77000427246094,146.25999450683594,147.6300048828125,147.2349090576172,175665800
2024-11-11,148.67999267578125,148.85000610351562,143.57000732421875,145.25999450683594,144.8712615966797,182325600
2024-11-12,146.77999877929688,149.64999389648438,146.00999450683594,148.2899932861328,147.8931427001953,198634700
2024-11-13,149.07000732421875,149.3300018310547,145.89999389648438,146.27000427246094,145.87857055664062,191903300
2024-11-14,147.63999938964844,149.0,145.5500030517578,146.75999450683594,146.36724853515625,194463300
2024-11-15,144.8699951171875,145.24000549316406,140.0800018310547,141.97999572753906,141.6000518798828,250132900
2024-11-18,139.5,141.5500030517578,137.14999389648438,140.14999389648438,139.7749481201172,221205300
2024-11-19,141.32000732421875,147.1300048828125,140.99000549316406,147.00999450683594,146.61659240722656,227834900
2024-11-20,147.41000366210938,147.55999755859375,142.72999572753906,145.88999938964844,145.4995880126953,309871700
2024-11-21,149.35000610351562,152.88999938964844,140.6999969482422,146.6699981689453,146.2775115966797,400946600
2024-11-22,145.92999267578125,147.16000366210938,141.10000610351562,141.9499969482422,141.5701446533203,236406200
2024-11-25,141.99000549316406,142.0500030517578,135.82000732421875,136.02000427246094,135.656005859375,344941900
2024-11-26,137.6999969482422,139.3000030517578,135.6699981689453,136.9199981689453,136.5535888671875,190287700
2024-11-27,135.00999450683594,137.22000122070312,131.8000030517578,135.33999633789062,134.97781372070312,226370900
2024-11-29,136.77999877929688,139.35000610351562,136.0500030517578,138.25,137.8800506591797,141863200
2024-12-02,138.8300018310547,140.4499969482422,137.82000732421875,138.6300048828125,138.25901794433594,171682800
2024-12-03,138.25999450683594,140.5399932861328,137.9499969482422,140.25999450683594,139.8846435546875,164414000
2024-12-04,142.0,145.7899932861328,140.2899932861328,145.13999938964844,144.7515869140625,231224300
2024-12-05,145.11000061035156,146.5399932861328,143.9499969482422,145.05999755859375,144.68179321289062,172621200
2024-12-06,144.60000610351562,145.6999969482422,141.30999755859375,142.44000244140625,142.06861877441406,188505600
2024-12-09,138.97000122070312,139.9499969482422,137.1300048828125,138.80999755859375,138.4480743408203,189308600
2024-12-10,139.00999450683594,141.82000732421875,133.7899932861328,135.07000732421875,134.71783447265625,210020900
2024-12-11,137.36000061035156,140.1699981689453,135.2100067138672,139.30999755859375,138.94676208496094,184905200
2024-12-12,137.0800018310547,138.44000244140625,135.8000030517578,137.33999633789062,136.98190307617188,159211400
2024-12-13,138.94000244140625,139.60000610351562,132.5399932861328,134.25,133.89996337890625,231514900
2024-12-16,134.17999267578125,134.39999389648438,130.4199981689453,132.0,131.6558380126953,237951100
2024-12-17,129.08999633789062,131.58999633789062,126.86000061035156,130.38999938964844,130.050048828125,259410300
2024-12-18,133.86000061035156,136.6999969482422,128.27999877929688,128.91000366210938,128.57388305664062,277444500
2024-12-19,131.75999450683594,134.02999877929688,129.5500030517578,130.67999267578125,130.33924865722656,209719200
2024-12-20,129.80999755859375,135.27999877929688,128.22000122070312,134.6999969482422,134.34878540039062,306528600
2024-12-23,136.27999877929688,139.7899932861328,135.1199951171875,139.6699981689453,139.3058319091797,176053500
2024-12-24,140.0,141.89999389648438,138.64999389648438,140.22000122070312,139.8544158935547,105157000
2024-12-26,139.6999969482422,140.85000610351562,137.72999572753906,139.92999267578125,139.56517028808594,116205600
2024-12-27,138.5500030517578,139.02000427246094,134.7100067138672,137.00999450683594,136.65274047851562,170582600
2024-12-30,134.8300018310547,140.27000427246094,134.02000427246094,137.49000549316406,137.1315155029297,167734700
2024-12-31,138.02999877929688,138.07000732421875,133.8300018310547,134.2899932861328,133.93984985351562,155659200
2025-01-02,136.0,138.8800048828125,134.6300048828125,138.30999755859375,137.9493865966797,198247200
2025-01-03,140.00999450683594,144.89999389648438,139.72999572753906,144.47000122070312,144.09332275390625,229322500
2025-01-06,148.58999633789062,152.16000366210938,147.82000732421875,149.42999267578125,149.04037475585938,265377400
2025-01-07,153.02999877929688,153.1300048828125,140.00999450683594,140.13999938964844,139.7746124267578,351782200
2025-01-08,142.5800018310547,143.9499969482422,137.55999755859375,140.11000061035156,139.74468994140625,227349900
2025-01-10,137.4499969482422,139.9199981689453,134.22000122070312,135.91000366210938,135.55563354492188,207602500
2025-01-13,129.99000549316406,133.49000549316406,129.50999450683594,133.22999572753906,132.88262939453125,204808900
2025-01-14,136.0500030517578,136.3800048828125,130.0500030517578,131.75999450683594,131.41644287109375,195590500
2025-01-15,133.64999389648438,136.4499969482422,131.2899932861328,136.24000549316406,135.88478088378906,185217300
2025-01-16,138.63999938964844,138.75,133.49000549316406,133.57000732421875,133.22174072265625,209235600
2025-01-17,136.69000244140625,138.5,135.4600067138672,137.7100067138672,137.3509521484375,201188800
2025-01-21,139.16000366210938,141.8300018310547,137.08999633789062,140.8300018310547,140.46279907226562,197749000
2025-01-22,144.66000366210938,147.7899932861328,143.6699981689453,147.07000732421875,146.68653869628906,237651400
2025-01-23,145.0500030517578,147.22999572753906,143.72000122070312,147.22000122070312,146.83615112304688,155915500
2025-01-24,148.3699951171875,148.97000122070312,141.8800048828125,142.6199951171875,142.24815368652344,234657600
2025-01-27,124.80000305175781,128.39999389648438,116.69999694824219,118.41999816894531,118.11123657226562,818830900
2025-01-28,121.80999755859375,129.0,116.25,128.99000549316406,128.6536865234375,579666400
2025-01-29,126.5,126.88999938964844,120.05000305175781,123.69999694824219,123.3774642944336,467120600
2025-01-30,123.0999984741211,125.0,118.0999984741211,124.6500015258789,124.32500457763672,392925500
2025-01-31,123.77999877929688,127.8499984741211,119.19000244140625,120.06999969482422,119.7569351196289,388161100
2025-02-03,114.75,118.56999969482422,113.01000213623047,116.66000366210938,116.3558349609375,371235700
2025-02-04,116.95999908447266,121.19999694824219,116.69999694824219,118.6500015258789,118.34062957763672,256550000
2025-02-05,121.76000213623047,125.0,120.76000213623047,124.83000183105469,124.50452423095703,262230800
2025-02-06,127.41999816894531,128.77000427246094,125.20999908447266,128.67999267578125,128.34449768066406,251483600
2025-02-07,129.22000122070312,130.3699951171875,125.0,129.83999633789062,129.50146484375,228186300
2025-02-10,130.08999633789062,135.0,129.9600067138672,133.57000732421875,133.22174072265625,216989100
2025-02-11,132.5800018310547,134.47999572753906,131.02000427246094,132.8000030517578,132.45376586914062,178902400
2025-02-12,130.02000427246094,132.24000549316406,129.0800018310547,131.13999938964844,130.79808044433594,160278600
2025-02-13,131.55999755859375,136.5,131.1699981689453,135.2899932861328,134.93724060058594,197430000
2025-02-14,136.47999572753906,139.25,135.5,138.85000610351562,138.48797607421875,195479600
2025-02-18,141.27000427246094,143.44000244140625,137.92999267578125,139.39999389648438,139.0365447998047,219176600
2025-02-19,139.50999450683594,141.36000061035156,137.22000122070312,139.22999572753906,138.86695861816406,167536000
2025-02-20,140.02999877929688,140.66000366210938,136.7899932861328,140.11000061035156,139.74468994140625,143903600
2025-02-21,140.0399932861328,141.4600067138672,134.02999877929688,134.42999267578125,134.07949829101562,228217600
2025-02-24,136.55999755859375,138.58999633789062,130.0800018310547,130.27999877929688,129.94032287597656,251381100
2025-02-25,129.97999572753906,130.1999969482422,124.44000244140625,126.62999725341797,126.2998275756836,271428700
2025-02-26,129.99000549316406,133.72999572753906,128.49000549316406,131.27999877929688,130.93771362304688,322553800
2025-02-27,135.0,135.00999450683594,120.01000213623047,120.1500015258789,119.83672332763672,443175800
2025-02-28,118.0199966430664,125.08999633789062,116.4000015258789,124.91999816894531,124.59429168701172,389091100
2025-03-03,123.51000213623047,123.69999694824219,112.27999877929688,114.05999755859375,113.76260375976562,411381400
2025-03-04,110.6500015258789,119.30999755859375,110.11000061035156,115.98999786376953,115.68756866455078,398163300
2025-03-05,117.58000183105469,118.27999877929688,114.51000213623047,117.30000305175781,116.99415588378906,284337900
2025-03-06,113.52999877929688,115.3499984741211,110.22000122070312,110.56999969482422,110.28170776367188,321181900
2025-03-07,111.25,113.4800033569336,107.55999755859375,112.69000244140625,112.39617919921875,341755500
2025-03-10,109.9000015258789,111.8499984741211,105.45999908447266,106.9800033569336,106.70106506347656,366487400
2025-03-11,106.98999786376953,112.23999786376953,104.7699966430664,108.76000213623047,108.47642517089844,354865700
2025-03-12,114.12000274658203,116.76000213623047,112.87999725341797,115.73999786376953,115.4488525390625,323857500
2025-03-13,117.02999877929688,117.76000213623047,113.79000091552734,115.58000183105469,115.28925323486328,299033100
2025-03-14,118.61000061035156,121.87999725341797,118.1500015258789,121.66999816894531,121.36392974853516,277593500
2025-03-17,122.73999786376953,122.88999938964844,118.02999877929688,119.52999877929688,119.22930908203125,255501500
2025-03-18,118.0,119.0199966430664,114.54000091552734,115.43000030517578,115.1396255493164,299686900
2025-03-19,117.2699966430664,120.44999694824219,115.68000030517578,117.5199966430664,117.22435760498047,273426200
2025-03-20,116.55000305175781,120.19999694824219,116.47000122070312,118.52999877929688,118.2318115234375,248829700
2025-03-21,116.94000244140625,117.98999786376953,115.41999816894531,117.69999694824219,117.4039077758789,266498500
2025-03-24,119.87999725341797,122.22000122070312,119.33999633789062,121.41000366210938,121.1045913696289,228452500
2025-03-25,120.55000305175781,121.29000091552734,118.91999816894531,120.69000244140625,120.38639068603516,167447200
2025-03-26,118.7300033569336,118.83999633789062,112.70999908447266,113.76000213623047,113.47382354736328,293463300
2025-03-27,111.3499984741211,114.44999694824219,110.66000366210938,111.43000030517578,111.14968872070312,236902100
2025-03-28,111.48999786376953,112.87000274658203,109.06999969482422,109.66999816894531,109.39411926269531,229872500
2025-03-31,105.12999725341797,110.95999908447266,103.6500015258789,108.37999725341797,108.10735321044922,299212700
2025-04-01,108.5199966430664,110.19999694824219,106.47000122070312,110.1500015258789,109.8729019165039,222614000
2025-04-02,107.29000091552734,111.9800033569336,106.79000091552734,110.41999816894531,110.14221954345703,220601200
2025-04-03,103.51000213623047,105.62999725341797,101.5999984741211,101.80000305175781,101.54391479492188,338769400
2025-04-04,98.91000366210938,100.12999725341797,92.11000061035156,94.30999755859375,94.07275390625,532273800
2025-04-07,87.45999908447266,101.75,86.62000274658203,97.63999938964844,97.39437103271484,611041300
2025-04-08,103.80999755859375,105.8499984741211,94.45999908447266,96.30000305175781,96.05775451660156,476243400
2025-04-09,98.88999938964844,115.0999984741211,97.52999877929688,114.33000183105469,114.04238891601562,612918300
2025-04-10,109.37000274658203,110.86000061035156,99.1500015258789,107.56999969482422,107.29940032958984,437812400
2025-04-11,108.5,111.55000305175781,107.4800033569336,110.93000030517578,110.65094757080078,313417300
2025-04-14,114.11000061035156,114.29000091552734,109.06999969482422,110.70999908447266,110.4314956665039,264705000
2025-04-15,110.97000122070312,113.62000274658203,110.5,112.19999694824219,111.9177474975586,228966900
2025-04-16,104.55000305175781,106.79000091552734,100.44999694824219,104.48999786376953,104.2271499633789,397016900
2025-04-17,104.44999694824219,104.47000122070312,100.05000305175781,101.48999786376953,101.23468017578125,292517500
2025-04-21,98.7699966430664,99.44000244140625,95.04000091552734,96.91000366210938,96.66622161865234,288501100
2025-04-22,98.77999877929688,99.80999755859375,97.27999877929688,98.88999938964844,98.64122772216797,241004800
2025-04-23,104.5199966430664,104.80000305175781,102.0199966430664,102.70999908447266,102.45162200927734,247526000
2025-04-24,103.4800033569336,106.54000091552734,103.11000061035156,106.43000030517578,106.1622543334961,220815000
2025-04-25,106.8499984741211,111.91999816894531,105.7300033569336,111.01000213623047,110.73075103759766,251064700
2025-04-28,109.69000244140625,110.37000274658203,106.0199966430664,108.7300033569336,108.45648193359375,207708500
2025-04-29,107.66999816894531,110.19999694824219,107.44000244140625,109.0199966430664,108.7457504272461,170444300
2025-04-30,104.47000122070312,108.91999816894531,104.08000183105469,108.91999816894531,108.64599609375,235044600
2025-05-01,113.08000183105469,114.94000244140625,111.30000305175781,111.61000061035156,111.32923126220703,236121500
2025-05-02,114.18000030517578,115.4000015258789,113.37000274658203,114.5,114.21197509765625,190194800
2025-05-05,112.91000366210938,114.66999816894531,112.66000366210938,113.81999969482422,113.53367614746094,133163200
2025-05-06,111.4800033569336,114.73999786376953,110.81999969482422,113.54000091552734,113.25438690185547,158525600
2025-05-07,113.05000305175781,117.68000030517578,112.27999877929688,117.05999755859375,116.7655258178711,206758800
2025-05-08,118.25,118.68000030517578,115.8499984741211,117.37000274658203,117.07475280761719,198428100
2025-05-09,117.3499984741211,118.2300033569336,115.20999908447266,116.6500015258789,116.35655975341797,132972200
2025-05-12,121.97000122070312,123.0,120.27999877929688,123.0,122.69058990478516,225023300
2025-05-13,124.9800033569336,131.22000122070312,124.47000122070312,129.92999267578125,129.60313415527344,330430100
2025-05-14,133.1999969482422,135.44000244140625,131.67999267578125,135.33999633789062,134.99952697753906,281180800
2025-05-15,134.2899932861328,136.3000030517578,132.66000366210938,134.8300018310547,134.4907989501953,226632600
2025-05-16,136.22000122070312,136.35000610351562,133.4600067138672,135.39999389648438,135.05938720703125,226542500
2025-05-19,132.38999938964844,135.8699951171875,132.38999938964844,135.57000732421875,135.2289581298828,193154600
2025-05-20,134.2899932861328,134.5800018310547,132.6199951171875,134.3800048828125,134.0419464111328,161514200
2025-05-21,133.05999755859375,137.39999389648438,130.58999633789062,131.8000030517578,131.46844482421875,270608700
2025-05-22,132.22999572753906,134.25,131.5500030517578,132.8300018310547,132.49586486816406,187344000
2025-05-23,130.0,132.67999267578125,129.16000366210938,131.2899932861328,130.959716796875,198821300
2025-05-27,134.14999389648438,135.66000366210938,133.30999755859375,135.5,135.15911865234375,192953600
2025-05-28,136.02999877929688,137.25,134.7899932861328,134.80999755859375,134.4708709716797,304021100
2025-05-29,142.25,143.49000549316406,137.91000366210938,139.19000244140625,138.83984375,369241900
2025-05-30,138.72000122070312,139.6199951171875,132.9199981689453,135.1300048828125,134.79006958007812,333170900
2025-06-02,135.49000549316406,138.1199951171875,135.39999389648438,137.3800048828125,137.034423828125,197663100
2025-06-03,138.77999877929688,142.0,137.9499969482422,141.22000122070312,140.86473083496094,225578800
2025-06-04,142.19000244140625,142.38999938964844,139.5399932861328,141.9199981689453,141.56297302246094,167120800
2025-06-05,142.1699981689453,144.0,138.8300018310547,139.99000549316406,139.63784790039062,231397900
2025-06-06,142.50999450683594,143.27000427246094,141.50999450683594,141.72000122070312,141.3634796142578,153986200
2025-06-09,143.19000244140625,145.0,141.94000244140625,142.6300048828125,142.27120971679688,185114500
2025-06-10,142.69000244140625,144.2899932861328,141.52999877929688,143.9600067138672,143.59786987304688,155881900
2025-06-11,144.61000061035156,144.99000549316406,141.8699951171875,142.8300018310547,142.4805908203125,167694000
2025-06-12,141.97000122070312,145.0,141.85000610351562,145.0,144.64529418945312,162365000
2025-06-13,142.47999572753906,143.5800018310547,140.85000610351562,141.97000122070312,141.62269592285156,180820600
2025-06-16,143.35000610351562,146.17999267578125,143.1999969482422,144.69000244140625,144.33604431152344,183133700
2025-06-17,144.49000549316406,145.22000122070312,143.77999877929688,144.1199951171875,143.76742553710938,139108000
2025-06-18,144.00999450683594,145.64999389648438,143.1199951171875,145.47999572753906,145.1240997314453,161494100
2025-06-20,145.4499969482422,146.1999969482422,142.64999389648438,143.85000610351562,143.4980926513672,242956200
2025-06-23,142.5,144.77999877929688,142.02999877929688,144.1699981689453,143.81732177734375,154308900
2025-06-24,145.55999755859375,147.9600067138672,145.5,147.89999389648438,147.53817749023438,187566100
2025-06-25,149.27000427246094,154.4499969482422,149.25999450683594,154.30999755859375,153.9324951171875,269146500
2025-06-26,155.97999572753906,156.72000122070312,154.0,155.02000427246094,154.64076232910156,198145700
2025-06-27,156.0399932861328,158.7100067138672,155.25999450683594,157.75,157.3640899658203,263234500
2025-06-30,158.39999389648438,158.66000366210938,155.9600067138672,157.99000549316406,157.60353088378906,194580300
2025-07-01,156.2899932861328,157.1999969482422,151.49000549316406,153.3000030517578,152.9249725341797,213143600
2025-07-02,152.97999572753906,157.60000610351562,152.97000122070312,157.25,156.8653106689453,171224100
2025-07-03,158.3699951171875,160.97999572753906,157.77000427246094,159.33999633789062,158.95021057128906,143716100
2025-07-07,158.1999969482422,159.30999755859375,157.33999633789062,158.24000549316406,157.8529052734375,140139000
2025-07-08,159.3300018310547,160.22000122070312,158.38999938964844,160.0,159.60858154296875,138133000
2025-07-09,161.22000122070312,164.4199981689453,161.16000366210938,162.8800048828125,162.48153686523438,183656400
2025-07-10,164.32000732421875,164.5,161.61000061035156,164.10000610351562,163.69854736328125,167704100
2025-07-11,163.72000122070312,167.88999938964844,163.47000122070312,164.9199981689453,164.51654052734375,193633300
2025-07-14,165.3699951171875,165.49000549316406,162.02000427246094,164.07000732421875,163.6686248779297,136975800
2025-07-15,171.19000244140625,172.39999389648438,169.1999969482422,170.6999969482422,170.2824249267578,230627400
2025-07-16,171.05999755859375,171.75,168.89999389648438,171.3699951171875,170.95077514648438,158831500
2025-07-17,172.02000427246094,174.16000366210938,170.8300018310547,173.0,172.57676696777344,160841100
2025-07-18,173.63999938964844,174.25,171.25999450683594,172.41000366210938,171.9882354736328,146456400
2025-07-21,172.75,173.3800048828125,171.0,171.3800048828125,170.96075439453125,123126100
2025-07-22,171.33999633789062,171.38999938964844,164.5800018310547,167.02999877929688,166.62139892578125,193114300
2025-07-23,169.52999877929688,171.25999450683594,167.97000122070312,170.77999877929688,170.36221313476562,154082200
2025-07-24,172.44000244140625,173.8300018310547,171.3000030517578,173.74000549316406,173.3149871826172,128984600
2025-07-25,173.61000061035156,174.72000122070312,172.9600067138672,173.5,173.07557678222656,122316800
2025-07-28,174.02000427246094,177.0,173.97000122070312,176.75,176.31761169433594,140023500
2025-07-29,177.9600067138672,179.3800048828125,175.02000427246094,175.50999450683594,175.0806427001953,154077500
2025-07-30,176.50999450683594,179.88999938964844,176.0399932861328,179.27000427246094,178.83145141601562,174312200
2025-07-31,182.89999389648438,183.3000030517578,175.92999267578125,177.8699951171875,177.4348602294922,221685400
2025-08-01,174.08999633789062,176.5399932861328,170.88999938964844,173.72000122070312,173.29501342773438,204529000
2025-08-04,175.16000366210938,180.1999969482422,174.52000427246094,180.0,179.55966186523438,148174600
2025-08-05,179.6199951171875,180.25999450683594,175.89999389648438,178.25999450683594,177.82391357421875,156407600
2025-08-06,176.3300018310547,179.89999389648438,176.25,179.4199981689453,178.9810791015625,137192300
2025-08-07,181.57000732421875,183.8800048828125,178.8000030517578,180.77000427246094,180.32777404785156,151878400
2025-08-08,181.5500030517578,183.3000030517578,180.39999389648438,182.6999969482422,182.2530517578125,123396700
2025-08-11,182.0500030517578,183.83999633789062,180.25,182.05999755859375,181.6146240234375,138323200
2025-08-12,182.9600067138672,184.47999572753906,179.4600067138672,183.16000366210938,182.71192932128906,145485700
2025-08-13,182.6199951171875,183.97000122070312,179.35000610351562,181.58999633789062,181.14576721191406,179871700
2025-08-14,179.75,183.02000427246094,179.4600067138672,182.02000427246094,181.57470703125,129554000
2025-08-15,181.8800048828125,181.89999389648438,178.0399932861328,180.4499969482422,180.00856018066406,156602200
2025-08-18,180.60000610351562,182.94000244140625,180.58999633789062,182.00999450683594,181.56472778320312,132008000
2025-08-19,182.42999267578125,182.5,175.49000549316406,175.63999938964844,175.2103271484375,185229200
2025-08-20,175.1699981689453,176.0,168.8000030517578,175.39999389648438,174.9709014892578,215142700
2025-08-21,174.85000610351562,176.89999389648438,173.80999755859375,174.97999572753906,174.5519256591797,140040900
2025-08-22,172.61000061035156,178.58999633789062,171.1999969482422,177.99000549316406,177.55459594726562,172789400
2025-08-25,178.35000610351562,181.91000366210938,176.57000732421875,179.80999755859375,179.37010192871094,163012800
2025-08-26,180.05999755859375,182.38999938964844,178.80999755859375,181.77000427246094,181.32533264160156,168688200
2025-08-27,181.97999572753906,182.49000549316406,179.10000610351562,181.60000610351562,181.15574645996094,235518900
2025-08-28,180.82000732421875,184.47000122070312,176.41000366210938,180.1699981689453,179.729248046875,281787800
2025-08-29,178.11000061035156,178.14999389648438,173.14999389648438,174.17999267578125,173.75389099121094,243257900
2025-09-02,170.0,172.3800048828125,167.22000122070312,170.77999877929688,170.36221313476562,231164900
2025-09-03,171.05999755859375,172.41000366210938,168.8800048828125,170.6199951171875,170.20260620117188,164424900
2025-09-04,170.57000732421875,171.86000061035156,169.41000366210938,171.66000366210938,171.24005126953125,141670100
2025-09-05,168.02999877929688,169.02999877929688,164.07000732421875,167.02000427246094,166.61143493652344,224441400
2025-09-08,167.5500030517578,170.9600067138672,167.35000610351562,168.30999755859375,167.8982696533203,163769100
2025-09-09,169.08999633789062,170.97999572753906,166.74000549316406,170.75999450683594,170.34225463867188,157548400
2025-09-10,176.63999938964844,179.2899932861328,175.47000122070312,177.3300018310547,176.8961944580078,226852000
2025-09-11,179.67999267578125,180.27999877929688,176.47999572753906,177.1699981689453,176.74656677246094,151159300
2025-09-12,177.77000427246094,178.60000610351562,176.4499969482422,177.82000732421875,177.39498901367188,124911000
2025-09-15,175.6699981689453,178.85000610351562,174.50999450683594,177.75,177.32516479492188,147061600
2025-09-16,177.0,177.5,174.3800048828125,174.8800048828125,174.46202087402344,140737800
2025-09-17,172.63999938964844,173.1999969482422,168.41000366210938,170.2899932861328,169.88299560546875,211843800
2025-09-18,173.97999572753906,177.10000610351562,172.9600067138672,176.24000549316406,175.81878662109375,191763300
2025-09-19,175.77000427246094,178.0800018310547,175.17999267578125,176.6699981689453,176.2477264404297,237182100
2025-09-22,175.3000030517578,184.5500030517578,174.7100067138672,183.61000061035156,183.17115783691406,269637000
2025-09-23,181.97000122070312,182.4199981689453,176.2100067138672,178.42999267578125,178.00352478027344,192559600
2025-09-24,179.77000427246094,179.77999877929688,175.39999389648438,176.97000122070312,176.54701232910156,143564100
2025-09-25,174.47999572753906,180.25999450683594,173.1300048828125,177.69000244140625,177.26531982421875,191586700
2025-09-26,178.1699981689453,179.77000427246094,174.92999267578125,178.19000244140625,177.7641143798828,148573700
2025-09-29,180.42999267578125,184.0,180.32000732421875,181.85000610351562,181.41537475585938,193063500
2025-09-30,182.0800018310547,187.35000610351562,181.47999572753906,186.5800018310547,186.13406372070312,236981000
2025-10-01,185.24000549316406,188.13999938964844,183.89999389648438,187.24000549316406,186.79248046875,173844900
2025-10-02,189.60000610351562,191.0500030517578,188.05999755859375,188.88999938964844,188.43853759765625,136805800
2025-10-03,189.19000244140625,190.36000061035156,185.3800048828125,187.6199951171875,187.1715545654297,137596900
2025-10-06,185.5,187.22999572753906,183.3300018310547,185.5399932861328,185.09654235839844,157678100
2025-10-07,186.22999572753906,189.05999755859375,184.0,185.0399932861328,184.5977325439453,140088000
2025-10-08,186.57000732421875,189.60000610351562,186.5399932861328,189.11000061035156,188.6580047607422,130168900
2025-10-09,192.22999572753906,195.3000030517578,191.05999755859375,192.57000732421875,192.1097412109375,182997200
2025-10-10,193.50999450683594,195.6199951171875,182.0500030517578,183.16000366210938,182.72222900390625,268774400
2025-10-13,187.97000122070312,190.11000061035156,185.9600067138672,188.32000732421875,187.86990356445312,153482800
2025-10-14,184.77000427246094,184.8000030517578,179.6999969482422,180.02999877929688,179.59970092773438,205641400
2025-10-15,184.8000030517578,184.8699951171875,177.2899932861328,179.8300018310547,179.4001922607422,214450500
2025-10-16,182.22999572753906,183.27999877929688,179.77000427246094,181.80999755859375,181.37545776367188,179723300
2025-10-17,180.17999267578125,184.10000610351562,179.75,183.22000122070312,182.7821044921875,173135200
2025-10-20,183.1300048828125,185.1999969482422,181.72999572753906,182.63999938964844,182.20347595214844,128544700
2025-10-21,182.7899932861328,182.7899932861328,179.8000030517578,181.16000366210938,180.7270050048828,124240200
2025-10-22,181.13999938964844,183.44000244140625,176.75999450683594,180.27999877929688,179.84912109375,162249600
2025-10-23,180.4199981689453,183.02999877929688,179.7899932861328,182.16000366210938,181.72462463378906,111363700
2025-10-24,183.83999633789062,187.47000122070312,183.5,186.25999450683594,185.81480407714844,131296700
2025-10-27,189.99000549316406,192.0,188.42999267578125,191.49000549316406,191.03233337402344,153452700
2025-10-28,193.0500030517578,203.14999389648438,191.91000366210938,201.02999877929688,200.54953002929688,297986200
2025-10-29,207.97999572753906,212.19000244140625,204.77999877929688,207.0399932861328,206.545166015625,308829600
2025-10-30,205.14999389648438,206.16000366210938,201.41000366210938,202.88999938964844,202.4050750732422,178864400
2025-10-31,206.4499969482422,207.97000122070312,202.07000732421875,202.49000549316406,202.0060272216797,179802200
2025-11-03,208.0800018310547,211.33999633789062,205.55999755859375,206.8800048828125,206.3855438232422,180267300
2025-11-04,203.0,203.97000122070312,197.92999267578125,198.69000244140625,198.21511840820312,188919300
2025-11-05,198.77000427246094,202.9199981689453,194.64999389648438,195.2100067138672,194.74343872070312,171350300
2025-11-06,196.4199981689453,197.6199951171875,186.3800048828125,188.0800018310547,187.63047790527344,223029800
2025-11-07,184.89999389648438,188.32000732421875,178.91000366210938,188.14999389648438,187.7003173828125,264942300
2025-11-10,195.11000061035156,199.94000244140625,193.7899932861328,199.0500030517578,198.5742645263672,198897100
2025-11-11,195.16000366210938,195.4199981689453,191.3000030517578,193.16000366210938,192.69833374023438,176483300
2025-11-12,195.72000122070312,195.88999938964844,191.1300048828125,193.8000030517578,193.33682250976562,154935300
2025-11-13,191.0500030517578,191.44000244140625,183.85000610351562,186.86000061035156,186.4133758544922,207423100
2025-11-14,182.86000061035156,191.00999450683594,180.5800018310547,190.1699981689453,189.71548461914062,186591900
2025-11-17,185.97000122070312,189.0,184.32000732421875,186.60000610351562,186.1540069580078,173628900
2025-11-18,183.3800048828125,184.8000030517578,179.64999389648438,181.36000061035156,180.92652893066406,213598900
2025-11-19,184.7899932861328,187.86000061035156,182.8300018310547,186.52000427246094,186.07418823242188,247246400
2025-11-20,195.9499969482422,196.0,179.85000610351562,180.63999938964844,180.208251953125,343504800
2025-11-21,181.24000549316406,184.55999755859375,172.92999267578125,178.8800048828125,178.45245361328125,346926200
2025-11-24,179.49000549316406,183.5,176.47999572753906,182.5500030517578,182.11370849609375,256618300
2025-11-25,174.91000366210938,178.16000366210938,169.5500030517578,177.82000732421875,177.39498901367188,320600300
2025-11-26,181.6300048828125,182.91000366210938,178.24000549316406,180.25999450683594,179.8291473388672,183852000
2025-11-28,179.00999450683594,179.2899932861328,176.5,177.0,176.5769500732422,121332800
2025-12-01,174.75999450683594,180.3000030517578,173.67999267578125,179.9199981689453,179.48997497558594,188131000
2025-12-02,181.75999450683594,185.66000366210938,180.0,181.4600067138672,181.02630615234375,182632200
2025-12-03,181.0800018310547,182.4499969482422,179.11000061035156,179.58999633789062,179.16075134277344,165138000
2025-12-04,181.6199951171875,184.52000427246094,179.9600067138672,183.3800048828125,182.951904296875,167364900
2025-12-05,183.88999938964844,184.66000366210938,180.91000366210938,182.41000366210938,181.98416137695312,143971100
2025-12-08,182.63999938964844,188.0,182.39999389648438,185.5500030517578,185.1168212890625,204378100
2025-12-09,185.55999755859375,185.72000122070312,183.32000732421875,184.97000122070312,184.53819274902344,144719700
2025-12-10,184.97000122070312,185.47999572753906,182.0399932861328,183.77999877929688,183.3509521484375,162785400
2025-12-11,180.27999877929688,181.32000732421875,176.6199951171875,180.92999267578125,180.50759887695312,182136600
2025-12-12,181.11000061035156,182.82000732421875,174.6199951171875,175.02000427246094,174.6114044189453,204274900
2025-12-15,177.94000244140625,178.4199981689453,175.02999877929688,176.2899932861328,175.87843322753906,164775600
2025-12-16,176.25999450683594,178.49000549316406,174.89999389648438,177.72000122070312,177.30511474609375,148588100
2025-12-17,176.10000610351562,176.1300048828125,170.30999755859375,170.94000244140625,170.5409393310547,222775500
2025-12-18,174.52999877929688,176.14999389648438,171.82000732421875,174.13999938964844,173.73345947265625,176096000
2025-12-19,176.6699981689453,181.4499969482422,176.33999633789062,180.99000549316406,180.56747436523438,324925900
2025-12-22,183.9199981689453,184.16000366210938,182.35000610351562,183.69000244140625,183.2611541748047,129064400
2025-12-23,182.97000122070312,189.3300018310547,182.89999389648438,189.2100067138672,188.76829528808594,174873600
2025-12-24,187.94000244140625,188.91000366210938,186.58999633789062,188.61000061035156,188.169677734375,65528500
2025-12-26,189.9199981689453,192.69000244140625,188.0,190.52999877929688,190.08518981933594,139740300
2025-12-29,187.7100067138672,188.75999450683594,185.91000366210938,188.22000122070312,187.7805938720703,120006100
2025-12-30,188.24000549316406,188.99000549316406,186.92999267578125,187.5399932861328,187.1021728515625,97687300
2025-12-31,189.57000732421875,190.55999755859375,186.49000549316406,186.5,186.0646209716797,120100500
2026-01-02,189.83999633789062,192.92999267578125,188.25999450683594,188.85000610351562,188.40911865234375,148240500
2026-01-05,191.75999450683594,193.6300048828125,186.14999389648438,188.1199951171875,187.6808319091797,183529700
2026-01-06,190.52000427246094,192.1699981689453,186.82000732421875,187.24000549316406,186.80288696289062,176862600
2026-01-07,188.57000732421875,191.3699951171875,186.55999755859375,189.11000061035156,188.6685028076172,153543200
2026-01-08,189.11000061035156,189.5500030517578,183.7100067138672,185.0399932861328,184.60801696777344,172457000
2026-01-09,185.0800018310547,186.33999633789062,183.6699981689453,184.86000061035156,184.42843627929688,131327500
2026-01-12,183.22000122070312,187.1199951171875,183.02000427246094,184.94000244140625,184.5082550048828,137968500
2026-01-13,185.0,188.11000061035156,183.39999389648438,185.80999755859375,185.376220703125,160128900
2026-01-14,184.32000732421875,184.4600067138672,180.8000030517578,183.13999938964844,182.7124481201172,159586100
2026-01-15,186.5,189.6999969482422,186.3300018310547,187.0500030517578,186.6133270263672,206188600
2026-01-16,189.0800018310547,190.44000244140625,186.0800018310547,186.22999572753906,185.79522705078125,187967200
2026-01-20,181.89999389648438,182.3800048828125,177.61000061035156,178.07000732421875,177.65428161621094,223345300
2026-01-21,179.0500030517578,185.3800048828125,178.39999389648438,183.32000732421875,182.8920440673828,200381000
2026-01-22,184.75,186.1699981689453,183.92999267578125,184.83999633789062,184.40847778320312,139636600
2026-01-23,187.5,189.60000610351562,186.82000732421875,187.6699981689453,187.23187255859375,142748100
2026-01-26,187.16000366210938,189.1199951171875,185.99000549316406,186.47000122070312,186.03468322753906,124799600
2026-01-27,187.24000549316406,190.0,185.6999969482422,188.52000427246094,188.07989501953125,143711600
2026-01-28,191.27000427246094,192.35000610351562,189.83999633789062,191.52000427246094,191.07289123535156,148552700
2026-01-29,191.33999633789062,193.47999572753906,186.05999755859375,192.50999450683594,192.06056213378906,171764400
2026-01-30,191.2100067138672,194.49000549316406,189.47000122070312,191.1300048828125,190.6837921142578,179489500
2026-02-02,187.1999969482422,190.3000030517578,184.8800048828125,185.61000061035156,185.17669677734375,165794100
2026-02-03,186.24000549316406,186.27000427246094,176.22999572753906,180.33999633789062,179.91897583007812,204019600
2026-02-04,179.4600067138672,179.5800018310547,171.91000366210938,174.19000244140625,173.78334045410156,207014100
2026-02-05,174.92999267578125,176.82000732421875,171.02999877929688,171.8800048828125,171.47872924804688,206312900
2026-02-06,176.69000244140625,187.0,174.60000610351562,185.41000366210938,184.97714233398438,231346200
2026-02-09,184.25999450683594,193.66000366210938,183.9499969482422,190.0399932861328,189.59632873535156,196387400
2026-02-10,191.3800048828125,192.47999572753906,188.1199951171875,188.5399932861328,188.09983825683594,136764800
2026-02-11,192.4499969482422,193.25999450683594,188.77000427246094,190.0500030517578,189.60633850097656,144192700
2026-02-12,193.02999877929688,193.61000061035156,186.50999450683594,186.94000244140625,186.5035858154297,189932500
2026-02-13,187.47999572753906,187.5,181.58999633789062,182.80999755859375,182.3832244873047,161888000
2026-02-17,181.75,187.14999389648438,179.17999267578125,184.97000122070312,184.53819274902344,162276900
2026-02-18,188.75,190.3699951171875,186.75999450683594,187.97999572753906,187.5411376953125,164749100
2026-02-19,187.05999755859375,188.42999267578125,185.66000366210938,187.89999389648438,187.46133422851562,126554500
2026-02-20,186.57000732421875,190.3300018310547,185.94000244140625,189.82000732421875,189.37686157226562,178422300
2026-02-23,191.39999389648438,193.9499969482422,189.5800018310547,191.5500030517578,191.1028289794922,171584800
2026-02-24,191.49000549316406,193.77000427246094,187.39999389648438,192.85000610351562,192.39979553222656,175123600
2026-02-25,194.4499969482422,197.6300048828125,193.7899932861328,195.55999755859375,195.10345458984375,250637100
2026-02-26,194.27000427246094,194.2899932861328,184.32000732421875,184.88999938964844,184.4583740234375,360807900
2026-02-27,181.25,182.58999633789062,176.3800048828125,177.19000244140625,176.77635192871094,311636500
2026-03-02,175.00999450683594,183.4600067138672,174.63999938964844,182.47999572753906,182.05398559570312,209095300
2026-03-03,178.49000549316406,180.89999389648438,176.9199981689453,180.0500030517578,179.62966918945312,178099400
2026-03-04,180.44000244140625,184.6999969482422,180.05999755859375,183.0399932861328,182.61268615722656,177731200
2026-03-05,181.1699981689453,184.05999755859375,177.8800048828125,183.33999633789062,182.9119873046875,198779700
2026-03-06,179.83999633789062,182.75999450683594,176.82000732421875,177.82000732421875,177.4048614501953,189021900
2026-03-09,176.8300018310547,182.91000366210938,175.55999755859375,182.64999389648438,182.2235870361328,177213600
2026-03-10,182.39999389648438,186.44000244140625,182.00999450683594,184.77000427246094,184.33865356445312,179118500
2026-03-11,185.91000366210938,187.6199951171875,184.4499969482422,186.02999877929688,185.60574340820312,145280400
2026-03-12,184.0500030517578,184.94000244140625,181.75,183.13999938964844,182.7223358154297,155762700
2026-03-13,184.9199981689453,186.08999633789062,179.94000244140625,180.25,179.8389434814453,160988400
2026-03-16,182.97000122070312,188.8800048828125,181.41000366210938,183.22000122070312,182.80215454101562,217307400
2026-03-17,185.05999755859375,185.39999389648438,181.67999267578125,181.92999267578125,181.51510620117188,182497800
2026-03-18,182.47999572753906,183.3800048828125,180.3300018310547,180.39999389648438,179.98858642578125,156683100
2026-03-19,178.00999450683594,179.97999572753906,175.7899932861328,178.55999755859375,178.15277099609375,170968500
2026-03-20,178.0,178.25999450683594,171.72000122070312,172.6999969482422,172.30615234375,241323500
2026-03-23,177.25999450683594,178.3699951171875,174.75999450683594,175.63999938964844,175.23944091796875,182836300
2026-03-24,174.8300018310547,176.22000122070312,173.97999572753906,175.1999969482422,174.80044555664062,147667800
2026-03-25,177.10000610351562,181.22000122070312,176.85000610351562,178.67999267578125,178.2725067138672,162602100
2026-03-26,176.07000732421875,176.50999450683594,171.13999938964844,171.24000549316406,170.8494873046875,186152200
2026-03-27,170.0,170.97000122070312,167.00999450683594,167.52000427246094,167.13796997070312,196212700
2026-03-30,168.77999877929688,169.4499969482422,164.27000427246094,165.1699981689453,164.79331970214844,185627000
2026-03-31,166.97000122070312,174.6199951171875,166.9600067138672,174.39999389648438,174.00225830078125,226181300
2026-04-01,176.0,177.3699951171875,174.75,175.75,175.34918212890625,168132000
2026-04-02,172.17999267578125,177.49000549316406,171.3699951171875,177.38999938964844,176.98545837402344,143143200
2026-04-06,177.16000366210938,177.7899932861328,175.75999450683594,177.63999938964844,177.23487854003906,107564300
2026-04-07,175.72999572753906,178.22999572753906,173.66000366210938,178.10000610351562,177.69383239746094,132534900
2026-04-08,184.5,185.25999450683594,180.3000030517578,182.0800018310547,181.66476440429688,147732700
2026-04-09,181.83999633789062,184.0800018310547,180.6199951171875,183.91000366210938,183.4906005859375,116428500
2026-04-10,184.30999755859375,190.0,184.3000030517578,188.6300048828125,188.1998291015625,160459500
2026-04-13,186.02999877929688,189.66000366210938,185.74000549316406,189.30999755859375,188.87826538085938,133648200
2026-04-14,190.83999633789062,196.50999450683594,190.77000427246094,196.50999450683594,196.0618438720703,161307000
2026-04-15,196.5399932861328,200.39999389648438,195.74000549316406,198.8699951171875,198.41647338867188,185338400
2026-04-16,197.42999267578125,199.85000610351562,195.80999755859375,198.35000610351562,197.8976593017578,134012900
2026-04-17,199.89999389648438,201.6999969482422,199.27000427246094,201.67999267578125,201.2200469970703,160324400
2026-04-20,199.97999572753906,202.1699981689453,197.83999633789062,202.05999755859375,201.59918212890625,119381400
2026-04-21,202.1300048828125,202.75,199.0,199.8800048828125,199.42417907714844,107945300
2026-04-22,200.99000549316406,202.5,199.0,202.5,202.03819274902344,107501000
2026-04-23,202.4600067138672,203.8300018310547,197.22000122070312,199.63999938964844,199.18470764160156,113561800
2026-04-24,199.9600067138672,210.9499969482422,199.80999755859375,208.27000427246094,207.79502868652344,214134400
2026-04-27,209.64999389648438,216.8300018310547,207.3800048828125,216.61000061035156,216.1160125732422,187172400
2026-04-28,209.49000549316406,214.72999572753906,208.1999969482422,213.1699981689453,212.68385314941406,180275400
2026-04-29,212.6999969482422,212.72000122070312,207.5800018310547,209.25,208.77279663085938,123711800
2026-04-30,209.92999267578125,210.3000030517578,198.6999969482422,199.57000732421875,199.1148681640625,225239200
2026-05-01,201.27999877929688,203.0,197.1199951171875,198.4499969482422,197.9974365234375,128647000
2026-05-04,199.5,201.72999572753906,194.74000549316406,198.47999572753906,198.02734375,125368100
2026-05-05,199.3000030517578,200.24000549316406,196.02999877929688,196.5,196.05186462402344,113406600
2026-05-06,199.88999938964844,208.27000427246094,198.61000061035156,207.8300018310547,207.3560333251953,188362800
2026-05-07,208.33999633789062,214.1999969482422,206.5,211.5,211.01766967773438,168307900
2026-05-08,213.02999877929688,217.8000030517578,212.88999938964844,215.1999969482422,214.709228515625,136421400
2026-05-11,214.0399932861328,222.3000030517578,213.88999938964844,219.44000244140625,218.93955993652344,160685800
2026-05-12,218.5500030517578,223.75,214.9199981689453,220.77999877929688,220.27650451660156,159176600
2026-05-13,224.92999267578125,227.83999633789062,221.57000732421875,225.8300018310547,225.3149871826172,150405400
2026-05-14,229.85000610351562,236.5399932861328,229.3000030517578,235.74000549316406,235.202392578125,180782900
2026-05-15,229.75999450683594,231.5,224.24000549316406,225.32000732421875,224.80615234375,180977600
2026-05-18,229.8699951171875,230.0,218.3699951171875,222.32000732421875,221.81300354003906,146280900
2026-05-19,219.6199951171875,224.47999572753906,217.91000366210938,220.61000061035156,220.1068878173828,140948200
2026-05-20,223.17999267578125,226.1300048828125,220.5,223.47000122070312,222.9603729248047,184201600
2026-05-21,222.2899932861328,227.39999389648438,217.92999267578125,219.50999450683594,219.0093994140625,203381800
2026-05-22,220.89999389648438,221.00999450683594,214.8000030517578,215.3300018310547,214.83892822265625,169275700
2026-05-26,216.5399932861328,218.17999267578125,212.0,214.86000061035156,214.37001037597656,187202600
2026-05-27,214.1199951171875,214.14999389648438,208.77999877929688,212.60000610351562,212.1151580810547,167601200
2026-05-28,211.27999877929688,215.52000427246094,211.22000122070312,214.25,213.7613983154297,143996000
2026-05-29,214.5800018310547,217.86000061035156,211.1300048828125,211.13999938964844,210.6584930419922,289410600
2026-06-01,215.72999572753906,224.8699951171875,215.6999969482422,224.36000061035156,223.8483428955078,212850700
2026-06-02,227.17999267578125,232.27999877929688,221.35000610351562,222.82000732421875,222.3118438720703,193362900
2026-06-03,221.72000122070312,222.82000732421875,214.50999450683594,214.75,214.26025390625,160907000
2026-06-04,213.91000366210938,221.60000610351562,210.97000122070312,218.66000366210938,218.4156036376953,169022200
2026-06-05,214.52999877929688,214.8699951171875,204.3300018310547,205.10000610351562,204.87075805664062,219655500
2026-06-08,210.17999267578125,210.47000122070312,206.0,208.63999938964844,208.40679931640625,138372800
2026-06-09,210.6199951171875,211.39999389648438,199.33999633789062,208.19000244140625,207.95730590820312,180962500
2026-06-10,204.42999267578125,207.22000122070312,199.9199981689453,200.4199981689453,200.19598388671875,161746600
2026-06-11,201.49000549316406,205.66000366210938,199.5399932861328,204.8699951171875,204.64100646972656,158643200
2026-06-12,204.86000061035156,207.07000732421875,203.44000244140625,205.19000244140625,204.96066284179688,112001800
2026-06-15,208.9199981689453,212.7100067138672,208.33999633789062,212.4499969482422,212.21253967285156,149936700
2026-06-16,211.17999267578125,211.49000549316406,207.2899932861328,207.41000366210938,207.1781768798828,125694100
2026-06-17,208.52999877929688,209.2100067138672,203.0800018310547,204.64999389648438,204.42124938964844,128363500
2026-06-18,207.3300018310547,211.38999938964844,206.5,210.69000244140625,210.4545135498047,241272000
2026-06-22,211.44000244140625,213.99000549316406,207.72000122070312,208.64999389648438,208.41677856445312,122041400
2026-06-23,202.1699981689453,203.77000427246094,200.0,200.0399932861328,199.81640625,153496200
2026-06-24,200.1199951171875,201.6699981689453,196.5800018310547,199.0,198.77757263183594,151810700
2026-06-25,200.0800018310547,200.8000030517578,192.1300048828125,195.74000549316406,195.52122497558594,149550000
2026-06-26,193.1199951171875,195.5500030517578,191.22000122070312,192.52999877929688,192.31480407714844,179304100
2026-06-29,193.85000610351562,196.17999267578125,189.8000030517578,194.97000122070312,194.7520751953125,148835700
2026-06-30,197.24000549316406,200.6300048828125,195.11000061035156,200.08999633789062,199.86634826660156,166476700
2026-07-01,196.1999969482422,199.85000610351562,193.4499969482422,197.5800018310547,197.35916137695312,146147600
2026-07-02,197.13999938964844,200.05999755859375,192.35000610351562,194.8300018310547,194.61224365234375,142068700
2026-07-06,194.4199981689453,197.5500030517578,193.99000549316406,195.5500030517578,195.33143615722656,108999000
2026-07-07,192.3699951171875,198.41000366210938,191.13999938964844,196.92999267578125,196.7098846435547,124154600
2026-07-08,195.17999267578125,205.16000366210938,195.05999755859375,204.1199951171875,203.891845703125,147419100
2026-07-09,204.4600067138672,204.58999633789062,198.9600067138672,202.77999877929688,202.5533447265625,132037400
2026-07-10,202.0,211.0,201.9199981689453,210.9600067138672,210.72421264648438,148421000
2026-07-13,208.5399932861328,210.57000732421875,203.0,203.52999877929688,203.30250549316406,121411000
2026-07-14,208.1999969482422,212.5500030517578,203.8000030517578,211.8000030517578,211.5632781982422,124379600
2026-07-15,211.9600067138672,213.80999755859375,206.0399932861328,212.5,212.26248168945312,124797200
2026-07-16,210.1699981689453,211.0800018310547,205.85000610351562,207.39999389648438,207.16818237304688,122986100
2026-07-17,202.63999938964844,206.64999389648438,197.97000122070312,202.80999755859375,202.58331298828125,144281900
2026-07-20,205.8699951171875,207.74000549316406,202.27999877929688,203.27999877929688,203.05279541015625,88701500
2026-07-21,207.5399932861328,208.64999389648438,204.00999450683594,207.2899932861328,207.0583038330078,108685600
2026-07-22,205.80999755859375,214.38999938964844,204.9499969482422,212.05999755859375,211.82298278808594,137645600
2026-07-23,209.4600067138672,210.8699951171875,205.9600067138672,208.75999450683594,208.5266571044922,110505300
2026-07-24,207.4499969482422,211.91000366210938,204.80999755859375,206.83999633789062,206.6088104248047,114836800
2026-07-27,208.1999969482422,208.75,195.44000244140625,196.50999450683594,196.2903594970703,154353700
2026-07-28,195.0,198.6999969482422,192.74000549316406,197.00999450683594,196.789794921875,134111500
2026-07-29,195.85000610351562,197.07000732421875,190.00999450683594,190.00999450683594,189.79762268066406,147680800
2026-07-30,193.4499969482422,197.25,191.52000427246094,195.0399932861328,194.82199096679688,129010200
2026-07-31,198.44000244140625,202.0,194.9499969482422,200.75,200.52561950683594,139961200
2026-08-03,197.69000244140625,208.74000549316406,196.85000610351562,206.63999938964844,206.40904235839844,128406900
2026-08-04,211.3000030517578,213.05999755859375,209.0500030517578,211.94000244140625,211.70310974121094,134922000
2026-08-05,216.86000061035156,222.22000122070312,216.39999389648438,219.22000122070312,218.9749755859375,158187400
2026-08-06,221.52999877929688,223.6300048828125,217.0,218.99000549316406,218.7452392578125,113940600
2026-08-07,221.5399932861328,224.75999450683594,220.66000366210938,223.9600067138672,223.70968627929688,105669400
2026-08-10,223.39999389648438,224.13999938964844,216.77000427246094,217.5500030517578,217.3068389892578,115846600
2026-08-11,222.1699981689453,222.1999969482422,216.1999969482422,217.5,217.25689697265625,101273100
2026-08-12,221.0399932861328,225.10000610351562,220.1999969482422,224.08999633789062,223.8395233154297,108783600
2026-08-13,225.05999755859375,227.22999572753906,223.7100067138672,225.3000030517578,225.04818725585938,98867200
2026-08-14,226.77000427246094,227.49000549316406,224.5,225.16000366210938,224.90834045410156,75680900
2026-08-17,225.97999572753906,227.9199981689453,224.86000061035156,225.00999450683594,224.7584991455078,93678700
2026-08-18,220.4499969482422,221.63999938964844,218.69000244140625,219.74000549316406,219.49440002441406,103128200
2026-08-19,221.6699981689453,222.8699951171875,216.75999450683594,217.55999755859375,217.31683349609375,96797300
2026-08-20,218.36000061035156,219.86000061035156,215.66000366210938,216.85000610351562,216.60763549804688,92457000
2026-08-21,218.4199981689453,218.74000549316406,214.5,214.72000122070312,214.48001098632812,98869300
2026-08-24,215.52999877929688,215.58999633789062,207.25,208.47999572753906,208.24697875976562,135187300
2026-08-25,211.02999877929688,214.72999572753906,210.11000061035156,213.0500030517578,212.81187438964844,122309000
2026-08-26,212.63999938964844,213.60000610351562,209.22999572753906,209.66000366210938,209.4256591796875,179900000
2026-08-27,222.86000061035156,230.47000122070312,220.89999389648438,227.97999572753906,227.7251739501953,298909800
2026-08-28,227.36000061035156,229.25999450683594,216.80999755859375,217.5500030517578,217.3068389892578,195116400
2026-08-31,218.8699951171875,221.3000030517578,216.2100067138672,220.77999877929688,220.53323364257812,124702700
2026-09-01,216.75,220.41000366210938,215.10000610351562,217.44000244140625,217.1969757080078,109756200
2026-09-02,218.7899932861328,227.9499969482422,218.47999572753906,224.41000366210938,224.1591796875,157104700
2026-09-03,226.02000427246094,230.39999389648438,224.75,228.4499969482422,228.1946563720703,134681600
2026-09-04,231.08999633789062,234.75999450683594,229.6300048828125,230.36000061035156,230.10252380371094,135352400
2026-09-08,233.11000061035156,233.7100067138672,224.85000610351562,225.72999572753906,225.47769165039062,122965600
2026-09-09,225.27999877929688,226.17999267578125,223.4600067138672,223.6699981689453,223.4199981689453,82955500
2026-09-10,220.52999877929688,220.99000549316406,217.1999969482422,218.36000061035156,218.36000061035156,105768000
2026-09-11,221.24000549316406,222.0,218.14999389648438,218.2899932861328,218.2899932861328,89060100
2026-09-14,211.24000549316406,212.77000427246094,208.92999267578125,210.9600067138672,210.9600067138672,132267200
2026-09-15,213.3800048828125,213.94000244140625,211.16000366210938,212.1699981689453,212.1699981689453,88059700
2026-09-16,214.13999938964844,216.75999450683594,212.5,213.89999389648438,213.89999389648438,96563600
2026-09-17,218.3800048828125,219.91000366210938,217.14999389648438,219.33999633789062,219.33999633789062,94191300
2026-09-18,219.35000610351562,222.72999572753906,218.02999877929688,222.27000427246094,222.27000427246094,190287400
2026-09-21,222.94000244140625,228.5,221.55999755859375,227.3800048828125,227.3800048828125,109806100
2026-09-22,226.85000610351562,229.97999572753906,226.5,228.8699951171875,228.8699951171875,95746700
2026-09-23,228.02999877929688,228.9499969482422,224.02000427246094,225.50999450683594,225.50999450683594,89547300
2026-09-24,222.0800018310547,224.94000244140625,221.08999633789062,224.5800018310547,224.5800018310547,77469900
2026-09-25,225.1300048828125,226.94000244140625,223.1300048828125,225.07000732421875,225.07000732421875,89947700
2026-09-28,229.75,233.2100067138672,228.0399932861328,228.86000061035156,228.86000061035156,142344300
2026-09-29,230.97000122070312,232.82000732421875,227.02999877929688,227.2100067138672,227.2100067138672,101494900
2026-09-30,229.27000427246094,232.3699951171875,228.1699981689453,228.3800048828125,228.3800048828125,121732200
2026-10-01,229.97999572753906,232.2899932861328,228.16000366210938,230.86000061035156,230.86000061035156,98591400
2026-10-02,236.05999755859375,237.8800048828125,233.60000610351562,233.9499969482422,233.9499969482422,135167800
2026-10-05,236.08999633789062,240.10000610351562,235.14999389648438,238.89999389648438,238.89999389648438,126639900
